USE master
GO
 
SET NOCOUNT ON
IF EXISTS (SELECT * FROM sys.databases WHERE name = 'QLHS')
BEGIN
           	DROP DATABASE QLHS
END
GO
 
CREATE DATABASE QLHS
GO
 
USE QLHS
GO
 
CREATE TABLE ROLES(
           	IdROLE int NOT NULL,
           	nameROLE nvarchar(100) NOT NULL,
           	CONSTRAINT PK_ROLES PRIMARY KEY (IdROLE)
)
 
CREATE TABLE LISTPROCESS (
           	IdLP int NOT NULL,
           	nameLP nvarchar(100),
           	CONSTRAINT PK_LISTPROCESS PRIMARY KEY (IdLP)
)
 
CREATE TABLE ACCESSESS(
           	IdROLE int NOT NULL,
           	IdLP int NOT NULL,
           	CONSTRAINT PK_ACCESS PRIMARY KEY (IdROLE, IdLP)
)
 
CREATE TABLE USERS(
           	IdUser int NOT NULL,
           	IdROLE int NOT NULL,
           	pwd nvarchar(100) NOT NULL,
           	CONSTRAINT PK_USERS PRIMARY KEY (IdUser)
)
 
CREATE TABLE TINH (
           	MAT varchar(10) NOT NULL,
           	TENTINH NVARCHAR(100),
           	CONSTRAINT PK_TINH PRIMARY KEY (MAT)
)
 
CREATE TABLE LOAITRUONG (
           	MALOP varchar(8) NOT NULL,
           	TENL varchar(100) NOT NULL,
           	CONSTRAINT PK_LT PRIMARY KEY (MALOP)
)
 
CREATE TABLE HK_NH(
           	MAHK_NH VARCHAR(15) PRIMARY KEY,
           	HOCKY NVARCHAR(10),
           	NAMHOC VARCHAR(12),
           	NGAYBD DATE,
           	NGAYKT DATE
)
 
CREATE TABLE HUYEN (
           	MAH varchar(15) NOT NULL,
           	TEN nvarchar(1024) NULL,
           	CONSTRAINT PK_HUYEN PRIMARY KEY (MAH)
)
 
CREATE TABLE TRUONG (
           	MATRUONG varchar(15) NOT NULL,
           	TENTR nvarchar(1024) NULL,
           	DCHITR nvarchar(1024) NULL,
           	SDTTR varchar(10) NULL,
           	EMAILTR varchar(256) NULL,
           	MAH varchar(15) NOT NULL,
           	MALOP varchar(8) NOT NULL,
           	CONSTRAINT PK_TRUONG PRIMARY KEY (MATRUONG)
)
 
CREATE TABLE LOP(
           	MALOP varchar(15) NOT NULL,
           	KHOI varchar(2) NOT NULL,
           	MATRUONG varchar(15) NOT NULL,
           	CONSTRAINT PK_LOP PRIMARY KEY (MALOP)
)
 
CREATE TABLE TRINHDO(
           	MaTD VARCHAR(10) NOT NULL,
           	TenTD nvarchar(50) NOT NULL,
           	MoTa NVARCHAR(255) NOT NULL,
           	CONSTRAINT PK_TRINHDO PRIMARY KEY (MaTD)
)
 
CREATE TABLE CHUYENMON(
           	MACM VARCHAR(10) NOT NULL PRIMARY KEY,
           	TenCM nvarchar(50) NOT NULL,
           	MoTa NVARCHAR(255) NOT NULL
)
 
CREATE TABLE GIAOVIEN(
           	MAGV varchar (15) NOT NULL,
           	HOTEN nvarchar (1024) NULL,
           	NGAYSINH date NULL,
           	GIOITINH bit  NULL,
           	DCHI nvarchar (1024) NULL,
           	SDTGV varchar (10) NULL,
           	EMAIL varchar (256) NULL,
           	NGAYDBGD date NOT NULL,
           	MATRUONG varchar(15) NOT NULL,
           	MATD VARCHAR(10),
           	MACM VARCHAR(10),
           	CONSTRAINT PK_GIAOVIEN PRIMARY KEY (MAGV)
)
 
CREATE TABLE GVCN(
           	MAGV varchar (15) NOT NULL,
           	MALOP varchar (15) NOT NULL,
           	MAHK_NH varchar (15) NOT NULL,
           	CONSTRAINT PK_GVCN PRIMARY KEY (MAGV,MALOP,MAHK_NH)
)
 
CREATE TABLE PHUHUYNH(
           	MAPH varchar(15) NOT NULL,
           	HOTEN nvarchar(1024) NULL,
           	QUANHE nvarchar(1024) NULL,
           	DCHI nvarchar(1024) NULL,
           	SDTPH varchar(10) NULL,
           	EMAIL varchar(256) NULL,
           	CONSTRAINT PK_PHUHUYNH PRIMARY KEY (MAPH)
)
 
CREATE TABLE HOCSINH (
           	MAHS varchar(15) NOT NULL,
           	HOTEN nvarchar(1024) NULL,
           	NGAYSINH date NULL,
           	GIOITINH bit NULL,
           	DCHI nvarchar(1024) NULL,
           	NOISINH varchar(10) NOT NULL,
           	CONSTRAINT PK_HS PRIMARY KEY (MAHS)
)
 
CREATE TABLE PH_HS (
           	MAPH varchar(15) NOT NULL,
           	MAHS varchar(15) NOT NULL,
           	CONSTRAINT PK_PHSH PRIMARY KEY (MAPH, MAHS)
)
 
CREATE TABLE HOCSINH_LOP (
           	MAHS VARCHAR(15) NOT NULL,
           	MALOP VARCHAR(15) NOT NULL,
           	MAHK_NH varchar(15) NOT NULL,
           	PRIMARY KEY (MAHS, MALOP, MAHK_NH)
)
 
CREATE TABLE MONHOC(
           	MAMON varchar(15) NOT NULL,
           	TENMON nvarchar(1024) NOT NULL,
           	CONSTRAINT PK_MON PRIMARY KEY (MAMON)
)
 
CREATE TABLE PHANCONGGVBM(
           	MALOP varchar(15) NOT NULL,
           	MAMON varchar(15) NOT NULL,
           	MAHKNH varchar(15) NOT NULL,
           	MAGV varchar(15) NOT NULL,
           	CONSTRAINT PK_PH PRIMARY KEY(MALOP,MAMON,MAHKNH,MAGV)
)
 
CREATE TABLE DIEMMH(
           	MAHS varchar(15) NOT NULL,
           	MAMON varchar(15) NOT NULL,
           	HK_NH varchar(15) NOT NULL,     	
           	DiemHK1 float,
           	DiemHK2 float,
           	DiemCN float,
           	CONSTRAINT PK_DIEMMH PRIMARY KEY (MAHS, MAMON, HK_NH)
)
 
CREATE TABLE HOCBA(
           	MAHS varchar(15) NOT NULL,
           	MAHK_NH varchar(15) NOT NULL,
           	DIEMCN float NULL,
           	HANHKIEM nvarchar(1024) NULL,
           	XEPLOAI nvarchar(50) NULL,
           	CONSTRAINT PK_HOCBA PRIMARY KEY (MAHS, MAHK_NH)
)
 
CREATE TABLE LOAIKHENTHUONG (
           	MAKT varchar(15) NOT NULL,
           	TENKT nvarchar(1024) NULL,
           	CONSTRAINT PK_LOAIKHENTHUONG PRIMARY KEY (MAKT)
)
 
CREATE TABLE HSKHENTHUONG(
           	MAKT varchar(15) NOT NULL,
           	MAHS varchar(15) NOT NULL,
           	MAHK_NH varchar(15) NOT NULL,
           	HINHTHUC nvarchar(1024) NULL,
           	CONSTRAINT PK_HSKHENTHUONG PRIMARY KEY (MAKT, MAHS, MAHK_NH)
)
 
CREATE TABLE KQHTMHHK(
           	MAHS varchar(15),
           	MALOP varchar(15),
           	MAHK varchar(15),
           	MAMON varchar(15),
           	DIEMHK1 float,
           	DIEMHK2 float,
           	DIEMCN float NOT NULL,
           	NHANXETGVBM nvarchar(255),
           	GHICHU nvarchar(255),
           	CONSTRAINT PK_KQHTMHHK PRIMARY KEY (MAHS,MALOP,MAHK,MAMON)
)
 
CREATE TABLE KQCN(
           	MAHS varchar(15),
           	MALOP varchar(15),
           	NAMHOC int,
           	DIEMCN float NOT NULL,
           	NHANXETGVCN nvarchar(255),
           	GHICHU nvarchar(255),
           	CONSTRAINT PK_KQCN PRIMARY KEY (MAHS,MALOP)
)
 
ALTER TABLE ACCESSESS ADD
           	CONSTRAINT FK_ACCESS_ROLE FOREIGN KEY (IdROLE)
    	   	REFERENCES ROLES(IdROLE),
           	CONSTRAINT FK_ACCESS_LP FOREIGN KEY (IdLP)
    	   	REFERENCES LISTPROCESS(IdLP)
 
ALTER TABLE USERS ADD
           	CONSTRAINT FK_USER_ROLE FOREIGN KEY (IdROLE)
    	   	REFERENCES ROLES(IdROLE)
 
ALTER TABLE TRUONG ADD
           	CONSTRAINT FK_TRUONG_HUYEN FOREIGN KEY (MAH)
    	   	REFERENCES HUYEN(MAH)
        	   ON DELETE CASCADE
        	   ON UPDATE CASCADE,
           	CONSTRAINT FK_TRUONG_LOAITRUONG FOREIGN KEY (MALOP)
    	   	REFERENCES LOAITRUONG(MALOP)
        	   ON DELETE CASCADE
        	   ON UPDATE CASCADE
 
ALTER TABLE LOP ADD
           	CONSTRAINT FK_LOP_TRUONG FOREIGN KEY (MATRUONG)
    	   	REFERENCES TRUONG(MATRUONG)
        	   ON DELETE CASCADE
        	   ON UPDATE CASCADE
 
ALTER TABLE GIAOVIEN ADD
           	CONSTRAINT FK_GV_TRUONG FOREIGN KEY (MATRUONG)
    	   	REFERENCES TRUONG(MATRUONG)
        	   ON DELETE CASCADE
        	   ON UPDATE CASCADE,
           	CONSTRAINT FK_GV_TD FOREIGN KEY (MATD)
    	   	REFERENCES TRINHDO(MaTD)
        	   ON DELETE CASCADE
        	   ON UPDATE CASCADE,
           	CONSTRAINT FK_GV_CM FOREIGN KEY (MACM)
    	   	REFERENCES CHUYENMON(MACM)
        	   ON DELETE CASCADE
        	   ON UPDATE CASCADE
 
ALTER TABLE GVCN ADD
           	CONSTRAINT FK_GVCN_GV FOREIGN KEY (MAGV)
    	   	REFERENCES GIAOVIEN(MAGV)
        	   ON DELETE CASCADE
        	   ON UPDATE CASCADE,
           	CONSTRAINT FK_GVCN_L FOREIGN KEY (MALOP)
    	   	REFERENCES LOP(MALOP)
        	   ON DELETE NO ACTION
        	   ON UPDATE NO ACTION,
           	CONSTRAINT FK_GVCN_HK FOREIGN KEY (MAHK_NH)
    	   	REFERENCES HK_NH(MAHK_NH)
        	   ON DELETE CASCADE
        	   ON UPDATE CASCADE
 
ALTER TABLE HOCSINH ADD
           	CONSTRAINT FK_HS_NOISINH FOREIGN KEY (NOISINH)
    	   	REFERENCES TINH(MAT)
        	   ON DELETE CASCADE
        	   ON UPDATE CASCADE
 
ALTER TABLE PH_HS ADD
           	CONSTRAINT FK_PHHS_PH FOREIGN KEY (MAPH)
    	   	REFERENCES PHUHUYNH(MAPH)
        	   ON DELETE CASCADE
        	   ON UPDATE CASCADE,
           	CONSTRAINT FK_PHHS_HS FOREIGN KEY (MAHS)
    	   	REFERENCES HOCSINH(MAHS)
        	   ON DELETE CASCADE
        	   ON UPDATE CASCADE
 
ALTER TABLE HOCSINH_LOP ADD
           	CONSTRAINT FK_HSL_HS FOREIGN KEY (MAHS)
    	   	REFERENCES HOCSINH(MAHS)
        	   ON DELETE CASCADE
        	   ON UPDATE CASCADE,
           	CONSTRAINT FK_HSL_L FOREIGN KEY (MALOP)
    	   	REFERENCES LOP(MALOP)
        	   ON DELETE CASCADE
        	   ON UPDATE CASCADE,
           	CONSTRAINT FK_HSL_HK_NH FOREIGN KEY (MAHK_NH)
    	   	REFERENCES HK_NH(MAHK_NH)
        	   ON DELETE CASCADE
        	   ON UPDATE CASCADE
 
ALTER TABLE PHANCONGGVBM ADD
           	CONSTRAINT FK_PC_LOP FOREIGN KEY (MALOP)
    	   	REFERENCES LOP(MALOP)
        	   ON DELETE CASCADE
        	   ON UPDATE CASCADE,
           	CONSTRAINT FK_PC_MON FOREIGN KEY (MAMON)
    	   	REFERENCES MONHOC(MAMON)
        	   ON DELETE CASCADE
        	   ON UPDATE CASCADE,
           	CONSTRAINT FK_PC_GV FOREIGN KEY (MAGV)
    	   	REFERENCES GIAOVIEN(MAGV)
        	   ON DELETE NO ACTION
        	   ON UPDATE NO ACTION,
           	CONSTRAINT FK_PC_HK FOREIGN KEY (MAHKNH)
    	   	REFERENCES HK_NH(MAHK_NH)
        	   ON DELETE CASCADE
        	   ON UPDATE CASCADE
 
ALTER TABLE DIEMMH ADD
           	CONSTRAINT FK_DIEMMH_HOCSINH FOREIGN KEY (MAHS)
    	   	REFERENCES HOCSINH(MAHS)
        	   ON DELETE CASCADE
        	   ON UPDATE CASCADE,
           	CONSTRAINT FK_DIEMMH_HK_NH FOREIGN KEY (HK_NH)
    	   	REFERENCES HK_NH(MAHK_NH)
        	   ON DELETE CASCADE
        	   ON UPDATE CASCADE,
           	CONSTRAINT FK_DIEMMH_MONHOC FOREIGN KEY (MAMON)
    	   	REFERENCES MONHOC(MAMON)
        	   ON DELETE CASCADE
        	   ON UPDATE CASCADE
 
ALTER TABLE HSKHENTHUONG ADD
           	CONSTRAINT FK_HSKT_KT FOREIGN KEY (MAKT)
    	   	REFERENCES LOAIKHENTHUONG(MAKT)
        	   ON DELETE CASCADE
        	   ON UPDATE CASCADE,
           	CONSTRAINT FK_HSKT_HS FOREIGN KEY (MAHS)
    	   	REFERENCES HOCSINH(MAHS)
        	   ON DELETE CASCADE
        	   ON UPDATE CASCADE,
           	CONSTRAINT FK_HSKT_HK_NH FOREIGN KEY (MAHK_NH)
    	   	REFERENCES HK_NH(MAHK_NH)
        	   ON DELETE CASCADE
        	   ON UPDATE CASCADE
 
ALTER TABLE HOCBA ADD
           	CONSTRAINT FK_HOCBA_HOCSINH FOREIGN KEY (MAHS)
    	   	REFERENCES HOCSINH(MAHS)
        	   ON DELETE CASCADE
        	   ON UPDATE CASCADE,
           	CONSTRAINT FK_HOCBA_HK_NH FOREIGN KEY (MAHK_NH)
    	   	REFERENCES HK_NH(MAHK_NH)
        	   ON DELETE CASCADE
        	   ON UPDATE CASCADE
 
ALTER TABLE KQHTMHHK ADD
           	CONSTRAINT PK_KQHTMHHK_HS FOREIGN KEY (MAHS)
    	   	REFERENCES HOCSINH (MAHS)
        	   ON DELETE CASCADE
        	   ON UPDATE CASCADE,
           	CONSTRAINT PK_KQHTMHHK_LOP FOREIGN KEY (MALOP)
    	   	REFERENCES LOP(MALOP)
        	   ON DELETE CASCADE
        	   ON UPDATE CASCADE,
           	CONSTRAINT PK_KQHTMHHK_HK_NH FOREIGN KEY (MAHK)
    	   	REFERENCES HK_NH(MAHK_NH)
        	   ON DELETE CASCADE
        	   ON UPDATE CASCADE,
           	CONSTRAINT PK_KQHTMHHK_MON FOREIGN KEY (MAMON)
    	   	REFERENCES MONHOC(MAMON)
        	   ON DELETE CASCADE
        	   ON UPDATE CASCADE
 
ALTER TABLE KQCN ADD
           	CONSTRAINT PK_KQCN_HS FOREIGN KEY (MAHS)
    	   	REFERENCES HOCSINH (MAHS),
           	CONSTRAINT PK_KQCN_LOP FOREIGN KEY (MALOP)
    	   	REFERENCES LOP(MALOP)
 
 
INSERT INTO HUYEN VALUES ('TPVL', N'Thành phố Vĩnh Long');
INSERT INTO HUYEN VALUES ('TXBM', N'Thị xã Bình Minh');
INSERT INTO HUYEN VALUES ('HLH', N'Long Hồ');
INSERT INTO HUYEN VALUES ('HMT', N'Mang Thít');
INSERT INTO HUYEN VALUES ('HVL', N'Vũng Liêm');
INSERT INTO HUYEN VALUES ('HTB', N'Tam Bình');
INSERT INTO HUYEN VALUES ('HTO', N'Trà Ôn');
INSERT INTO HUYEN VALUES ('HBT', N'Bình Tân');
INSERT INTO TINH VALUES ('VL', N'Vĩnh Long');
INSERT INTO TINH VALUES ('TG', N'Tiền Giang');
INSERT INTO TINH VALUES ('HCM', N'Hồ Chí Minh');
INSERT INTO TINH VALUES ('BL', N'Bạc Liêu');
INSERT INTO TINH VALUES ('CT', N'Cần Thơ');
INSERT INTO TINH VALUES ('CM', N'Cà Mau');
INSERT INTO TINH VALUES ('SD', N'Sa Đéc');
INSERT INTO TINH VALUES ('LA', 'Long An');
INSERT INTO TINH VALUES ('AG', 'Ang Giang');
INSERT INTO LOAITRUONG VALUES ('MN', N'Mầm non');
INSERT INTO LOAITRUONG VALUES ('TH', N'Tiểu học');
INSERT INTO LOAITRUONG VALUES ('THCS', N'Trung học cơ sở');
INSERT INTO LOAITRUONG VALUES ('THPT', N'Trung học phổ thông');
INSERT INTO LOAITRUONG VALUES ('DH', N'Đại học');
INSERT INTO LOAITRUONG VALUES ('CD', N'Cao đẳng');
INSERT INTO TRINHDO VALUES ('TC', N'Trung cấp', 'NULL');
INSERT INTO TRINHDO VALUES ('CD', N'Cao đẳng', 'NULL');
INSERT INTO TRINHDO VALUES ('DH', N'Đại học', 'NULL');
INSERT INTO TRINHDO VALUES ('THS', N'Thạc sĩ', 'NULL');
INSERT INTO TRINHDO VALUES ('TS', N'Tiến sĩ', 'NULL');
INSERT INTO CHUYENMON VALUES ('CMCB', N'Chuyên môn các môn cơ bản', N'Toán , Ngữ Văn , Anh Văn');
INSERT INTO CHUYENMON VALUES ('CMTN', N'Chuyên môn các môn tự nhiên', N'Vật lý, Hóa học, Sinh học');
INSERT INTO CHUYENMON VALUES ('CMXH', N'Chuyên môn các môn xã hội', N'Lịch sử, Địa lý, GDCD');
INSERT INTO MONHOC VALUES ('TOAN', N'Toán học');
INSERT INTO MONHOC VALUES ('NGUVAN', N'Ngữ văn');
INSERT INTO MONHOC VALUES ('TIENGANH', N'Tiếng Anh');
INSERT INTO MONHOC VALUES ('LICHSU', N'Lịch sử');
INSERT INTO MONHOC VALUES ('DIALY', N'Địa lý');
INSERT INTO MONHOC VALUES ('SINHHOC', N'Sinh học');
INSERT INTO MONHOC VALUES ('HOAHOC', N'Hóa học');
INSERT INTO MONHOC VALUES ('VATLY', N'Vật lý');
INSERT INTO HK_NH VALUES ('9900HK1', '1', '1999 - 2000', '2019-08-01', '2019-12-31');
INSERT INTO HK_NH VALUES ('9900HK2', '2', '1999 - 2000', '2000-01-01', '2015-05-31');
INSERT INTO HK_NH VALUES ('1516HK1', '1', '2015 - 2016', '2015-01-01', '2015-06-30');
INSERT INTO HK_NH VALUES ('1516HK2', '2', '2015 - 2016', '2015-01-07', '2015-12-31');
INSERT INTO HK_NH VALUES ('1617HK1', '1', '2016 - 2017', '2016-01-01', '2016-06-30');
INSERT INTO HK_NH VALUES ('1617HK2', '2', '2016 - 2017', '2016-01-07', '2016-12-31');
INSERT INTO HK_NH VALUES ('1718HK1', '1', '2017 - 2018', '2017-01-01', '2017-06-30');
INSERT INTO HK_NH VALUES ('1718HK2', '2', '2017 - 2018', '2017-01-07', '2017-12-31');
INSERT INTO HK_NH VALUES ('1819HK1', '1', '2018 - 2019', '2018-01-01', '2018-06-30');
INSERT INTO HK_NH VALUES ('1819HK2', '2', '2018 - 2019', '2018-01-07', '2018-12-31');
INSERT INTO HK_NH VALUES ('1920HK1', '1', '2019 - 2020', '2019-01-01', '2019-06-30');
INSERT INTO HK_NH VALUES ('1920HK2', '2', '2019 - 2020', '2019-01-07', '2019-12-31');
INSERT INTO HK_NH VALUES ('2021HK1', '1', '2020 - 2021', '2020-01-01', '2020-06-30');
INSERT INTO HK_NH VALUES ('2021HK2', '2', '2020 - 2021', '2020-01-07', '2020-12-31');
INSERT INTO HK_NH VALUES ('2122HK1', '1', '2021 - 2022', '2021-01-01', '2021-06-30');
INSERT INTO HK_NH VALUES ('2122HK2', '2', '2021 - 2022', '2021-01-07', '2021-12-31');
INSERT INTO HK_NH VALUES ('2223HK1', '1', '2022 - 2023', '2022-01-01', '2022-06-30');
INSERT INTO HK_NH VALUES ('2223HK2', '2', '2022 - 2023', '2022-01-07', '2022-12-31');
INSERT INTO HK_NH VALUES ('2324HK1', '1', '2023 - 2024', '2023-05-09', '2023-06-30');
INSERT INTO HK_NH VALUES ('2324HK2', '2', '2023 - 2024', '2023-01-15', '2023-12-31');
--top
INSERT INTO TRUONG VALUES ('GDTXVL', N'GDTX Vĩnh Long', N'118C - Trần Phú - F4 - TP Vĩnh Long Vĩnh Long', '1122334455', 'gdtxvl@edu.vn', 'TPVL', 'THPT');
INSERT INTO LOP VALUES ('GDTX10N1', '10', 'GDTXVL');
INSERT INTO LOP VALUES ('GDTX10N2', '10', 'GDTXVL');
INSERT INTO LOP VALUES ('GDTX10N3', '10', 'GDTXVL');
INSERT INTO LOP VALUES ('GDTX10N4', '10', 'GDTXVL');
INSERT INTO LOP VALUES ('GDTX10N5', '10', 'GDTXVL');
INSERT INTO LOP VALUES ('GDTX10D1', '10', 'GDTXVL');
INSERT INTO LOP VALUES ('GDTX10D2', '10', 'GDTXVL');
INSERT INTO LOP VALUES ('GDTX10D3', '10', 'GDTXVL');
INSERT INTO LOP VALUES ('GDTX10D4', '10', 'GDTXVL');
INSERT INTO LOP VALUES ('GDTX10D5', '10', 'GDTXVL');
INSERT INTO LOP VALUES ('GDTX11N1', '11', 'GDTXVL');
INSERT INTO LOP VALUES ('GDTX11N2', '11', 'GDTXVL');
INSERT INTO LOP VALUES ('GDTX11N3', '11', 'GDTXVL');
INSERT INTO LOP VALUES ('GDTX11N4', '11', 'GDTXVL');
INSERT INTO LOP VALUES ('GDTX11N5', '11', 'GDTXVL');
INSERT INTO LOP VALUES ('GDTX11D1', '11', 'GDTXVL');
INSERT INTO LOP VALUES ('GDTX11D2', '11', 'GDTXVL');
INSERT INTO LOP VALUES ('GDTX11D3', '11', 'GDTXVL');
INSERT INTO LOP VALUES ('GDTX11D4', '11', 'GDTXVL');
INSERT INTO LOP VALUES ('GDTX11D5', '11', 'GDTXVL');
INSERT INTO LOP VALUES ('GDTX12N1', '12', 'GDTXVL');
INSERT INTO LOP VALUES ('GDTX12N2', '12', 'GDTXVL');
INSERT INTO LOP VALUES ('GDTX12N3', '12', 'GDTXVL');
INSERT INTO LOP VALUES ('GDTX12N4', '12', 'GDTXVL');
INSERT INTO LOP VALUES ('GDTX12N5', '12', 'GDTXVL');
INSERT INTO LOP VALUES ('GDTX12D1', '12', 'GDTXVL');
INSERT INTO LOP VALUES ('GDTX12D2', '12', 'GDTXVL');
INSERT INTO LOP VALUES ('GDTX12D3', '12', 'GDTXVL');
INSERT INTO LOP VALUES ('GDTX12D4', '12', 'GDTXVL');
INSERT INTO LOP VALUES ('GDTX12D5', '12', 'GDTXVL');
INSERT INTO PHUHUYNH VALUES ('GDTXVLPH0001', N'Ung Hải Bằng ', 'Cha', N'Vĩnh Long', '1891223973', 'UngHaiBang@gmail.com');
INSERT INTO PHUHUYNH VALUES ('GDTXVLPH0002', N'Uông Thành Ðạt ', 'Cha', N'Vĩnh Long', '9077902862', 'UongThanhÐat@gmail.com');
INSERT INTO PHUHUYNH VALUES ('GDTXVLPH0003', N'Khiếu Phúc Ðiền ', 'Cha', N'Vĩnh Long', '5072566913', 'KhieuPhucÐien@gmail.com');
INSERT INTO PHUHUYNH VALUES ('GDTXVLPH0004', N'Phi Thiện Ðức ', 'Cha', N'Vĩnh Long', '7329541071', 'PhiThienÐuc@gmail.com');
INSERT INTO PHUHUYNH VALUES ('GDTXVLPH0005', N'Lò Tuấn Dũng ', 'Cha', N'Vĩnh Long', '3058171079', 'LoTuanDung@gmail.com');
INSERT INTO PHUHUYNH VALUES ('GDTXVLPH0006', N'Đường Gia Hiệp ', 'Cha', N'Vĩnh Long', '8404032604', 'DuongGiaHiep@gmail.com');
INSERT INTO PHUHUYNH VALUES ('GDTXVLPH0007', N'Mục Quốc Hoài ', 'Cha', N'Vĩnh Long', '5930303067', 'MucQuocHoai@gmail.com');
INSERT INTO PHUHUYNH VALUES ('GDTXVLPH0008', N'Duy Bảo Huỳnh ', 'Cha', N'Vĩnh Long', '6750994455', 'DuyBaoHuynh@gmail.com');
INSERT INTO PHUHUYNH VALUES ('GDTXVLPH0009', N'Lỗ Ðại Ngọc ', 'Cha', N'Vĩnh Long', '4154894440', 'LoÐaiNgoc@gmail.com');
INSERT INTO PHUHUYNH VALUES ('GDTXVLPH0010', N'Ong Hoàng Ngôn ', 'Cha', N'Vĩnh Long', '3690763468', 'OngHoangNgon@gmail.com');
INSERT INTO PHUHUYNH VALUES ('GDTXVLPH0011', N'Nguyễn Ðình Sang ', 'Cha', N'Vĩnh Long', '3324471142', 'AnÐinhSang@gmail.com');
INSERT INTO PHUHUYNH VALUES ('GDTXVLPH0012', N'Mã Tấn Sinh ', 'Cha', N'Vĩnh Long', '1412157692', 'MaTanSinh@gmail.com');
INSERT INTO PHUHUYNH VALUES ('GDTXVLPH0013', N'Thành Vân Sơn ', 'Cha', N'Vĩnh Long', '8971901263', 'ThanhVanSon@gmail.com');
INSERT INTO PHUHUYNH VALUES ('GDTXVLPH0014', N'Cát Việt Sơn ', 'Cha', N'Vĩnh Long', '5555521682', 'CatVietSon@gmail.com');
INSERT INTO PHUHUYNH VALUES ('GDTXVLPH0015', N'Kim Phụng Việt ', 'Cha', N'Vĩnh Long', '4467887998', 'KimPhungViet@gmail.com');
INSERT INTO PHUHUYNH VALUES ('GDTXVLPH0016', N'Lỗ Quốc Vinh ', 'Cha', N'Vĩnh Long', '2721394894', 'LoQuocVinh@gmail.com');
INSERT INTO PHUHUYNH VALUES ('GDTXVLPH0017', N'Phí Minh Ðan ', 'Cha', N'Vĩnh Long', '7474772837', 'PhiMinhÐan@gmail.com');
INSERT INTO PHUHUYNH VALUES ('GDTXVLPH0018', N'Lý Nguyên Ðan ', 'Cha', N'Vĩnh Long', '7949791423', 'LyNguyenÐan@gmail.com');
INSERT INTO PHUHUYNH VALUES ('GDTXVLPH0019', N'Doãn Quốc Ðiền ', 'Cha', N'Vĩnh Long', '8524722016', 'DoanQuocÐien@gmail.com');
INSERT INTO PHUHUYNH VALUES ('GDTXVLPH0020', N'Cam Anh Ðức ', 'Cha', N'Vĩnh Long', '3613839357', 'CamAnhÐuc@gmail.com');
INSERT INTO PHUHUYNH VALUES ('GDTXVLPH0021', N'Thục Ái Nhi ', N'Mẹ', N'Vĩnh Long', '2249389795', 'ThucAiNhi@gmail.com');
INSERT INTO PHUHUYNH VALUES ('GDTXVLPH0022', N'Nghị Bảo Huệ ', N'Mẹ', N'Vĩnh Long', '8016161994', 'NghiBaoHue@gmail.com');
INSERT INTO PHUHUYNH VALUES ('GDTXVLPH0023', N'Ngụy Bảo Trân ', N'Mẹ', N'Vĩnh Long', '8094523946', 'NguyBaoTran@gmail.com');
INSERT INTO PHUHUYNH VALUES ('GDTXVLPH0024', N'Trần Diệu Ngọc ', N'Mẹ', N'Vĩnh Long', '3062161333', 'TranDieuNgoc@gmail.com');
INSERT INTO PHUHUYNH VALUES ('GDTXVLPH0025', N'Bảo Diệu Vân ', N'Mẹ', N'Vĩnh Long', '2552059954', 'BaoDieuVan@gmail.com');
INSERT INTO PHUHUYNH VALUES ('GDTXVLPH0026', N'Phó Hoài Phương ', N'Mẹ', N'Vĩnh Long', '7572010044', 'PhoHoaiPhuong@gmail.com');
INSERT INTO PHUHUYNH VALUES ('GDTXVLPH0027', N'Cát Hồng Ðào ', N'Mẹ', N'Vĩnh Long', '6515469364', 'CatHongÐao@gmail.com');
INSERT INTO PHUHUYNH VALUES ('GDTXVLPH0028', N'Phan Hồng Nhung ', N'Mẹ', N'Vĩnh Long', '1674261906', 'PhanHongNhung@gmail.com');
INSERT INTO PHUHUYNH VALUES ('GDTXVLPH0029', N'Diêm Kim Thoa ', N'Mẹ', N'Vĩnh Long', '8592487935', 'DiemKimThoa@gmail.com');
INSERT INTO PHUHUYNH VALUES ('GDTXVLPH0030', N'Lạc Ngọc Vân ', N'Mẹ', N'Vĩnh Long', '2556329951', 'LacNgocVan@gmail.com');
INSERT INTO PHUHUYNH VALUES ('GDTXVLPH0031', N'Bồ Thanh Hà ', N'Mẹ', N'Vĩnh Long', '2246693669', 'BoThanhHa@gmail.com');
INSERT INTO PHUHUYNH VALUES ('GDTXVLPH0032', N'Cự Thư Lâm ', N'Mẹ', N'Vĩnh Long', '2621650173', 'CuThuLam@gmail.com');
INSERT INTO PHUHUYNH VALUES ('GDTXVLPH0033', N'Cáp Thục Ðào ', N'Mẹ', N'Vĩnh Long', '1309979587', 'CapThucÐao@gmail.com');
INSERT INTO PHUHUYNH VALUES ('GDTXVLPH0034', N'Liêu Thụy Uyên ', N'Mẹ', N'Vĩnh Long', '9530523486', 'LieuThuyUyen@gmail.com');
INSERT INTO PHUHUYNH VALUES ('GDTXVLPH0035', N'Tăng Tiểu Quỳnh ', N'Mẹ', N'Vĩnh Long', '8965268958', 'TangTieuQuynh@gmail.com');
INSERT INTO PHUHUYNH VALUES ('GDTXVLPH0036', N'Trà Vy Lan ', N'Mẹ', N'Vĩnh Long', '5960857283', 'TraVyLan@gmail.com');
INSERT INTO HOCSINH VALUES ('GDTXVL1023', N'Tô Vĩnh  n ', '2008-10-24', 'True', N'Vĩnh Long', 'VL');
INSERT INTO HOCSINH VALUES ('GDTXVL1122', N'Khuất Hữu Chiến ', '2009-09-26', 'True', N'Vĩnh Long', 'VL');
INSERT INTO HOCSINH VALUES ('GDTXVL1223', N'Bế Hải Giang ', '2008-10-26', 'True', N'Vĩnh Long', 'VL');
INSERT INTO HOCSINH VALUES ('GDTXVL1322', N'Khưu Minh Hiếu ', '2009-12-17', 'True', N'Vĩnh Long', 'VL');
INSERT INTO HOCSINH VALUES ('GDTXVL1422', N'Trịnh Minh Hoàng ', '2009-04-18', 'True', N'Vĩnh Long', 'VL');
INSERT INTO HOCSINH VALUES ('GDTXVL1522', N'Vạn Chấn Hưng ', '2009-12-15', 'True', N'Vĩnh Long', 'VL');
INSERT INTO HOCSINH VALUES ('GDTXVL1621', N'Cự Phúc Hưng ', '2010-12-07', 'True', N'Vĩnh Long', 'VL');
INSERT INTO HOCSINH VALUES ('GDTXVL1723', N'Đàm Tùng Lâm ', '2008-03-14', 'True', N'Vĩnh Long', 'VL');
INSERT INTO HOCSINH VALUES ('GDTXVL1821', N'Lê Anh Minh ', '2010-04-28', 'True', N'Vĩnh Long', 'VL');
INSERT INTO HOCSINH VALUES ('GDTXVL1921', N'Hán Hoàng Ngôn ', '2010-11-10', 'True', N'Vĩnh Long', 'VL');
INSERT INTO HOCSINH VALUES ('GDTXVL2022', N'Vòng Gia Phúc ', '2009-02-02', 'True', N'Vĩnh Long', 'VL');
INSERT INTO HOCSINH VALUES ('GDTXVL2123', N'Phí Thành Phương ', '2008-02-24', 'True', N'Vĩnh Long', 'VL');
INSERT INTO HOCSINH VALUES ('GDTXVL2221', N'Thân Ðông Quân ', '2010-08-04', 'True', N'Vĩnh Long', 'VL');
INSERT INTO HOCSINH VALUES ('GDTXVL2322', N'Hồ Vương Triều ', '2009-06-12', 'True', N'Vĩnh Long', 'VL');
INSERT INTO HOCSINH VALUES ('GDTXVL2422', N'Dương Tuấn Trung ', '2009-01-03', 'True', N'Vĩnh Long', 'VL');
INSERT INTO HOCSINH VALUES ('GDTXVL2523', N'Mầu Vương Việt ', '2008-07-22', 'True', N'Vĩnh Long', 'VL');
INSERT INTO HOCSINH VALUES ('GDTXVL2621', N'Quán An Hạ ', '2010-06-19', 'False', N'Vĩnh Long', 'VL');
INSERT INTO HOCSINH VALUES ('GDTXVL2723', N'Lều Hà Giang ', '2008-08-21', 'False', N'Vĩnh Long', 'VL');
INSERT INTO HOCSINH VALUES ('GDTXVL2823', N'Công Hương Thủy ', '2008-06-15', 'False', N'Vĩnh Long', 'VL');
INSERT INTO HOCSINH VALUES ('GDTXVL2923', N'Mạch Mai Tâm ', '2008-06-22', 'False', N'Vĩnh Long', 'VL');
INSERT INTO HOCSINH VALUES ('GDTXVL3021', N'Lâm Mai Thanh ', '2010-10-17', 'False', N'Vĩnh Long', 'VL');
INSERT INTO HOCSINH VALUES ('GDTXVL3121', N'Bàn Nghi Minh ', '2010-01-13', 'False', N'Vĩnh Long', 'VL');
INSERT INTO HOCSINH VALUES ('GDTXVL3223', N'Tăng Ngọc Liên ', '2008-04-03', 'False', N'Vĩnh Long', 'VL');
INSERT INTO HOCSINH VALUES ('GDTXVL3323', N'Dã Như Thảo ', '2008-01-19', 'False', N'Vĩnh Long', 'VL');
INSERT INTO HOCSINH VALUES ('GDTXVL3423', N'Tiêu Quỳnh Hoa ', '2008-12-04', 'False', N'Vĩnh Long', 'VL');
INSERT INTO HOCSINH VALUES ('GDTXVL3523', N'Thiều Quỳnh Phương ', '2008-08-24', 'False', N'Vĩnh Long', 'VL');
INSERT INTO HOCSINH VALUES ('GDTXVL3622', N'Dã Tâm Thanh ', '2009-07-02', 'False', N'Vĩnh Long', 'VL');
INSERT INTO HOCSINH VALUES ('GDTXVL3722', N'Cự Thái Lâm ', '2009-09-03', 'False', N'Vĩnh Long', 'VL');
INSERT INTO HOCSINH VALUES ('GDTXVL3822', N'Cát Thùy Uyên ', '2009-01-14', 'False', N'Vĩnh Long', 'VL');
INSERT INTO HOCSINH VALUES ('GDTXVL3922', N'Mạch Uyên Phương ', '2009-12-20', 'False', N'Vĩnh Long', 'VL');
INSERT INTO HOCSINH VALUES ('GDTXVL4021', 'Kha Vy Lan ', '2010-08-30', 'False', N'Vĩnh Long', 'VL');
INSERT INTO HOCSINH VALUES ('GDTXVL4121', N'Đậu Yến Ðan ', '2010-12-10', 'False', N'Vĩnh Long', 'VL');
INSERT INTO PH_HS VALUES ('GDTXVLPH0001', 'GDTXVL1023');
INSERT INTO PH_HS VALUES ('GDTXVLPH0002', 'GDTXVL1122');
INSERT INTO PH_HS VALUES ('GDTXVLPH0003', 'GDTXVL1223');
INSERT INTO PH_HS VALUES ('GDTXVLPH0004', 'GDTXVL1322');
INSERT INTO PH_HS VALUES ('GDTXVLPH0005', 'GDTXVL1422');
INSERT INTO PH_HS VALUES ('GDTXVLPH0006', 'GDTXVL1522');
INSERT INTO PH_HS VALUES ('GDTXVLPH0007', 'GDTXVL1621');
INSERT INTO PH_HS VALUES ('GDTXVLPH0008', 'GDTXVL1723');
INSERT INTO PH_HS VALUES ('GDTXVLPH0009', 'GDTXVL1821');
INSERT INTO PH_HS VALUES ('GDTXVLPH0010', 'GDTXVL1921');
INSERT INTO PH_HS VALUES ('GDTXVLPH0011', 'GDTXVL2022');
INSERT INTO PH_HS VALUES ('GDTXVLPH0012', 'GDTXVL2123');
INSERT INTO PH_HS VALUES ('GDTXVLPH0013', 'GDTXVL2221');
INSERT INTO PH_HS VALUES ('GDTXVLPH0014', 'GDTXVL2322');
INSERT INTO PH_HS VALUES ('GDTXVLPH0015', 'GDTXVL2422');
INSERT INTO PH_HS VALUES ('GDTXVLPH0016', 'GDTXVL2523');
INSERT INTO PH_HS VALUES ('GDTXVLPH0017', 'GDTXVL2621');
INSERT INTO PH_HS VALUES ('GDTXVLPH0018', 'GDTXVL2723');
INSERT INTO PH_HS VALUES ('GDTXVLPH0019', 'GDTXVL2823');
INSERT INTO PH_HS VALUES ('GDTXVLPH0020', 'GDTXVL2923');
INSERT INTO PH_HS VALUES ('GDTXVLPH0021', 'GDTXVL3021');
INSERT INTO PH_HS VALUES ('GDTXVLPH0022', 'GDTXVL3121');
INSERT INTO PH_HS VALUES ('GDTXVLPH0023', 'GDTXVL3223');
INSERT INTO PH_HS VALUES ('GDTXVLPH0024', 'GDTXVL3323');
INSERT INTO PH_HS VALUES ('GDTXVLPH0025', 'GDTXVL3423');
INSERT INTO PH_HS VALUES ('GDTXVLPH0026', 'GDTXVL3523');
INSERT INTO PH_HS VALUES ('GDTXVLPH0027', 'GDTXVL3622');
INSERT INTO PH_HS VALUES ('GDTXVLPH0028', 'GDTXVL3722');
INSERT INTO PH_HS VALUES ('GDTXVLPH0029', 'GDTXVL3822');
INSERT INTO PH_HS VALUES ('GDTXVLPH0030', 'GDTXVL3922');
INSERT INTO PH_HS VALUES ('GDTXVLPH0031', 'GDTXVL4021');
INSERT INTO PH_HS VALUES ('GDTXVLPH0032', 'GDTXVL4121');
INSERT INTO HOCSINH_LOP VALUES ('GDTXVL1023', 'GDTX10N1', '2122HK1');
INSERT INTO HOCSINH_LOP VALUES ('GDTXVL1122', 'GDTX10N2', '2223HK1');
INSERT INTO HOCSINH_LOP VALUES ('GDTXVL1223', 'GDTX10N3', '2122HK1');
INSERT INTO HOCSINH_LOP VALUES ('GDTXVL1322', 'GDTX10N4', '2223HK1');
INSERT INTO HOCSINH_LOP VALUES ('GDTXVL1422', 'GDTX10N5', '2223HK1');
INSERT INTO HOCSINH_LOP VALUES ('GDTXVL1522', 'GDTX10D1', '2223HK1');
INSERT INTO HOCSINH_LOP VALUES ('GDTXVL1621', 'GDTX10D2', '2324HK1');
INSERT INTO HOCSINH_LOP VALUES ('GDTXVL1723', 'GDTX10D3', '2122HK1');
INSERT INTO HOCSINH_LOP VALUES ('GDTXVL1821', 'GDTX10D4', '2324HK1');
INSERT INTO HOCSINH_LOP VALUES ('GDTXVL1921', 'GDTX10D5', '2324HK1');
INSERT INTO HOCSINH_LOP VALUES ('GDTXVL2022', 'GDTX11N1', '2223HK1');
INSERT INTO HOCSINH_LOP VALUES ('GDTXVL2123', 'GDTX11N2', '2122HK1');
INSERT INTO HOCSINH_LOP VALUES ('GDTXVL2221', 'GDTX11N3', '2324HK1');
INSERT INTO HOCSINH_LOP VALUES ('GDTXVL2322', 'GDTX11N4', '2223HK1');
INSERT INTO HOCSINH_LOP VALUES ('GDTXVL2422', 'GDTX11N5', '2223HK1');
INSERT INTO HOCSINH_LOP VALUES ('GDTXVL2523', 'GDTX11D1', '2122HK1');
INSERT INTO HOCSINH_LOP VALUES ('GDTXVL2621', 'GDTX11D2', '2324HK1');
INSERT INTO HOCSINH_LOP VALUES ('GDTXVL2723', 'GDTX11D3', '2122HK1');
INSERT INTO HOCSINH_LOP VALUES ('GDTXVL2823', 'GDTX11D4', '2122HK1');
INSERT INTO HOCSINH_LOP VALUES ('GDTXVL2923', 'GDTX11D5', '2122HK1');
INSERT INTO HOCSINH_LOP VALUES ('GDTXVL3021', 'GDTX12N1', '2324HK1');
INSERT INTO HOCSINH_LOP VALUES ('GDTXVL3121', 'GDTX12N2', '2324HK1');
INSERT INTO HOCSINH_LOP VALUES ('GDTXVL3223', 'GDTX12N3', '2122HK1');
INSERT INTO HOCSINH_LOP VALUES ('GDTXVL3323', 'GDTX12N4', '2122HK1');
INSERT INTO HOCSINH_LOP VALUES ('GDTXVL3423', 'GDTX12N5', '2122HK1');
INSERT INTO HOCSINH_LOP VALUES ('GDTXVL3523', 'GDTX12D1', '2122HK1');
INSERT INTO HOCSINH_LOP VALUES ('GDTXVL3622', 'GDTX12D2', '2223HK1');
INSERT INTO HOCSINH_LOP VALUES ('GDTXVL3722', 'GDTX12D3', '2223HK1');
INSERT INTO HOCSINH_LOP VALUES ('GDTXVL3822', 'GDTX12D4', '2223HK1');
INSERT INTO HOCSINH_LOP VALUES ('GDTXVL3922', 'GDTX12D5', '2223HK1');
INSERT INTO HOCSINH_LOP VALUES ('GDTXVL4021', 'GDTX10N1', '2324HK1');
INSERT INTO HOCSINH_LOP VALUES ('GDTXVL4121', 'GDTX10N2', '2324HK1');
INSERT INTO HOCSINH_LOP VALUES ('GDTXVL1023', 'GDTX10N3', '2122HK1');
INSERT INTO HOCSINH_LOP VALUES ('GDTXVL1122', 'GDTX10N4', '2223HK1');
INSERT INTO DIEMMH VALUES ('GDTXVL1023', 'TOAN', '2324HK1', '8', '5', '6.5');
INSERT INTO DIEMMH VALUES ('GDTXVL1122', 'DIALY', '2223HK1', '7', '6', '6.5');
INSERT INTO DIEMMH VALUES ('GDTXVL1223', 'LICHSU', '2324HK1', '8', '7', '7.5');
INSERT INTO DIEMMH VALUES ('GDTXVL1322', 'NGUVAN', '2324HK1', '10', '7', '8.5');
INSERT INTO DIEMMH VALUES ('GDTXVL1422', 'LICHSU', '2223HK1', '9', '8', '8.5');
INSERT INTO DIEMMH VALUES ('GDTXVL1522', 'LICHSU', '2324HK1', '5', '7', '6.0');
INSERT INTO DIEMMH VALUES ('GDTXVL1621', 'NGUVAN', '2223HK1', '5', '7', '6.0');
INSERT INTO DIEMMH VALUES ('GDTXVL1723', 'DIALY', '2324HK1', '10', '5', '7.5');
INSERT INTO DIEMMH VALUES ('GDTXVL1821', 'TIENGANH', '2122HK1', '3', '2', '2.5');
INSERT INTO DIEMMH VALUES ('GDTXVL1921', 'DIALY', '2122HK1', '9', '7', '8.0');
INSERT INTO DIEMMH VALUES ('GDTXVL2022', 'HOAHOC', '2324HK1', '10', '5', '7.5');
INSERT INTO DIEMMH VALUES ('GDTXVL2123', 'VATLY', '2324HK1', '6', '6', '6.0');
INSERT INTO DIEMMH VALUES ('GDTXVL2221', 'SINHHOC', '2223HK1', '5', '9', '7.0');
INSERT INTO DIEMMH VALUES ('GDTXVL2322', 'SINHHOC', '2223HK1', '8', '5', '6.5');
INSERT INTO DIEMMH VALUES ('GDTXVL2422', 'TOAN', '2223HK1', '9', '5', '7.0');
INSERT INTO DIEMMH VALUES ('GDTXVL2523', 'HOAHOC', '2324HK1', '3', '5', '4.0');
INSERT INTO DIEMMH VALUES ('GDTXVL2621', 'TOAN', '2223HK1', '3', '5', '4.0');
INSERT INTO DIEMMH VALUES ('GDTXVL2723', 'NGUVAN', '2324HK1', '10', '9', '9.5');
INSERT INTO DIEMMH VALUES ('GDTXVL2823', 'SINHHOC', '2223HK1', '3', '3', '3.0');
INSERT INTO DIEMMH VALUES ('GDTXVL2923', 'HOAHOC', '2324HK1', '2', '9', '5.5');
INSERT INTO DIEMMH VALUES ('GDTXVL3021', 'LICHSU', '2122HK1', '6', '8', '7.0');
INSERT INTO DIEMMH VALUES ('GDTXVL3121', 'DIALY', '2122HK1', '7', '8', '7.5');
INSERT INTO DIEMMH VALUES ('GDTXVL3223', 'NGUVAN', '2324HK1', '7', '8', '7.5');
INSERT INTO DIEMMH VALUES ('GDTXVL3323', 'SINHHOC', '2223HK1', '3', '6', '4.5');
INSERT INTO DIEMMH VALUES ('GDTXVL3423', 'HOAHOC', '2324HK1', '3', '8', '5.5');
INSERT INTO DIEMMH VALUES ('GDTXVL3523', 'VATLY', '2223HK1', '8', '8', '8.0');
INSERT INTO DIEMMH VALUES ('GDTXVL3622', 'DIALY', '2223HK1', '10', '9', '9.5');
INSERT INTO DIEMMH VALUES ('GDTXVL3722', 'DIALY', '2324HK1', '2', '10', '6.0');
INSERT INTO DIEMMH VALUES ('GDTXVL3822', 'TOAN', '2324HK1', '2', '7', '4.5');
INSERT INTO DIEMMH VALUES ('GDTXVL3922', 'VATLY', '2223HK1', '4', '7', '5.5');
INSERT INTO DIEMMH VALUES ('GDTXVL4021', 'SINHHOC', '2223HK1', '5', '3', '4.0');
INSERT INTO DIEMMH VALUES ('GDTXVL4121', 'TOAN', '2122HK1', '3', '10', '6.5');
INSERT INTO DIEMMH VALUES ('GDTXVL1023', 'TOAN', '2223HK1', '6', '4', '5.0');
INSERT INTO DIEMMH VALUES ('GDTXVL1122', 'SINHHOC', '2324HK1', '2', '7', '4.5');
INSERT INTO GIAOVIEN VALUES ('GDTX11B8', N'Lạc Thiên Bửu ', '1984-06-29', 'True', N'Vĩnh Long', '2970764252', 'LacThienBuu@gmail.com', '2018-12-27', 'GDTXVL', 'DH', 'CMCB');
INSERT INTO GIAOVIEN VALUES ('GDTX11P11', N'Ngụy Mạnh Cương ', '1989-03-24', 'True', N'Vĩnh Long', '8831104993', 'NguyManhCuong@gmail.com', '2015-06-11', 'GDTXVL', 'DH', 'CMTN');
INSERT INTO GIAOVIEN VALUES ('GDTX11G17', N'Quản Quang Đông ', '1985-06-07', 'True', N'Vĩnh Long', '2099244850', 'QuanQuangDong@gmail.com', '2015-03-26', 'GDTXVL', 'DH', 'CMXH');
INSERT INTO GIAOVIEN VALUES ('GDTX11E4', N'Cai Trọng Khánh ', '1984-12-13', 'True', N'Vĩnh Long', '2146179608', 'CaiTrongKhanh@gmail.com', '2018-03-22', 'GDTXVL', 'DH', 'CMCB');
INSERT INTO GIAOVIEN VALUES ('GDTX12G2', N'Võ Anh Khoa ', '1994-06-12', 'True', N'Vĩnh Long', '2582739942', 'VoAnhKhoa@gmail.com', '2020-03-12', 'GDTXVL', 'DH', 'CMTN');
INSERT INTO GIAOVIEN VALUES ('GDTX10P10', N'Quảng Quốc Hùng ', '1980-08-14', 'True', N'Vĩnh Long', '6243815725', 'QuangQuocHung@gmail.com', '2018-06-09', 'GDTXVL', 'DH', 'CMXH');
INSERT INTO GIAOVIEN VALUES ('GDTX12E4', N'Diêm Thanh Liêm ', '1992-07-07', 'True', N'Vĩnh Long', '7358745527', 'DiemThanhLiem@gmail.com', '2016-01-05', 'GDTXVL', 'DH', 'CMCB');
INSERT INTO GIAOVIEN VALUES ('GDTX10H19', N'Ưng Tùng Linh ', '1989-08-27', 'True', N'Vĩnh Long', '1093036992', 'UngTungLinh@gmail.com', '2016-05-22', 'GDTXVL', 'DH', 'CMTN');
INSERT INTO GIAOVIEN VALUES ('GDTX10C20', N'Mạch Quang Minh ', '1985-02-17', 'True', N'Vĩnh Long', '9015557113', 'MachQuangMinh@gmail.com', '2016-03-09', 'GDTXVL', 'DH', 'CMXH');
INSERT INTO GIAOVIEN VALUES ('GDTX12G5', N'Sùng Ðức Nhân ', '1995-04-28', 'True', N'Vĩnh Long', '3090230114', 'SungÐucNhan@gmail.com', '2020-05-19', 'GDTXVL', 'DH', 'CMCB');
INSERT INTO GIAOVIEN VALUES ('GDTX12C10', N'Lâm Anh Quân ', '1984-01-12', 'True', N'Vĩnh Long', '2322231400', 'LamAnhQuan@gmail.com', '2020-01-03', 'GDTXVL', 'DH', 'CMTN');
INSERT INTO GIAOVIEN VALUES ('GDTX12G20', N'Cống Quốc Quân ', '1984-10-05', 'True', N'Vĩnh Long', '4302122777', 'CongQuocQuan@gmail.com', '2016-05-14', 'GDTXVL', 'DH', 'CMXH');
INSERT INTO GIAOVIEN VALUES ('GDTX10G1', N'Thôi Nam Tú ', '1986-11-25', 'True', N'Vĩnh Long', '8684538894', 'ThoiNamTu@gmail.com', '2017-01-12', 'GDTXVL', 'DH', 'CMCB');
INSERT INTO GIAOVIEN VALUES ('GDTX12E13', N'Duy Quang Thạch ', '1984-08-27', 'True', N'Vĩnh Long', '6852839595', 'DuyQuangThach@gmail.com', '2019-11-08', 'GDTXVL', 'DH', 'CMTN');
INSERT INTO GIAOVIEN VALUES ('GDTX11C10', N'Hnia Hòa Thái ', '1990-04-13', 'True', N'Vĩnh Long', '9761209449', 'HniaHoaThai@gmail.com', '2017-02-02', 'GDTXVL', 'DH', 'CMXH');
INSERT INTO GIAOVIEN VALUES ('GDTX11M11', N'Võ Thanh Vũ ', '1991-12-10', 'True', N'Vĩnh Long', '1645449405', 'VoThanhVu@gmail.com', '2017-05-02', 'GDTXVL', 'DH', 'CMCB');
INSERT INTO GIAOVIEN VALUES ('GDTX12L3', N'Hnia Cẩm Linh ', '1993-05-04', 'False', N'Vĩnh Long', '7125816591', 'HniaCamLinh@gmail.com', '2017-03-19', 'GDTXVL', 'DH', 'CMTN');
INSERT INTO GIAOVIEN VALUES ('GDTX10M9', N'Thang Giáng Ngọc ', '1987-09-04', 'False', N'Vĩnh Long', '7291050573', 'ThangGiangNgoc@gmail.com', '2019-03-28', 'GDTXVL', 'DH', 'CMXH');
INSERT INTO GIAOVIEN VALUES ('GDTX12C6', N'Tiếp Hạ Phương ', '1990-08-13', 'False', N'Vĩnh Long', '1712677633', 'TiepHaPhuong@gmail.com', '2018-11-12', 'GDTXVL', 'DH', 'CMCB');
INSERT INTO GIAOVIEN VALUES ('GDTX10C14', N'Khâu Hàm Duyên ', '1994-11-02', 'False', N'Vĩnh Long', '8569074829', 'KhauHamDuyen@gmail.com', '2019-04-02', 'GDTXVL', 'DH', 'CMTN');
INSERT INTO GIAOVIEN VALUES ('GDTX11G5', N'Đái Khánh Huyền ', '1980-12-20', 'False', N'Vĩnh Long', '6630303430', 'DaiKhanhHuyen@gmail.com', '2016-06-09', 'GDTXVL', 'DH', 'CMXH');
INSERT INTO GIAOVIEN VALUES ('GDTX11B12', N'Bạch Minh An ', '1982-05-01', 'False', N'Vĩnh Long', '3694770997', 'BachMinhAn@gmail.com', '2016-08-15', 'GDTXVL', 'DH', 'CMCB');
INSERT INTO GIAOVIEN VALUES ('GDTX10L12', N'Lường Minh Châu ', '1992-11-27', 'False', N'Vĩnh Long', '1640751034', 'LuongMinhChau@gmail.com', '2017-10-25', 'GDTXVL', 'DH', 'CMTN');
INSERT INTO GIAOVIEN VALUES ('GDTX11G19', N'Cam Minh Hạnh ', '1986-10-06', 'False', N'Vĩnh Long', '4725204961', 'CamMinhHanh@gmail.com', '2018-07-31', 'GDTXVL', 'DH', 'CMXH');
INSERT INTO GIAOVIEN VALUES ('GDTX12H3', N'Vưu Minh Loan ', '1988-03-26', 'False', N'Vĩnh Long', '8267811761', 'VuuMinhLoan@gmail.com', '2019-01-31', 'GDTXVL', 'DH', 'CMCB');
INSERT INTO GIAOVIEN VALUES ('GDTX11H1', N'Nông Mỹ Nhi ', '1990-03-26', 'False', N'Vĩnh Long', '6010826572', 'NongMyNhi@gmail.com', '2016-06-30', 'GDTXVL', 'DH', 'CMTN');
INSERT INTO GIAOVIEN VALUES ('GDTX10L7', N'Khương Như Ý ', '1995-02-17', 'False', N'Vĩnh Long', '9033173959', 'KhuongNhuY@gmail.com', '2018-01-12', 'GDTXVL', 'DH', 'CMXH');
INSERT INTO GIAOVIEN VALUES ('GDTX11H2', N'Từ Phương Trà ', '1985-08-03', 'False', N'Vĩnh Long', '8817128118', 'TuPhuongTra@gmail.com', '2016-09-02', 'GDTXVL', 'DH', 'CMCB');
INSERT INTO GIAOVIEN VALUES ('GDTX11E15', N'Hnia Thu Liên ', '1983-07-18', 'False', N'Vĩnh Long', '3778214272', 'HniaThuLien@gmail.com', '2016-07-19', 'GDTXVL', 'DH', 'CMTN');
INSERT INTO GIAOVIEN VALUES ('GDTX11E5', N'Đồ Thương Thương ', '1992-03-16', 'False', N'Vĩnh Long', '5339954990', 'DoThuongThuong@gmail.com', '2019-08-09', 'GDTXVL', 'DH', 'CMXH');
INSERT INTO GVCN VALUES ('GDTX11B8', 'GDTX10N1', '2324HK1');
INSERT INTO GVCN VALUES ('GDTX11P11', 'GDTX10N2', '2324HK1');
INSERT INTO GVCN VALUES ('GDTX11G17', 'GDTX10N3', '2324HK1');
INSERT INTO GVCN VALUES ('GDTX11E4', 'GDTX10N4', '2324HK1');
INSERT INTO GVCN VALUES ('GDTX12G2', 'GDTX10N5', '2324HK1');
INSERT INTO GVCN VALUES ('GDTX10P10', 'GDTX10D1', '2324HK1');
INSERT INTO GVCN VALUES ('GDTX12E4', 'GDTX10D2', '2324HK1');
INSERT INTO GVCN VALUES ('GDTX10H19', 'GDTX10D3', '2324HK1');
INSERT INTO GVCN VALUES ('GDTX10C20', 'GDTX10D4', '2324HK1');
INSERT INTO GVCN VALUES ('GDTX12G5', 'GDTX10D5', '2324HK1');
INSERT INTO GVCN VALUES ('GDTX12C10', 'GDTX11N1', '2324HK1');
INSERT INTO GVCN VALUES ('GDTX12G20', 'GDTX11N2', '2324HK1');
INSERT INTO GVCN VALUES ('GDTX10G1', 'GDTX11N3', '2324HK1');
INSERT INTO GVCN VALUES ('GDTX12E13', 'GDTX11N4', '2324HK1');
INSERT INTO GVCN VALUES ('GDTX11C10', 'GDTX11N5', '2324HK1');
INSERT INTO GVCN VALUES ('GDTX11M11', 'GDTX11D1', '2324HK1');
INSERT INTO GVCN VALUES ('GDTX12L3', 'GDTX11D2', '2324HK1');
INSERT INTO GVCN VALUES ('GDTX10M9', 'GDTX11D3', '2324HK1');
INSERT INTO GVCN VALUES ('GDTX12C6', 'GDTX11D4', '2324HK1');
INSERT INTO GVCN VALUES ('GDTX10C14', 'GDTX11D5', '2324HK1');
INSERT INTO GVCN VALUES ('GDTX11G5', 'GDTX12N1', '2324HK1');
INSERT INTO GVCN VALUES ('GDTX11B12', 'GDTX12N2', '2324HK1');
INSERT INTO GVCN VALUES ('GDTX10L12', 'GDTX12N3', '2324HK1');
INSERT INTO GVCN VALUES ('GDTX11G19', 'GDTX12N4', '2324HK1');
INSERT INTO GVCN VALUES ('GDTX12H3', 'GDTX12N5', '2324HK1');
INSERT INTO GVCN VALUES ('GDTX11H1', 'GDTX12D1', '2324HK1');
INSERT INTO GVCN VALUES ('GDTX10L7', 'GDTX12D2', '2324HK1');
INSERT INTO GVCN VALUES ('GDTX11H2', 'GDTX12D3', '2324HK1');
INSERT INTO GVCN VALUES ('GDTX11E15', 'GDTX12D4', '2324HK1');
INSERT INTO GVCN VALUES ('GDTX11E5', 'GDTX12D5', '2324HK1');
INSERT INTO PHANCONGGVBM VALUES ('GDTX10N1', 'TOAN', '2324HK1', 'GDTX11B8');
INSERT INTO PHANCONGGVBM VALUES ('GDTX10N2', 'NGUVAN', '2324HK1', 'GDTX11P11');
INSERT INTO PHANCONGGVBM VALUES ('GDTX10N3', 'TIENGANH', '2324HK1', 'GDTX11G17');
INSERT INTO PHANCONGGVBM VALUES ('GDTX10N4', 'LICHSU', '2324HK1', 'GDTX11E4');
INSERT INTO PHANCONGGVBM VALUES ('GDTX10N5', 'DIALY', '2324HK1', 'GDTX12G2');
INSERT INTO PHANCONGGVBM VALUES ('GDTX10D1', 'SINHHOC', '2324HK1', 'GDTX10P10');
INSERT INTO PHANCONGGVBM VALUES ('GDTX10D2', 'HOAHOC', '2324HK1', 'GDTX12E4');
INSERT INTO PHANCONGGVBM VALUES ('GDTX10D3', 'VATLY', '2324HK1', 'GDTX10H19');
INSERT INTO PHANCONGGVBM VALUES ('GDTX10D4', 'TOAN', '2324HK1', 'GDTX10C20');
INSERT INTO PHANCONGGVBM VALUES ('GDTX10D5', 'NGUVAN', '2324HK1', 'GDTX12G5');
INSERT INTO PHANCONGGVBM VALUES ('GDTX11N1', 'TIENGANH', '2324HK1', 'GDTX12C10');
INSERT INTO PHANCONGGVBM VALUES ('GDTX11N2', 'LICHSU', '2324HK1', 'GDTX12G20');
INSERT INTO PHANCONGGVBM VALUES ('GDTX11N3', 'DIALY', '2324HK1', 'GDTX10G1');
INSERT INTO PHANCONGGVBM VALUES ('GDTX11N4', 'SINHHOC', '2324HK1', 'GDTX12E13');
INSERT INTO PHANCONGGVBM VALUES ('GDTX11N5', 'HOAHOC', '2324HK1', 'GDTX11C10');
INSERT INTO PHANCONGGVBM VALUES ('GDTX11D1', 'VATLY', '2324HK1', 'GDTX11M11');
INSERT INTO PHANCONGGVBM VALUES ('GDTX11D2', 'TOAN', '2324HK1', 'GDTX12L3');
INSERT INTO PHANCONGGVBM VALUES ('GDTX11D3', 'NGUVAN', '2324HK1', 'GDTX10M9');
INSERT INTO PHANCONGGVBM VALUES ('GDTX11D4', 'TIENGANH', '2324HK1', 'GDTX12C6');
INSERT INTO PHANCONGGVBM VALUES ('GDTX11D5', 'LICHSU', '2324HK1', 'GDTX10C14');
INSERT INTO PHANCONGGVBM VALUES ('GDTX12N1', 'DIALY', '2324HK1', 'GDTX11G5');
INSERT INTO PHANCONGGVBM VALUES ('GDTX12N2', 'SINHHOC', '2324HK1', 'GDTX11B12');
INSERT INTO PHANCONGGVBM VALUES ('GDTX12N3', 'HOAHOC', '2324HK1', 'GDTX10L12');
INSERT INTO PHANCONGGVBM VALUES ('GDTX12N4', 'VATLY', '2324HK1', 'GDTX11G19');
INSERT INTO PHANCONGGVBM VALUES ('GDTX12N5', 'TOAN', '2324HK1', 'GDTX12H3');
INSERT INTO PHANCONGGVBM VALUES ('GDTX12D1', 'NGUVAN', '2324HK1', 'GDTX11H1');
INSERT INTO PHANCONGGVBM VALUES ('GDTX12D2', 'TIENGANH', '2324HK1', 'GDTX10L7');
INSERT INTO PHANCONGGVBM VALUES ('GDTX12D3', 'LICHSU', '2324HK1', 'GDTX11H2');
INSERT INTO PHANCONGGVBM VALUES ('GDTX12D4', 'DIALY', '2324HK1', 'GDTX11E15');
INSERT INTO PHANCONGGVBM VALUES ('GDTX12D5', 'SINHHOC', '2324HK1', 'GDTX11E5');
INSERT INTO HOCBA VALUES ('GDTXVL1023', '2324HK1', '5', N'Tốt', N'Trung bình');
INSERT INTO HOCBA VALUES ('GDTXVL1122', '2223HK1', '8', N'Tốt', N'Giỏi');
INSERT INTO HOCBA VALUES ('GDTXVL1223', '2324HK1', '1', N'Tốt', N'Yếu');
INSERT INTO HOCBA VALUES ('GDTXVL1322', '2223HK1', '5', N'Tốt', N'Trung bình');
INSERT INTO HOCBA VALUES ('GDTXVL1422', '2223HK1', '8', N'Tốt', N'Giỏi');
INSERT INTO HOCBA VALUES ('GDTXVL1522', '2223HK1', '9', N'Tốt', N'Giỏi');
INSERT INTO HOCBA VALUES ('GDTXVL1621', '2122HK1', '5', N'Tốt', N'Trung bình');
INSERT INTO HOCBA VALUES ('GDTXVL1723', '2324HK1', '6', N'Tốt', N'Trung bình');
INSERT INTO HOCBA VALUES ('GDTXVL1821', '2122HK1', '5', N'Tốt', N'Trung bình');
INSERT INTO HOCBA VALUES ('GDTXVL1921', '2122HK1', '2', N'Tốt', N'Yếu');
INSERT INTO HOCBA VALUES ('GDTXVL2022', '2223HK1', '9', N'Tốt', N'Giỏi');
INSERT INTO HOCBA VALUES ('GDTXVL2123', '2324HK1', '2', N'Tốt', N'Yếu');
INSERT INTO HOCBA VALUES ('GDTXVL2221', '2122HK1', '1', N'Tốt', N'Yếu');
INSERT INTO HOCBA VALUES ('GDTXVL2322', '2223HK1', '10', N'Tốt', N'Giỏi');
INSERT INTO HOCBA VALUES ('GDTXVL2422', '2223HK1', '2', N'Tốt', N'Yếu');
INSERT INTO HOCBA VALUES ('GDTXVL2523', '2324HK1', '6', N'Tốt', N'Trung bình');
INSERT INTO HOCBA VALUES ('GDTXVL2621', '2122HK1', '1', N'Tốt', N'Yếu');
INSERT INTO HOCBA VALUES ('GDTXVL2723', '2324HK1', '1', N'Tốt', N'Yếu');
INSERT INTO HOCBA VALUES ('GDTXVL2823', '2324HK1', '4', N'Tốt', N'Yếu');
INSERT INTO HOCBA VALUES ('GDTXVL2923', '2324HK1', '2', N'Tốt', N'Yếu');
INSERT INTO HOCBA VALUES ('GDTXVL3021', '2122HK1', '5', N'Tốt', N'Trung bình');
INSERT INTO HOCBA VALUES ('GDTXVL3121', '2122HK1', '7', N'Tốt', N'Khá');
INSERT INTO HOCBA VALUES ('GDTXVL3223', '2324HK1', '8', N'Tốt', N'Giỏi');
INSERT INTO HOCBA VALUES ('GDTXVL3323', '2324HK1', '9', N'Tốt', N'Giỏi');
INSERT INTO HOCBA VALUES ('GDTXVL3423', '2324HK1', '10', N'Tốt', N'Giỏi');
INSERT INTO HOCBA VALUES ('GDTXVL3523', '2324HK1', '7', N'Tốt', N'Khá');
INSERT INTO HOCBA VALUES ('GDTXVL3622', '2223HK1', '8', N'Tốt', N'Giỏi');
INSERT INTO HOCBA VALUES ('GDTXVL3722', '2223HK1', '3', N'Tốt', N'Yếu');
INSERT INTO HOCBA VALUES ('GDTXVL3822', '2223HK1', '1', N'Tốt', N'Yếu');
INSERT INTO HOCBA VALUES ('GDTXVL3922', '2223HK1', '7', N'Tốt', N'Khá');
INSERT INTO HOCBA VALUES ('GDTXVL4021', '2122HK1', '4', N'Tốt', N'Yếu');
INSERT INTO HOCBA VALUES ('GDTXVL4121', '2122HK1', '2', N'Tốt', N'Yếu');
INSERT INTO LOAIKHENTHUONG VALUES ('TXKT1', N'Giỏi');
INSERT INTO LOAIKHENTHUONG VALUES ('TXKT2', N'Khá');
INSERT INTO LOAIKHENTHUONG VALUES ('TXKT3', N'Thi đua tốt');
INSERT INTO HSKHENTHUONG VALUES ('TXKT1', 'GDTXVL1422', '2223HK1', 'NULL');
INSERT INTO HSKHENTHUONG VALUES ('TXKT3', 'GDTXVL1522', '2324HK1', 'NULL');
INSERT INTO HSKHENTHUONG VALUES ('TXKT1', 'GDTXVL1621', '2223HK1', 'NULL');
INSERT INTO HSKHENTHUONG VALUES ('TXKT2', 'GDTXVL1723', '2324HK1', 'NULL');
INSERT INTO HSKHENTHUONG VALUES ('TXKT3', 'GDTXVL1821', '2122HK1', 'NULL');
INSERT INTO HSKHENTHUONG VALUES ('TXKT3', 'GDTXVL1921', '2122HK1', 'NULL');
INSERT INTO HSKHENTHUONG VALUES ('TXKT1', 'GDTXVL2022', '2324HK1', 'NULL');
INSERT INTO HSKHENTHUONG VALUES ('TXKT2', 'GDTXVL2123', '2324HK1', 'NULL');
INSERT INTO HSKHENTHUONG VALUES ('TXKT3', 'GDTXVL2221', '2223HK1', 'NULL');
INSERT INTO HSKHENTHUONG VALUES ('TXKT1', 'GDTXVL2322', '2223HK1', 'NULL');
INSERT INTO HSKHENTHUONG VALUES ('TXKT2', 'GDTXVL2422', '2223HK1', 'NULL');
INSERT INTO HSKHENTHUONG VALUES ('TXKT3', 'GDTXVL2523', '2324HK1', 'NULL');
INSERT INTO HSKHENTHUONG VALUES ('TXKT3', 'GDTXVL2621', '2223HK1', 'NULL');
INSERT INTO HSKHENTHUONG VALUES ('TXKT1', 'GDTXVL2723', '2324HK1', 'NULL');
INSERT INTO HSKHENTHUONG VALUES ('TXKT2', 'GDTXVL2823', '2223HK1', 'NULL');
INSERT INTO HSKHENTHUONG VALUES ('TXKT3', 'GDTXVL2923', '2324HK1', 'NULL');
INSERT INTO HSKHENTHUONG VALUES ('TXKT2', 'GDTXVL3021', '2122HK1', 'NULL');
INSERT INTO HSKHENTHUONG VALUES ('TXKT3', 'GDTXVL3121', '2122HK1', 'NULL');
INSERT INTO HSKHENTHUONG VALUES ('TXKT1', 'GDTXVL3223', '2324HK1', 'NULL');
INSERT INTO KQCN VALUES ('GDTXVL1023', 'GDTX10N1', '2020', '4', N'Tốt', 'NULL');
INSERT INTO KQCN VALUES ('GDTXVL1122', 'GDTX10N2', '2020', '3', N'Tốt', 'NULL');
INSERT INTO KQCN VALUES ('GDTXVL1223', 'GDTX10N3', '2020', '5', N'Tốt', 'NULL');
INSERT INTO KQCN VALUES ('GDTXVL1322', 'GDTX10N4', '2020', '9', N'Tốt', 'NULL');
INSERT INTO KQCN VALUES ('GDTXVL1422', 'GDTX10N5', '2020', '8', N'Tốt', 'NULL');
INSERT INTO KQCN VALUES ('GDTXVL1522', 'GDTX10D1', '2020', '5', N'Tốt', 'NULL');
INSERT INTO KQCN VALUES ('GDTXVL1621', 'GDTX10D2', '2020', '3', N'Tốt', 'NULL');
INSERT INTO KQCN VALUES ('GDTXVL1723', 'GDTX10D3', '2020', '6', N'Tốt', 'NULL');
INSERT INTO KQCN VALUES ('GDTXVL1821', 'GDTX10D4', '2020', '7', N'Tốt', 'NULL');
INSERT INTO KQCN VALUES ('GDTXVL1921', 'GDTX10D5', '2020', '9', N'Tốt', 'NULL');
INSERT INTO KQCN VALUES ('GDTXVL2022', 'GDTX11N1', '2020', '9', N'Tốt', 'NULL');
INSERT INTO KQCN VALUES ('GDTXVL2123', 'GDTX11N2', '2020', '4', N'Tốt', 'NULL');
INSERT INTO KQCN VALUES ('GDTXVL2221', 'GDTX11N3', '2020', '9', N'Tốt', 'NULL');
INSERT INTO KQCN VALUES ('GDTXVL2322', 'GDTX11N4', '2020', '7', N'Tốt', 'NULL');
INSERT INTO KQCN VALUES ('GDTXVL2422', 'GDTX11N5', '2020', '10', N'Tốt', 'NULL');
INSERT INTO KQCN VALUES ('GDTXVL2523', 'GDTX11D1', '2020', '9', N'Tốt', 'NULL');
INSERT INTO KQCN VALUES ('GDTXVL2621', 'GDTX11D2', '2020', '4', N'Tốt', 'NULL');
INSERT INTO KQCN VALUES ('GDTXVL2723', 'GDTX11D3', '2020', '8', N'Tốt', 'NULL');
INSERT INTO KQCN VALUES ('GDTXVL2823', 'GDTX11D4', '2020', '7', N'Tốt', 'NULL');
INSERT INTO KQCN VALUES ('GDTXVL2923', 'GDTX11D5', '2020', '10', N'Tốt', 'NULL');
INSERT INTO KQCN VALUES ('GDTXVL3021', 'GDTX12N1', '2020', '3', N'Tốt', 'NULL');
INSERT INTO KQCN VALUES ('GDTXVL3121', 'GDTX12N2', '2020', '9', N'Tốt', 'NULL');
INSERT INTO KQCN VALUES ('GDTXVL3223', 'GDTX12N3', '2020', '9', N'Tốt', 'NULL');
INSERT INTO KQCN VALUES ('GDTXVL3323', 'GDTX12N4', '2020', '10', N'Tốt', 'NULL');
INSERT INTO KQCN VALUES ('GDTXVL3423', 'GDTX12N5', '2020', '7', N'Tốt', 'NULL');
INSERT INTO KQCN VALUES ('GDTXVL3523', 'GDTX12D1', '2020', '5', N'Tốt', 'NULL');
INSERT INTO KQCN VALUES ('GDTXVL3622', 'GDTX12D2', '2020', '5', N'Tốt', 'NULL');
INSERT INTO KQCN VALUES ('GDTXVL3722', 'GDTX12D3', '2020', '3', N'Tốt', 'NULL');
INSERT INTO KQCN VALUES ('GDTXVL3822', 'GDTX12D4', '2020', '5', N'Tốt', 'NULL');
INSERT INTO KQCN VALUES ('GDTXVL3922', 'GDTX12D5', '2020', '9', N'Tốt', 'NULL');
INSERT INTO KQCN VALUES ('GDTXVL4021', 'GDTX10N1', '2020', '10', N'Tốt', 'NULL');
INSERT INTO KQCN VALUES ('GDTXVL4121', 'GDTX10N2', '2020', '8', N'Tốt', 'NULL');
INSERT INTO KQCN VALUES ('GDTXVL1023', 'GDTX10N3', '2020', '3', N'Tốt', 'NULL');
INSERT INTO KQCN VALUES ('GDTXVL1122', 'GDTX10N4', '2020', '6', N'Tốt', 'NULL');
INSERT INTO KQHTMHHK VALUES ('GDTXVL1023', 'GDTX10N1', '2223HK1', 'TOAN', '8', '1', '4.5', N'Tốt', 'NULL');
INSERT INTO KQHTMHHK VALUES ('GDTXVL1122', 'GDTX10N2', '2223HK1', 'NGUVAN', '1', '9', '5.0', N'Tốt', 'NULL');
INSERT INTO KQHTMHHK VALUES ('GDTXVL1223', 'GDTX10N3', '2223HK1', 'TIENGANH', '6', '10', '8.0', N'Tốt', 'NULL');
INSERT INTO KQHTMHHK VALUES ('GDTXVL1322', 'GDTX10N4', '2223HK1', 'LICHSU', '3', '9', '6.0', N'Tốt', 'NULL');
INSERT INTO KQHTMHHK VALUES ('GDTXVL1422', 'GDTX10N5', '2223HK1', 'DIALY', '1', '5', '3.0', N'Tốt', 'NULL');
INSERT INTO KQHTMHHK VALUES ('GDTXVL1522', 'GDTX10D1', '2223HK1', 'SINHHOC', '3', '4', '3.5', N'Tốt', 'NULL');
INSERT INTO KQHTMHHK VALUES ('GDTXVL1621', 'GDTX10D2', '2223HK1', 'HOAHOC', '8', '9', '8.5', N'Tốt', 'NULL');
INSERT INTO KQHTMHHK VALUES ('GDTXVL1723', 'GDTX10D3', '2223HK1', 'VATLY', '9', '3', '6.0', N'Tốt', 'NULL');
INSERT INTO KQHTMHHK VALUES ('GDTXVL1821', 'GDTX10D4', '2223HK1', 'TOAN', '6', '9', '7.5', N'Tốt', 'NULL');
INSERT INTO KQHTMHHK VALUES ('GDTXVL1921', 'GDTX10D5', '2223HK1', 'NGUVAN', '9', '8', '8.5', N'Tốt', 'NULL');
INSERT INTO KQHTMHHK VALUES ('GDTXVL2022', 'GDTX11N1', '2223HK1', 'TIENGANH', '3', '2', '2.5', N'Tốt', 'NULL');
INSERT INTO KQHTMHHK VALUES ('GDTXVL2123', 'GDTX11N2', '2223HK1', 'LICHSU', '1', '9', '5.0', N'Tốt', 'NULL');
INSERT INTO KQHTMHHK VALUES ('GDTXVL2221', 'GDTX11N3', '2223HK1', 'DIALY', '6', '4', '5.0', N'Tốt', 'NULL');
INSERT INTO KQHTMHHK VALUES ('GDTXVL2322', 'GDTX11N4', '2223HK1', 'SINHHOC', '9', '4', '6.5', N'Tốt', 'NULL');
INSERT INTO KQHTMHHK VALUES ('GDTXVL2422', 'GDTX11N5', '2223HK1', 'HOAHOC', '2', '9', '5.5', N'Tốt', 'NULL');
INSERT INTO KQHTMHHK VALUES ('GDTXVL2523', 'GDTX11D1', '2223HK1', 'VATLY', '6', '10', '8.0', N'Tốt', 'NULL');
INSERT INTO KQHTMHHK VALUES ('GDTXVL2621', 'GDTX11D2', '2223HK1', 'TOAN', '10', '1', '5.5', N'Tốt', 'NULL');
INSERT INTO KQHTMHHK VALUES ('GDTXVL2723', 'GDTX11D3', '2223HK1', 'NGUVAN', '10', '9', '9.5', N'Tốt', 'NULL');
INSERT INTO KQHTMHHK VALUES ('GDTXVL2823', 'GDTX11D4', '2223HK1', 'TIENGANH', '9', '4', '6.5', N'Tốt', 'NULL');
INSERT INTO KQHTMHHK VALUES ('GDTXVL2923', 'GDTX11D5', '2223HK1', 'LICHSU', '8', '3', '5.5', N'Tốt', 'NULL');
INSERT INTO KQHTMHHK VALUES ('GDTXVL3021', 'GDTX12N1', '2223HK1', 'DIALY', '5', '3', '4.0', N'Tốt', 'NULL');
INSERT INTO KQHTMHHK VALUES ('GDTXVL3121', 'GDTX12N2', '2223HK1', 'SINHHOC', '9', '2', '5.5', N'Tốt', 'NULL');
INSERT INTO KQHTMHHK VALUES ('GDTXVL3223', 'GDTX12N3', '2223HK1', 'HOAHOC', '5', '2', '3.5', N'Tốt', 'NULL');
INSERT INTO KQHTMHHK VALUES ('GDTXVL3323', 'GDTX12N4', '2223HK1', 'VATLY', '4', '4', '4.0', N'Tốt', 'NULL');
INSERT INTO KQHTMHHK VALUES ('GDTXVL3423', 'GDTX12N5', '2223HK1', 'TOAN', '3', '3', '3.0', N'Tốt', 'NULL');
INSERT INTO KQHTMHHK VALUES ('GDTXVL3523', 'GDTX12D1', '2223HK1', 'NGUVAN', '8', '7', '7.5', N'Tốt', 'NULL');
INSERT INTO KQHTMHHK VALUES ('GDTXVL3622', 'GDTX12D2', '2223HK1', 'TIENGANH', '1', '9', '5.0', N'Tốt', 'NULL');
INSERT INTO KQHTMHHK VALUES ('GDTXVL3722', 'GDTX12D3', '2223HK1', 'LICHSU', '2', '4', '3.0', N'Tốt', 'NULL');
INSERT INTO KQHTMHHK VALUES ('GDTXVL3822', 'GDTX12D4', '2223HK1', 'DIALY', '4', '9', '6.5', N'Tốt', 'NULL');
INSERT INTO KQHTMHHK VALUES ('GDTXVL3922', 'GDTX12D5', '2223HK1', 'SINHHOC', '2', '3', '2.5', N'Tốt', 'NULL');
INSERT INTO KQHTMHHK VALUES ('GDTXVL4021', 'GDTX10N1', '2223HK1', 'HOAHOC', '4', '4', '4.0', N'Tốt', 'NULL');
INSERT INTO KQHTMHHK VALUES ('GDTXVL4121', 'GDTX10N2', '2223HK1', 'VATLY', '10', '9', '9.5', N'Tốt', 'NULL');
INSERT INTO KQHTMHHK VALUES ('GDTXVL1023', 'GDTX10N3', '2223HK1', 'SINHHOC', '7', '10', '8.5', N'Tốt', 'NULL');
INSERT INTO KQHTMHHK VALUES ('GDTXVL1122', 'GDTX10N4', '2223HK1', 'HOAHOC', '10', '3', '6.5', N'Tốt', 'NULL');
INSERT INTO TRUONG VALUES ('THPTTDN', N'THPT TRẦN ĐẠI NGHĨA', N'Xã Tường Lộc, huyện Tam Bình, tỉnh Vĩnh Long', '270371399', 'c3trandainghia@vinhlong.edu.vn', 'HTB', 'THPT');
INSERT INTO TRUONG VALUES ('THPTLVL', N'THPT LƯU VĂN LIỆT', N'P1, Thành phố Vĩnh Long', '270372399', 'c3luuvanliet@gmail.com', 'TPVL', 'THPT');
INSERT INTO LOP VALUES ('TDN10A1', '10', 'THPTTDN');
INSERT INTO LOP VALUES ('TDN10A2', '10', 'THPTTDN');
INSERT INTO LOP VALUES ('TDN10A3', '10', 'THPTTDN');
INSERT INTO LOP VALUES ('TDN11A1', '11', 'THPTTDN');
INSERT INTO LOP VALUES ('TDN11A2', '11', 'THPTTDN');
INSERT INTO LOP VALUES ('TDN11A3', '11', 'THPTTDN');
INSERT INTO LOP VALUES ('TDN12A1', '12', 'THPTTDN');
INSERT INTO LOP VALUES ('TDN12A2', '12', 'THPTTDN');
INSERT INTO LOP VALUES ('TDN12A3', '12', 'THPTTDN');
INSERT INTO LOP VALUES ('LVL10A1', '10', 'THPTLVL');
INSERT INTO LOP VALUES ('LVL10A2', '10', 'THPTLVL');
INSERT INTO LOP VALUES ('LVL10A3', '10', 'THPTLVL');
INSERT INTO LOP VALUES ('LVL11A1', '11', 'THPTLVL');
INSERT INTO LOP VALUES ('LVL11A2', '11', 'THPTLVL');
INSERT INTO LOP VALUES ('LVL11A3', '11', 'THPTLVL');
INSERT INTO LOP VALUES ('LVL12A1', '12', 'THPTLVL');
INSERT INTO LOP VALUES ('LVL12A2', '12', 'THPTLVL');
INSERT INTO LOP VALUES ('LVL12A3', '12', 'THPTLVL');
INSERT INTO PHUHUYNH VALUES ('TDNPH001', N'Phan Thị Thu Nga', N'Mẹ', N'Vĩnh Long', '385524551', 'Nga48@google.com');
INSERT INTO PHUHUYNH VALUES ('TDNPH002', N'Đàm Thị Linh', N'Mẹ', N'Cần Thơ', '385524030', 'Linh92@google.com');
INSERT INTO PHUHUYNH VALUES ('TDNPH003', N'Nguyễn Đại Hùng', 'Cha', N'Vĩnh Long', '385527033', 'Hung83@google.com');
INSERT INTO PHUHUYNH VALUES ('TDNPH004', N'Huỳnh Phạm Thu Tâm', N'Mẹ', 'Tp HCM', '385526832', 'Tam79@google.com');
INSERT INTO PHUHUYNH VALUES ('TDNPH005', N'Lê Đình Khánh', 'Cha', N'Vĩnh Long', '385526750', 'Khanh67@google.com');
INSERT INTO PHUHUYNH VALUES ('TDNPH006', N'Vũ Thị Thảo', N'Mẹ', N'Cần Thơ', '385525299', 'Thao34@google.com');
INSERT INTO PHUHUYNH VALUES ('TDNPH007', N'Nguyễn Thị Thao', N'Mẹ', N'Cần Thơ', '385528349', 'Thao7@google.com');
INSERT INTO PHUHUYNH VALUES ('TDNPH008', N'Bùi Minh Thái', 'Cha', N'Cần Thơ', '385528772', 'Thai12@google.com');
INSERT INTO PHUHUYNH VALUES ('TDNPH009', N'Lê Văn Hùng', 'Cha', 'Tp HCM', '385523818', 'Hung75@google.com');
INSERT INTO PHUHUYNH VALUES ('TDNPH010', N'Lưu Quang Đạo', 'Cha', 'Tp HCM', '385528879', 'Dao20@google.com');
INSERT INTO PHUHUYNH VALUES ('TDNPH011', N'Trần Ngọc Quốc', 'Cha', N'Vĩnh Long', '385525912', 'Quoc7@google.com');
INSERT INTO PHUHUYNH VALUES ('TDNPH012', N'Nguyễn Thái Du', 'Cha', N'Vĩnh Long', '385527272', 'Du79@google.com');
INSERT INTO PHUHUYNH VALUES ('TDNPH013', N'Nguyễn Thị Ngọc Khuyên', N'Mẹ', N'Vĩnh Long', '385524659', 'Khuyen76@google.com');
INSERT INTO PHUHUYNH VALUES ('TDNPH014', N'Phan Thị Thu Nga', N'Mẹ', N'Vĩnh Long', '385521582', 'Nga24@google.com');
INSERT INTO PHUHUYNH VALUES ('TDNPH015', N'Nguyễn Văn Linh', 'Cha', 'Tp HCM', '385529202', 'Linh22@google.com');
INSERT INTO PHUHUYNH VALUES ('TDNPH016', N'Vũ Thị Thảo', N'Mẹ', N'Cần Thơ', '385529986', 'Thao55@google.com');
INSERT INTO PHUHUYNH VALUES ('TDNPH017', N'Mai Ngọc Tú', N'Mẹ', N'Cần Thơ', '385524349', 'Tu39@google.com');
INSERT INTO PHUHUYNH VALUES ('TDNPH018', N'Nguyễn Thị Thao', N'Mẹ', N'Cần Thơ', '385523219', 'Thao8@google.com');
INSERT INTO PHUHUYNH VALUES ('TDNPH019', N'Phan Minh Hoàng', 'Cha', N'Vĩnh Long', '385520491', 'Hoang17@google.com');
INSERT INTO PHUHUYNH VALUES ('TDNPH020', N'Lê Xuân Thọ', 'Cha', N'Vĩnh Long', '385529136', 'Tho29@google.com');
INSERT INTO PHUHUYNH VALUES ('TDNPH021', N'Cao Văn Đồng', 'Cha', N'Cần Thơ', '385523754', 'Dong6@google.com');
INSERT INTO PHUHUYNH VALUES ('TDNPH022', N'Nguyễn Xuân Kiên', 'Cha', N'Vĩnh Long', '385520116', 'Kien78@google.com');
INSERT INTO PHUHUYNH VALUES ('TDNPH023', N'Hoàng Văn Hiếu', 'Cha', 'Tp HCM', '385522497', 'Hieu53@google.com');
INSERT INTO PHUHUYNH VALUES ('TDNPH024', N'Nguyễn Duy Khánh', 'Cha', 'Tp HCM', '385526288', 'Khanh58@google.com');
INSERT INTO PHUHUYNH VALUES ('TDNPH025', N'Nguyễn Hoa Ng Nhật My', N'Mẹ', N'Cần Thơ', '385528718', 'My34@google.com');
INSERT INTO PHUHUYNH VALUES ('TDNPH026', N'Phan Hưng Thịnh', 'Cha', N'Cần Thơ', '385523850', 'Thinh74@google.com');
INSERT INTO PHUHUYNH VALUES ('TDNPH027', N'Nguyễn Văn Kỳ', 'Cha', N'Cần Thơ', '385523227', 'Ky4@google.com');
INSERT INTO PHUHUYNH VALUES ('TDNPH028', N'Đặng Trung Kỳ', 'Cha', N'Vĩnh Long', '385521300', 'Ky88@google.com');
INSERT INTO PHUHUYNH VALUES ('TDNPH029', N'Hoàng Ngọc Ẩn', 'Cha', N'Vĩnh Long', '385529102', 'An30@google.com');
INSERT INTO PHUHUYNH VALUES ('TDNPH030', N'Lê Thị Lan Anh', N'Mẹ', N'Vĩnh Long', '385528925', 'Anh60@google.com');
INSERT INTO PHUHUYNH VALUES ('TDNPH031', N'Trần Tín Hùng', 'Cha', N'Vĩnh Long', '385524741', 'Hung24@google.com');
INSERT INTO PHUHUYNH VALUES ('TDNPH032', N'Trần Triều Hưng', 'Cha', N'Vĩnh Long', '385523139', 'Hung3@google.com');
INSERT INTO PHUHUYNH VALUES ('TDNPH033', N'Nguyễn Thanh Thiện', 'Cha', N'Vĩnh Long', '385523263', 'Thien5@google.com');
INSERT INTO PHUHUYNH VALUES ('TDNPH034', N'Đào Khánh Duy', 'Cha', N'Vĩnh Long', '385525933', 'Duy93@google.com');
INSERT INTO PHUHUYNH VALUES ('TDNPH035', N'Nguyễn Thị Trầm Xuân', N'Mẹ', N'Vĩnh Long', '385520961', 'Xuan16@google.com');
INSERT INTO PHUHUYNH VALUES ('LVLPH001', N'Mai Trần Thái Hoàn', 'Cha', N'Cần Thơ', '385521344', 'Hoan71@google.com');
INSERT INTO PHUHUYNH VALUES ('LVLPH002', N'Lê Thị Kim Trang', N'Mẹ', N'Cần Thơ', '385521340', 'Trang3@google.com');
INSERT INTO PHUHUYNH VALUES ('LVLPH003', N'Đặng Thế Anh', N'Mẹ', 'Tp HCM', '385524580', 'Anh78@google.com');
INSERT INTO PHUHUYNH VALUES ('LVLPH004', N'Nguyễn Duy Khánh', 'Cha', 'Tp HCM', '385528538', 'Khanh100@google.com');
INSERT INTO PHUHUYNH VALUES ('LVLPH005', N'Nguyễn Bá Quang Huy', 'Cha', N'Vĩnh Long', '385529390', 'Huy93@google.com');
INSERT INTO PHUHUYNH VALUES ('LVLPH006', N'Phan Thị Vân Trang', N'Mẹ', N'Vĩnh Long', '385525088', 'Trang70@google.com');
INSERT INTO PHUHUYNH VALUES ('LVLPH007', N'Lê Văn Hải', 'Cha', N'Vĩnh Long', '385523609', 'Hai73@google.com');
INSERT INTO PHUHUYNH VALUES ('LVLPH008', N'Hoàng Thị Soi', N'Mẹ', 'Tp HCM', '385521195', 'Soi70@google.com');
INSERT INTO PHUHUYNH VALUES ('LVLPH009', N'Vũ Duy Hiếu', 'Cha', N'Vĩnh Long', '385526061', 'Hieu46@google.com');
INSERT INTO PHUHUYNH VALUES ('LVLPH010', N'Dương Đinh Trúc Linh', N'Mẹ', N'Vĩnh Long', '385521352', 'Linh34@google.com');
INSERT INTO PHUHUYNH VALUES ('LVLPH011', N'Trần Minh Tân', 'Cha', N'Vĩnh Long', '385523100', 'Tan36@google.com');
INSERT INTO PHUHUYNH VALUES ('LVLPH012', N'Trần Lê Ngọc Ngân', N'Mẹ', 'Tp HCM', '385526230', 'Ngan13@google.com');
INSERT INTO PHUHUYNH VALUES ('LVLPH013', N'Chung Thị Kim Chi', N'Mẹ', 'Tp HCM', '385527755', 'Chi72@google.com');
INSERT INTO PHUHUYNH VALUES ('LVLPH014', N'Nguyễn Thái Du', 'Cha', N'Vĩnh Long', '385529788', 'Du10@google.com');
INSERT INTO PHUHUYNH VALUES ('LVLPH015', N'Mai Ngọc Tú', N'Mẹ', N'Vĩnh Long', '385521943', 'Tu17@google.com');
INSERT INTO PHUHUYNH VALUES ('LVLPH016', N'Đinh Thị Kim Dung', N'Mẹ', N'Cần Thơ', '385528525', 'Dung64@google.com');
INSERT INTO PHUHUYNH VALUES ('LVLPH017', N'Lê Văn Hùng', 'Cha', N'Cần Thơ', '385526855', 'Hung23@google.com');
INSERT INTO PHUHUYNH VALUES ('LVLPH018', N'Khúc Ngọc Khánh', N'Mẹ', N'Cần Thơ', '385527048', 'Khanh22@google.com');
INSERT INTO PHUHUYNH VALUES ('LVLPH019', N'Đàm Quốc Việt', 'Cha', N'Cần Thơ', '385522190', 'Viet71@google.com');
INSERT INTO PHUHUYNH VALUES ('LVLPH020', N'Hồ Vũ Quất', 'Cha', N'Vĩnh Long', '385528527', 'Quat56@google.com');
INSERT INTO PHUHUYNH VALUES ('LVLPH021', N'Trần Viết Hiệp', 'Cha', N'Vĩnh Long', '385524459', 'Hiep29@google.com');
INSERT INTO PHUHUYNH VALUES ('LVLPH022', N'Chung Thị Kim Chi', N'Mẹ', N'Cần Thơ', '385527618', 'Chi78@google.com');
INSERT INTO PHUHUYNH VALUES ('LVLPH023', N'Lương Bảo Thái', 'Cha', N'Cần Thơ', '385522936', 'Thai58@google.com');
INSERT INTO PHUHUYNH VALUES ('LVLPH024', N'Phan Trang Vũ Thanh', 'Cha', 'Tp HCM', '385526725', 'Thanh29@google.com');
INSERT INTO PHUHUYNH VALUES ('LVLPH025', N'Huỳnh Quang Trạng', 'Cha', N'Vĩnh Long', '385523491', 'Trang100@google.com');
INSERT INTO PHUHUYNH VALUES ('LVLPH026', N'Huỳnh Ngọc Xuân Ngân', N'Mẹ', N'Vĩnh Long', '385523489', 'Ngan83@google.com');
INSERT INTO PHUHUYNH VALUES ('LVLPH027', N'Phù Hoài Bão', 'Cha', N'Vĩnh Long', '385527778', 'Bao38@google.com');
INSERT INTO PHUHUYNH VALUES ('LVLPH028', N'Vương Việt Anh', 'Cha', N'Vĩnh Long', '385525003', 'Anh7@google.com');
INSERT INTO PHUHUYNH VALUES ('LVLPH029', N'Nguyễn Lương Bằng', 'Cha', N'Vĩnh Long', '385527323', 'Bang7@google.com');
INSERT INTO PHUHUYNH VALUES ('LVLPH030', N'Phan Thị Thu Nga', N'Mẹ', N'Vĩnh Long', '385523942', 'Nga67@google.com');
INSERT INTO PHUHUYNH VALUES ('LVLPH031', N'Nguyễn Thị Thúy An', N'Mẹ', N'Vĩnh Long', '385528456', 'An88@google.com');
INSERT INTO PHUHUYNH VALUES ('LVLPH032', N'Phan Huỳnh Hoa Huyền', N'Mẹ', N'Vĩnh Long', '385529792', 'Huyen9@google.com');
INSERT INTO PHUHUYNH VALUES ('LVLPH033', N'Phan Thanh Thiên', N'Mẹ', N'Vĩnh Long', '385523920', 'Thien65@google.com');
INSERT INTO PHUHUYNH VALUES ('LVLPH034', N'Phạm Thị Anh Đào', N'Mẹ', N'Vĩnh Long', '385526354', 'Dao61@google.com');
INSERT INTO PHUHUYNH VALUES ('LVLPH035', N'Lưu Ngọc Kim Ngân', N'Mẹ', N'Vĩnh Long', '385529634', 'Ngan42@google.com');
INSERT INTO HOCSINH VALUES ('TDNHS001', N'Đỗ Anh Dương', '2008-02-26', '1', N'Vĩnh Long', 'VL');
INSERT INTO HOCSINH VALUES ('TDNHS002', N'Phùng Văn Phong', '2007-09-13', '1', N'Vĩnh Long', 'CT');
INSERT INTO HOCSINH VALUES ('TDNHS003', N'Phan Huyền Châm', '2008-05-06', '0', N'Vĩnh Long', 'VL');
INSERT INTO HOCSINH VALUES ('TDNHS004', N'Đỗ Quốc Duy', '2008-07-04', '1', N'Vĩnh Long', 'CM');
INSERT INTO HOCSINH VALUES ('TDNHS005', N'Lê Thị Minh Thơ', '2006-12-20', '0', N'Đồng Tháp', 'CT');
INSERT INTO HOCSINH VALUES ('TDNHS006', N'Đỗ Quốc Duy', '2007-07-23', '1', N'Tiền Giang', 'CM');
INSERT INTO HOCSINH VALUES ('TDNHS007', N'Nguyễn Bá Đôn', '2007-04-17', '1', N'Vĩnh Long', 'VL');
INSERT INTO HOCSINH VALUES ('TDNHS008', N'Lê Thị Kim Trang', '2007-02-13', '0', N'Vĩnh Long', 'CT');
INSERT INTO HOCSINH VALUES ('TDNHS009', N'Nguyễn Thị Tâm', '2008-07-28', '0', N'Đồng Tháp', 'VL');
INSERT INTO HOCSINH VALUES ('TDNHS010', N'Trần Hoàng Thông', '2006-05-23', '1', N'Tiền Giang', 'CM');
INSERT INTO HOCSINH VALUES ('TDNHS011', N'Lê Minh Tú', '2008-02-23', '1', N'Vĩnh Long', 'VL');
INSERT INTO HOCSINH VALUES ('TDNHS012', N'Huỳnh Quang Trạng', '2006-03-13', '1', N'Vĩnh Long', 'CT');
INSERT INTO HOCSINH VALUES ('TDNHS013', N'Trần Thị Khánh Nguyên', '2006-06-20', '0', N'Vĩnh Long', 'VL');
INSERT INTO HOCSINH VALUES ('TDNHS014', N'Huỳnh Nguyễn Hữu Nhân', '2006-11-07', '1', N'Vĩnh Long', 'VL');
INSERT INTO HOCSINH VALUES ('TDNHS015', N'Bùi Nguyễn Hoài Dung', '2007-07-15', '0', N'Vĩnh Long', 'VL');
INSERT INTO HOCSINH VALUES ('TDNHS016', N'Lư Vĩnh Phi', '2008-01-12', '1', N'Đồng Tháp', 'CT');
INSERT INTO HOCSINH VALUES ('TDNHS017', N'Nguyễn Châu Thanh Thảo', '2006-10-19', '0', N'Cần Thơ', 'VL');
INSERT INTO HOCSINH VALUES ('TDNHS018', N'Trần Thị Khánh Nguyên', '2007-02-12', '0', N'Cần Thơ', 'VL');
INSERT INTO HOCSINH VALUES ('TDNHS019', N'Vũ Lê Anh Quân', '2006-07-07', '1', N'Đồng Tháp', 'VL');
INSERT INTO HOCSINH VALUES ('TDNHS020', N'Phan Thị Vân Trang', '2006-08-27', '0', N'Cần Thơ', 'VL');
INSERT INTO HOCSINH VALUES ('TDNHS021', N'Lại Thị Tuyết Anh', '2007-06-15', '0', N'Đồng Tháp', 'CT');
INSERT INTO HOCSINH VALUES ('TDNHS022', N'Võ Thị Trâm Anh', '2006-11-19', '0', N'Đồng Tháp', 'VL');
INSERT INTO HOCSINH VALUES ('TDNHS023', N'Lỳ Mò Hừ', '2007-12-29', '0', N'Vĩnh Long', 'VL');
INSERT INTO HOCSINH VALUES ('TDNHS024', N'Phan Vũ Phong', '2008-07-19', '1', N'Vĩnh Long', 'CT');
INSERT INTO HOCSINH VALUES ('TDNHS025', N'An Minh Hùng', '2007-12-02', '1', N'Cà Mau', 'VL');
INSERT INTO HOCSINH VALUES ('TDNHS026', N'Nguyễn Thị Tâm', '2008-01-27', '0', N'Vĩnh Long', 'VL');
INSERT INTO HOCSINH VALUES ('TDNHS027', N'Võ Thị Mỹ Hảo', '2008-05-28', '0', N'Vĩnh Long', 'VL');
INSERT INTO HOCSINH VALUES ('TDNHS028', N'Hoàng Thị Tâm', '2006-12-13', '0', N'Vĩnh Long', 'CT');
INSERT INTO HOCSINH VALUES ('TDNHS029', N'Khúc Ngọc Khánh', '2006-01-18', '0', N'Cà Mau', 'VL');
INSERT INTO HOCSINH VALUES ('TDNHS030', N'Tạ Quang Trường', '2006-09-15', '1', N'Tiền Giang', 'VL');
INSERT INTO HOCSINH VALUES ('TDNHS031', N'Mai Trần Thái Hoàn', '2006-05-11', '1', N'Vĩnh Long', 'VL');
INSERT INTO HOCSINH VALUES ('TDNHS032', N'Ngô Thế Minh', '2006-08-24', '1', N'Vĩnh Long', 'VL');
INSERT INTO HOCSINH VALUES ('TDNHS033', N'Phạm Thị Anh Đào', '2006-12-21', '0', N'Vĩnh Long', 'VL');
INSERT INTO HOCSINH VALUES ('TDNHS034', N'Nguyễn Đinh Thảo Ngân', '2006-11-15', '0', N'Vĩnh Long', 'CT');
INSERT INTO HOCSINH VALUES ('TDNHS035', N'Dương Đinh Trúc Linh', '2007-06-11', '0', N'Vĩnh Long', 'VL');
INSERT INTO HOCSINH VALUES ('TDNHS036', N'Nguyễn Nhật Thuận', '2007-09-26', '1', N'Cà Mau', 'VL');
INSERT INTO HOCSINH VALUES ('TDNHS037', N'Khúc Ngọc Khánh', '2006-04-19', '0', N'Vĩnh Long', 'VL');
INSERT INTO HOCSINH VALUES ('TDNHS038', N'Nguyễn Bình Dương', '2008-11-26', '1', N'Bình Dương', 'VL');
INSERT INTO HOCSINH VALUES ('TDNHS039', N'Nguyễn Thế Thông', '2007-07-19', '1', N'Đồng Tháp', 'CT');
INSERT INTO HOCSINH VALUES ('TDNHS040', N'Dương Thành Nhân', '2008-06-02', '1', N'Cần Thơ', 'CT');
INSERT INTO HOCSINH VALUES ('TDNHS041', N'Vũ Duy Hiếu', '2006-08-04', '1', N'Cà Mau', 'VL');
INSERT INTO HOCSINH VALUES ('TDNHS042', N'Dương Đinh Trúc Linh', '2007-02-04', '0', N'Vĩnh Long', 'VL');
INSERT INTO HOCSINH VALUES ('TDNHS043', N'Lê Minh Tấn', '2006-10-11', '1', N'Vĩnh Long', 'VL');
INSERT INTO HOCSINH VALUES ('TDNHS044', N'Võ Thị Cẩm Như', '2007-12-04', '0', N'Cà Mau', 'VL');
INSERT INTO HOCSINH VALUES ('TDNHS045', N'Phùng Văn Phong', '2007-09-24', '1', N'Vĩnh Long', 'CT');
INSERT INTO HOCSINH VALUES ('TDNHS046', N'Cao Thuận Hoài', '2008-08-01', '1', N'Vĩnh Long', 'VL');
INSERT INTO HOCSINH VALUES ('TDNHS047', N'Phan Mỹ Ngọc', '2008-01-11', '0', N'Tiền Giang', 'VL');
INSERT INTO HOCSINH VALUES ('TDNHS048', N'Lê Thị Thúy Quỳnh', '2007-08-21', '0', N'Vĩnh Long', 'VL');
INSERT INTO HOCSINH VALUES ('TDNHS049', N'Võ Thanh Sơn', '2007-05-20', '1', N'Cà Mau', 'CT');
INSERT INTO HOCSINH VALUES ('TDNHS050', N'Nguyễn Thị Đình Hường', '2008-08-21', '0', N'Cà Mau', 'VL');
INSERT INTO HOCSINH VALUES ('TDNHS051', N'Phù Hoài Bão', '2008-11-12', '1', N'Bình Dương', 'VL');
INSERT INTO HOCSINH VALUES ('TDNHS052', N'An Minh Hùng', '2007-03-19', '1', N'Tiền Giang', 'CT');
INSERT INTO HOCSINH VALUES ('TDNHS053', N'Huỳnh Minh Kha', '2007-03-24', '1', N'Vĩnh Long', 'CM');
INSERT INTO HOCSINH VALUES ('TDNHS054', N'Phạm Minh Sơn', '2008-02-26', '1', N'Vĩnh Long', 'VL');
INSERT INTO HOCSINH VALUES ('TDNHS055', N'Phan Minh Hoàng', '2007-01-17', '1', N'Vĩnh Long', 'VL');
INSERT INTO HOCSINH VALUES ('TDNHS056', N'Nguyễn Đặng Hải Nam', '2006-01-03', '1', N'Vĩnh Long', 'CT');
INSERT INTO HOCSINH VALUES ('TDNHS057', N'Phan Thị Vân Trang', '2008-03-14', '0', N'Cà Mau', 'VL');
INSERT INTO HOCSINH VALUES ('TDNHS058', N'Nguyễn Đinh Thảo Ngân', '2007-01-03', '0', N'Cà Mau', 'VL');
INSERT INTO HOCSINH VALUES ('TDNHS059', N'Trương Đình Đức Trí', '2007-08-06', '1', N'Tiền Giang', 'CM');
INSERT INTO HOCSINH VALUES ('TDNHS060', N'Hoàng Thị Tâm', '2008-12-22', '0', N'Cà Mau', 'CT');
INSERT INTO HOCSINH VALUES ('TDNHS061', N'Mai Ngọc Tú', '2006-04-23', '0', N'Vĩnh Long', 'VL');
INSERT INTO HOCSINH VALUES ('TDNHS062', N'Nguyễn Thanh Liêm', '2008-08-01', '1', N'Tiền Giang', 'CM');
INSERT INTO HOCSINH VALUES ('TDNHS063', N'Trần Như Phương', '2007-06-12', '0', N'Vĩnh Long', 'VL');
INSERT INTO HOCSINH VALUES ('TDNHS064', N'Huỳnh Nguyễn Hữu Nhân', '2006-07-30', '1', N'Vĩnh Long', 'CT');
INSERT INTO HOCSINH VALUES ('TDNHS065', N'Nguyễn Võ Lê Trần Huỳnh', '2007-04-24', '1', N'Cà Mau', 'VL');
INSERT INTO HOCSINH VALUES ('TDNHS066', N'Trần Khắc Sinh', '2007-11-26', '1', N'Cần Thơ', 'VL');
INSERT INTO HOCSINH VALUES ('TDNHS067', N'Nguyễn Đăng Dụng', '2006-04-12', '1', N'Cần Thơ', 'VL');
INSERT INTO HOCSINH VALUES ('TDNHS068', N'Võ Thanh Thiên Toán', '2007-08-19', '1', N'Tiền Giang', 'VL');
INSERT INTO HOCSINH VALUES ('TDNHS069', N'Dương Đinh Trúc Linh', '2007-10-08', '0', N'Bình Dương', 'VL');
INSERT INTO HOCSINH VALUES ('TDNHS070', N'Trần Thạch Thảo', '2007-10-19', '0', N'Cần Thơ', 'VL');
INSERT INTO HOCSINH VALUES ('TDNHS071', N'Võ Thanh Lâm', '2008-05-22', '1', N'Tiền Giang', 'VL');
INSERT INTO HOCSINH VALUES ('TDNHS072', N'Phạm Trung Nghĩa', '2006-11-04', '1', N'Đồng Nai', 'VL');
INSERT INTO HOCSINH VALUES ('TDNHS073', N'Phạm Cao Bắc', '2007-07-31', '1', N'Vĩnh Long', 'VL');
INSERT INTO HOCSINH VALUES ('TDNHS074', N'Vũ Thanh Khiết', '2008-08-31', '1', N'Tiền Giang', 'CT');
INSERT INTO HOCSINH VALUES ('TDNHS075', N'Nguyễn Đăng Dụng', '2006-03-15', '1', N'Vĩnh Long', 'VL');
INSERT INTO HOCSINH VALUES ('TDNHS076', N'Vũ Đình Khải', '2008-08-03', '1', N'Vĩnh Long', 'VL');
INSERT INTO HOCSINH VALUES ('TDNHS077', N'Ngô Thị Mỹ Liên', '2007-04-19', '0', N'Vĩnh Long', 'VL');
INSERT INTO HOCSINH VALUES ('TDNHS078', N'Phạm Thị Tú Uyên', '2007-09-28', '0', N'Đồng Nai', 'VL');
INSERT INTO HOCSINH VALUES ('TDNHS079', N'Đỗ Thành Công', '2006-11-21', '1', N'Cần Thơ', 'VL');
INSERT INTO HOCSINH VALUES ('LVLHS001', N'Lê Minh Tấn', '2007-09-06', '1', N'Đồng Nai', 'VL');
INSERT INTO HOCSINH VALUES ('LVLHS002', N'Đặng Quang Trường', '2006-10-07', '1', N'Đồng Nai', 'CT');
INSERT INTO HOCSINH VALUES ('LVLHS003', N'Hoàng Ngọc Ẩn', '2007-12-20', '1', N'Vĩnh Long', 'VL');
INSERT INTO HOCSINH VALUES ('LVLHS004', N'Nguyễn Anh Minh', '2006-09-06', '1', N'Vĩnh Long', 'VL');
INSERT INTO HOCSINH VALUES ('LVLHS005', N'Phạm Hoàng Việt', '2008-06-28', '1', N'Tiền Giang', 'VL');
INSERT INTO HOCSINH VALUES ('LVLHS006', N'Mai Trần Thái Hoàn', '2007-11-28', '1', N'Vĩnh Long', 'VL');
INSERT INTO HOCSINH VALUES ('LVLHS007', N'Phan Hoàng Bích Ngọc', '2007-05-25', '0', N'Cần Thơ', 'VL');
INSERT INTO HOCSINH VALUES ('LVLHS008', N'Vũ Thị Thảo', '2008-12-25', '0', N'Đồng Nai', 'CT');
INSERT INTO HOCSINH VALUES ('LVLHS009', N'Huỳnh Tuyết Ngân', '2008-05-07', '0', N'Đồng Tháp', 'VL');
INSERT INTO HOCSINH VALUES ('LVLHS010', N'Nguyễn Thị Cường', '2006-06-30', '0', N'Cần Thơ', 'VL');
INSERT INTO HOCSINH VALUES ('LVLHS011', N'Nguyễn Hữu Hoàng Phương', '2007-08-27', '0', N'Bình Dương', 'VL');
INSERT INTO HOCSINH VALUES ('LVLHS012', N'Nguyễn Thị Mai Trúc', '2007-12-22', '0', N'Cần Thơ', 'VL');
INSERT INTO HOCSINH VALUES ('LVLHS013', N'Lý Nguyễn Phương Anh', '2007-12-04', '0', N'Bình Dương', 'VL');
INSERT INTO HOCSINH VALUES ('LVLHS014', N'Đào Khánh Duy', '2006-10-06', '1', N'Vĩnh Long', 'VL');
INSERT INTO HOCSINH VALUES ('LVLHS015', N'Tạ Quang Trường', '2006-08-14', '1', N'Vĩnh Long', 'CM');
INSERT INTO HOCSINH VALUES ('LVLHS016', N'Hạ Thanh Phương', '2007-09-21', '0', N'Vĩnh Long', 'VL');
INSERT INTO HOCSINH VALUES ('LVLHS017', N'Hoàng Công Minh', '2006-05-02', '1', 'TP HCM', 'VL');
INSERT INTO HOCSINH VALUES ('LVLHS018', N'Đinh Đình Hoài Phúc', '2007-12-09', '1', N'Tiền Giang', 'VL');
INSERT INTO HOCSINH VALUES ('LVLHS019', N'Phan Vũ Phong', '2008-08-16', '1', N'Cần Thơ', 'VL');
INSERT INTO HOCSINH VALUES ('LVLHS020', N'Lê Thanh Tân', '2007-02-08', '1', N'Vĩnh Long', 'CM');
INSERT INTO HOCSINH VALUES ('LVLHS021', N'Phan Mỹ Ngọc', '2008-01-30', '0', N'Vĩnh Long', 'VL');
INSERT INTO HOCSINH VALUES ('LVLHS022', N'Bùi Thanh Tùng', '2006-11-05', '1', N'Tiền Giang', 'VL');
INSERT INTO HOCSINH VALUES ('LVLHS023', N'Phạm Thị Anh Đào', '2006-05-02', '0', N'Cần Thơ', 'VL');
INSERT INTO HOCSINH VALUES ('LVLHS024', N'Nguyễn Thị Tâm', '2008-04-19', '0', 'TP HCM', 'VL');
INSERT INTO HOCSINH VALUES ('LVLHS025', N'Lục Cam Cúc', '2006-06-15', '0', N'Vĩnh Long', 'VL');
INSERT INTO HOCSINH VALUES ('LVLHS026', N'Ngô Đình Hào', '2007-02-08', '1', N'Vĩnh Long', 'TG');
INSERT INTO HOCSINH VALUES ('LVLHS027', N'Đào Quang Trung Nguyên', '2007-05-29', '1', N'Cần Thơ', 'VL');
INSERT INTO HOCSINH VALUES ('LVLHS028', N'Nông Thị Huệ', '2006-03-31', '0', N'Tiền Giang', 'TG');
INSERT INTO HOCSINH VALUES ('LVLHS029', N'Lưu Văn Duy', '2008-01-26', '1', N'Cần Thơ', 'VL');
INSERT INTO HOCSINH VALUES ('LVLHS030', N'Lê Tuấn Sang', '2006-07-08', '1', N'Tiền Giang', 'TG');
INSERT INTO HOCSINH VALUES ('LVLHS031', N'Phan Hoàng Anh Tài', '2008-02-29', '1', N'Cần Thơ', 'TG');
INSERT INTO HOCSINH VALUES ('LVLHS032', N'Nguyễn Danh Vương', '2006-02-04', '1', N'Cần Thơ', 'VL');
INSERT INTO HOCSINH VALUES ('LVLHS033', N'Đỗ Đình Lợi', '2006-09-30', '1', N'Tiền Giang', 'CT');
INSERT INTO HOCSINH VALUES ('LVLHS034', N'Phan Thị Thanh Tuyền', '2007-05-04', '0', N'Cần Thơ', 'TG');
INSERT INTO HOCSINH VALUES ('LVLHS035', N'Phan Thanh Thiên', '2008-03-02', '1', N'Cần Thơ', 'VL');
INSERT INTO HOCSINH VALUES ('LVLHS036', N'Nguyễn Bá Quang Huy', '2008-04-26', '1', N'Vĩnh Long', 'VL');
INSERT INTO HOCSINH VALUES ('LVLHS037', N'Nguyễn Nhật Thuận', '2008-04-11', '1', N'Cần Thơ', 'VL');
INSERT INTO HOCSINH VALUES ('LVLHS038', N'Nguyễn Thanh Liêm', '2007-09-11', '1', N'Cần Thơ', 'CT');
INSERT INTO HOCSINH VALUES ('LVLHS039', N'Hà Thị Thùy Dương', '2007-10-20', '1', N'Tiền Giang', 'VL');
INSERT INTO HOCSINH VALUES ('LVLHS040', N'Nguyễn Hoàng Long', '2007-05-16', '1', N'Cần Thơ', 'VL');
INSERT INTO HOCSINH VALUES ('LVLHS041', N'Vũ Thanh Khiết', '2006-02-16', '1', N'Cần Thơ', 'VL');
INSERT INTO HOCSINH VALUES ('LVLHS042', N'Tạ Quang Trường', '2007-11-09', '1', 'TP HCM', 'VL');
INSERT INTO HOCSINH VALUES ('LVLHS043', N'Phan Trang Vũ Thanh', '2007-02-08', '0', N'Cần Thơ', 'TG');
INSERT INTO HOCSINH VALUES ('LVLHS044', N'Nguyễn Thị Thanh Kiều', '2007-10-28', '0', 'TP HCM', 'VL');
INSERT INTO HOCSINH VALUES ('LVLHS045', N'Chung Thị Kim Chi', '2007-04-09', '0', 'TP HCM', 'VL');
INSERT INTO HOCSINH VALUES ('LVLHS046', N'Lê Quang Phú', '2007-08-15', '1', N'Tiền Giang', 'CT');
INSERT INTO HOCSINH VALUES ('LVLHS047', N'Trương Đức Việt', '2006-01-25', '1', N'Vĩnh Long', 'VL');
INSERT INTO HOCSINH VALUES ('LVLHS048', N'Dương Đinh Trúc Linh', '2008-10-31', '0', N'Vĩnh Long', 'VL');
INSERT INTO HOCSINH VALUES ('LVLHS049', N'Hồ Vũ Quất', '2007-03-02', '1', N'Vĩnh Long', 'VL');
INSERT INTO HOCSINH VALUES ('LVLHS050', N'Cao Văn Đồng', '2008-11-15', '1', N'Tiền Giang', 'CT');
INSERT INTO HOCSINH VALUES ('LVLHS051', N'Đỗ Minh Dương', '2007-09-26', '1', N'Vĩnh Long', 'VL');
INSERT INTO HOCSINH VALUES ('LVLHS052', N'Ngô Võ Anh Tuấn', '2008-08-19', '1', N'Vĩnh Long', 'VL');
INSERT INTO HOCSINH VALUES ('LVLHS053', N'Đinh Đức Hùng', '2007-01-19', '1', 'TP HCM', 'VL');
INSERT INTO HOCSINH VALUES ('LVLHS054', N'Hoàng Thanh Thảo', '2007-11-17', '0', 'TP HCM', 'VL');
INSERT INTO HOCSINH VALUES ('LVLHS055', N'Nguyễn Thị Thanh Thuyết', '2008-09-25', '0', N'Tiền Giang', 'VL');
INSERT INTO HOCSINH VALUES ('LVLHS056', N'Lê Thị Hồng Thắm', '2006-12-06', '0', N'Vĩnh Long', 'VL');
INSERT INTO HOCSINH VALUES ('LVLHS057', N'Mai Trần Thái Hoàn', '2008-06-06', '1', N'Đồng Nai', 'VL');
INSERT INTO HOCSINH VALUES ('LVLHS058', N'Hồ Thị Kim Loan', '2007-06-13', '0', N'Đồng Nai', 'CT');
INSERT INTO HOCSINH VALUES ('LVLHS059', N'Nguyễn Thị Thanh Thuyết', '2007-06-03', '0', N'Cần Thơ', 'VL');
INSERT INTO HOCSINH VALUES ('LVLHS060', N'Nguyễn Ngọc Đoan Anh', '2007-01-26', '0', N'Tiền Giang', 'VL');
INSERT INTO HOCSINH VALUES ('LVLHS061', N'Đào Minh Anh', '2008-01-18', '0', N'Đồng Nai', 'CT');
INSERT INTO HOCSINH VALUES ('LVLHS062', N'Phan Tấn Nhất Khâm', '2008-09-23', '1', N'Vĩnh Long', 'VL');
INSERT INTO HOCSINH VALUES ('LVLHS063', N'Võ Thanh Lâm', '2008-04-15', '1', N'Vĩnh Long', 'VL');
INSERT INTO HOCSINH VALUES ('LVLHS064', N'Lê Khắc Tùng', '2006-07-21', '1', N'Vĩnh Long', 'VL');
INSERT INTO HOCSINH VALUES ('LVLHS065', N'Lưu Quốc Đạt', '2007-05-24', '1', N'Vĩnh Long', 'CT');
INSERT INTO HOCSINH VALUES ('LVLHS066', N'Bùi Minh Thái', '2006-07-07', '1', N'Đồng Nai', 'VL');
INSERT INTO HOCSINH VALUES ('LVLHS067', N'Dương Bá Đức', '2006-10-03', '1', N'Cần Thơ', 'VL');
INSERT INTO HOCSINH VALUES ('LVLHS068', N'Nguyễn Hoa Ng Nhật My', '2008-01-08', '0', N'Vĩnh Long', 'TG');
INSERT INTO HOCSINH VALUES ('LVLHS069', N'Nguyễn Anh Minh', '2007-06-01', '1', N'Đồng Tháp', 'VL');
INSERT INTO HOCSINH VALUES ('LVLHS070', N'Lê Hoài Sanh', '2006-10-22', '1', N'Vĩnh Long', 'VL');
INSERT INTO HOCSINH VALUES ('LVLHS071', N'Võ Văn Tư', '2006-06-15', '1', N'Tiền Giang', 'CT');
INSERT INTO HOCSINH VALUES ('LVLHS072', N'Đàm Quốc Việt', '2006-03-23', '1', N'Vĩnh Long', 'TG');
INSERT INTO HOCSINH VALUES ('LVLHS073', N'Bùi Thị Thu Sen', '2007-04-08', '0', N'Cần Thơ', 'TG');
INSERT INTO HOCSINH VALUES ('LVLHS074', N'Trần Thị Thuý Kiều', '2008-05-06', '0', N'Vĩnh Long', 'TG');
INSERT INTO HOCSINH VALUES ('LVLHS075', N'Đỗ Minh Dương', '2008-04-09', '1', 'TP HCM', 'VL');
INSERT INTO PH_HS VALUES ('TDNPH001', 'TDNHS071');
INSERT INTO PH_HS VALUES ('TDNPH002', 'TDNHS019');
INSERT INTO PH_HS VALUES ('TDNPH003', 'TDNHS029');
INSERT INTO PH_HS VALUES ('TDNPH004', 'TDNHS073');
INSERT INTO PH_HS VALUES ('TDNPH005', 'TDNHS049');
INSERT INTO PH_HS VALUES ('TDNPH006', 'TDNHS024');
INSERT INTO PH_HS VALUES ('TDNPH007', 'TDNHS007');
INSERT INTO PH_HS VALUES ('TDNPH008', 'TDNHS052');
INSERT INTO PH_HS VALUES ('TDNPH009', 'TDNHS017');
INSERT INTO PH_HS VALUES ('TDNPH010', 'TDNHS008');
INSERT INTO PH_HS VALUES ('TDNPH011', 'TDNHS075');
INSERT INTO PH_HS VALUES ('TDNPH012', 'TDNHS044');
INSERT INTO PH_HS VALUES ('TDNPH013', 'TDNHS031');
INSERT INTO PH_HS VALUES ('TDNPH014', 'TDNHS076');
INSERT INTO PH_HS VALUES ('TDNPH015', 'TDNHS018');
INSERT INTO PH_HS VALUES ('TDNPH016', 'TDNHS015');
INSERT INTO PH_HS VALUES ('TDNPH017', 'TDNHS026');
INSERT INTO PH_HS VALUES ('TDNPH018', 'TDNHS042');
INSERT INTO PH_HS VALUES ('TDNPH019', 'TDNHS065');
INSERT INTO PH_HS VALUES ('TDNPH020', 'TDNHS008');
INSERT INTO PH_HS VALUES ('TDNPH021', 'TDNHS067');
INSERT INTO PH_HS VALUES ('TDNPH022', 'TDNHS035');
INSERT INTO PH_HS VALUES ('TDNPH023', 'TDNHS058');
INSERT INTO PH_HS VALUES ('TDNPH024', 'TDNHS046');
INSERT INTO PH_HS VALUES ('TDNPH025', 'TDNHS004');
INSERT INTO PH_HS VALUES ('TDNPH026', 'TDNHS041');
INSERT INTO PH_HS VALUES ('TDNPH027', 'TDNHS029');
INSERT INTO PH_HS VALUES ('TDNPH028', 'TDNHS079');
INSERT INTO PH_HS VALUES ('TDNPH029', 'TDNHS017');
INSERT INTO PH_HS VALUES ('TDNPH030', 'TDNHS028');
INSERT INTO PH_HS VALUES ('TDNPH031', 'TDNHS030');
INSERT INTO PH_HS VALUES ('TDNPH032', 'TDNHS050');
INSERT INTO PH_HS VALUES ('TDNPH033', 'TDNHS064');
INSERT INTO PH_HS VALUES ('TDNPH034', 'TDNHS005');
INSERT INTO PH_HS VALUES ('TDNPH035', 'TDNHS078');
INSERT INTO PH_HS VALUES ('LVLPH001', 'LVLHS005');
INSERT INTO PH_HS VALUES ('LVLPH002', 'LVLHS049');
INSERT INTO PH_HS VALUES ('LVLPH003', 'LVLHS031');
INSERT INTO PH_HS VALUES ('LVLPH004', 'LVLHS053');
INSERT INTO PH_HS VALUES ('LVLPH005', 'LVLHS042');
INSERT INTO PH_HS VALUES ('LVLPH006', 'LVLHS031');
INSERT INTO PH_HS VALUES ('LVLPH007', 'LVLHS023');
INSERT INTO PH_HS VALUES ('LVLPH008', 'LVLHS034');
INSERT INTO PH_HS VALUES ('LVLPH009', 'LVLHS056');
INSERT INTO PH_HS VALUES ('LVLPH010', 'LVLHS043');
INSERT INTO PH_HS VALUES ('LVLPH011', 'LVLHS070');
INSERT INTO PH_HS VALUES ('LVLPH012', 'LVLHS074');
INSERT INTO PH_HS VALUES ('LVLPH013', 'LVLHS026');
INSERT INTO PH_HS VALUES ('LVLPH014', 'LVLHS025');
INSERT INTO PH_HS VALUES ('LVLPH015', 'LVLHS009');
INSERT INTO PH_HS VALUES ('LVLPH016', 'LVLHS001');
INSERT INTO PH_HS VALUES ('LVLPH017', 'LVLHS054');
INSERT INTO PH_HS VALUES ('LVLPH018', 'LVLHS066');
INSERT INTO PH_HS VALUES ('LVLPH019', 'LVLHS025');
INSERT INTO PH_HS VALUES ('LVLPH020', 'LVLHS054');
INSERT INTO PH_HS VALUES ('LVLPH021', 'LVLHS045');
INSERT INTO PH_HS VALUES ('LVLPH022', 'LVLHS066');
INSERT INTO PH_HS VALUES ('LVLPH023', 'LVLHS026');
INSERT INTO PH_HS VALUES ('LVLPH024', 'LVLHS057');
INSERT INTO PH_HS VALUES ('LVLPH025', 'LVLHS042');
INSERT INTO PH_HS VALUES ('LVLPH026', 'LVLHS011');
INSERT INTO PH_HS VALUES ('LVLPH027', 'LVLHS010');
INSERT INTO PH_HS VALUES ('LVLPH028', 'LVLHS048');
INSERT INTO PH_HS VALUES ('LVLPH029', 'LVLHS075');
INSERT INTO PH_HS VALUES ('LVLPH030', 'LVLHS071');
INSERT INTO PH_HS VALUES ('LVLPH031', 'LVLHS060');
INSERT INTO PH_HS VALUES ('LVLPH032', 'LVLHS061');
INSERT INTO PH_HS VALUES ('LVLPH033', 'LVLHS061');
INSERT INTO PH_HS VALUES ('LVLPH034', 'LVLHS010');
INSERT INTO PH_HS VALUES ('LVLPH035', 'LVLHS036');
INSERT INTO HOCSINH_LOP VALUES ('TDNHS001', 'TDN10A2', '2324HK2');
INSERT INTO HOCSINH_LOP VALUES ('TDNHS002', 'TDN11A2', '2324HK2');
INSERT INTO HOCSINH_LOP VALUES ('TDNHS003', 'TDN10A3', '2324HK2');
INSERT INTO HOCSINH_LOP VALUES ('TDNHS004', 'TDN10A3', '2324HK2');
INSERT INTO HOCSINH_LOP VALUES ('TDNHS005', 'TDN10A2', '2324HK2');
INSERT INTO HOCSINH_LOP VALUES ('TDNHS006', 'TDN10A1', '2324HK2');
INSERT INTO HOCSINH_LOP VALUES ('TDNHS007', 'TDN11A3', '2324HK2');
INSERT INTO HOCSINH_LOP VALUES ('TDNHS008', 'TDN10A3', '2324HK2');
INSERT INTO HOCSINH_LOP VALUES ('TDNHS009', 'TDN12A3', '2324HK2');
INSERT INTO HOCSINH_LOP VALUES ('TDNHS010', 'TDN12A1', '2324HK2');
INSERT INTO HOCSINH_LOP VALUES ('TDNHS011', 'TDN12A1', '2324HK2');
INSERT INTO HOCSINH_LOP VALUES ('TDNHS012', 'TDN11A2', '2324HK2');
INSERT INTO HOCSINH_LOP VALUES ('TDNHS013', 'TDN11A2', '2324HK2');
INSERT INTO HOCSINH_LOP VALUES ('TDNHS014', 'TDN11A3', '2324HK2');
INSERT INTO HOCSINH_LOP VALUES ('TDNHS015', 'TDN11A3', '2324HK2');
INSERT INTO HOCSINH_LOP VALUES ('TDNHS016', 'TDN11A1', '2324HK2');
INSERT INTO HOCSINH_LOP VALUES ('TDNHS017', 'TDN11A3', '2324HK2');
INSERT INTO HOCSINH_LOP VALUES ('TDNHS018', 'TDN10A2', '2324HK2');
INSERT INTO HOCSINH_LOP VALUES ('TDNHS019', 'TDN11A1', '2324HK2');
INSERT INTO HOCSINH_LOP VALUES ('TDNHS020', 'TDN10A1', '2324HK2');
INSERT INTO HOCSINH_LOP VALUES ('TDNHS021', 'TDN12A3', '2324HK2');
INSERT INTO HOCSINH_LOP VALUES ('TDNHS022', 'TDN12A2', '2324HK2');
INSERT INTO HOCSINH_LOP VALUES ('TDNHS023', 'TDN10A3', '2324HK2');
INSERT INTO HOCSINH_LOP VALUES ('TDNHS024', 'TDN12A2', '2324HK2');
INSERT INTO HOCSINH_LOP VALUES ('TDNHS025', 'TDN11A1', '2324HK2');
INSERT INTO HOCSINH_LOP VALUES ('TDNHS026', 'TDN12A1', '2324HK2');
INSERT INTO HOCSINH_LOP VALUES ('TDNHS027', 'TDN12A1', '2324HK2');
INSERT INTO HOCSINH_LOP VALUES ('TDNHS028', 'TDN10A2', '2324HK2');
INSERT INTO HOCSINH_LOP VALUES ('TDNHS029', 'TDN12A3', '2324HK2');
INSERT INTO HOCSINH_LOP VALUES ('TDNHS030', 'TDN11A1', '2324HK2');
INSERT INTO HOCSINH_LOP VALUES ('TDNHS031', 'TDN11A3', '2324HK2');
INSERT INTO HOCSINH_LOP VALUES ('TDNHS032', 'TDN12A2', '2324HK2');
INSERT INTO HOCSINH_LOP VALUES ('TDNHS033', 'TDN11A2', '2324HK2');
INSERT INTO HOCSINH_LOP VALUES ('TDNHS034', 'TDN11A1', '2324HK2');
INSERT INTO HOCSINH_LOP VALUES ('TDNHS035', 'TDN10A3', '2324HK2');
INSERT INTO HOCSINH_LOP VALUES ('TDNHS036', 'TDN12A2', '2324HK2');
INSERT INTO HOCSINH_LOP VALUES ('TDNHS037', 'TDN10A1', '2324HK2');
INSERT INTO HOCSINH_LOP VALUES ('TDNHS038', 'TDN10A1', '2324HK2');
INSERT INTO HOCSINH_LOP VALUES ('TDNHS039', 'TDN11A2', '2324HK2');
INSERT INTO HOCSINH_LOP VALUES ('TDNHS040', 'TDN11A1', '2324HK2');
INSERT INTO HOCSINH_LOP VALUES ('TDNHS041', 'TDN12A3', '2324HK2');
INSERT INTO HOCSINH_LOP VALUES ('TDNHS042', 'TDN12A2', '2324HK2');
INSERT INTO HOCSINH_LOP VALUES ('TDNHS043', 'TDN10A2', '2324HK2');
INSERT INTO HOCSINH_LOP VALUES ('TDNHS044', 'TDN11A2', '2324HK2');
INSERT INTO HOCSINH_LOP VALUES ('TDNHS045', 'TDN12A2', '2324HK2');
INSERT INTO HOCSINH_LOP VALUES ('TDNHS046', 'TDN12A1', '2324HK2');
INSERT INTO HOCSINH_LOP VALUES ('TDNHS047', 'TDN11A3', '2324HK2');
INSERT INTO HOCSINH_LOP VALUES ('TDNHS048', 'TDN12A2', '2324HK2');
INSERT INTO HOCSINH_LOP VALUES ('TDNHS049', 'TDN10A1', '2324HK2');
INSERT INTO HOCSINH_LOP VALUES ('TDNHS050', 'TDN11A3', '2324HK2');
INSERT INTO HOCSINH_LOP VALUES ('TDNHS051', 'TDN10A1', '2324HK2');
INSERT INTO HOCSINH_LOP VALUES ('TDNHS052', 'TDN12A3', '2324HK2');
INSERT INTO HOCSINH_LOP VALUES ('TDNHS053', 'TDN12A3', '2324HK2');
INSERT INTO HOCSINH_LOP VALUES ('TDNHS054', 'TDN12A3', '2324HK2');
INSERT INTO HOCSINH_LOP VALUES ('TDNHS055', 'TDN12A2', '2324HK2');
INSERT INTO HOCSINH_LOP VALUES ('TDNHS056', 'TDN11A3', '2324HK2');
INSERT INTO HOCSINH_LOP VALUES ('TDNHS057', 'TDN11A3', '2324HK2');
INSERT INTO HOCSINH_LOP VALUES ('TDNHS058', 'TDN12A2', '2324HK2');
INSERT INTO HOCSINH_LOP VALUES ('TDNHS059', 'TDN11A2', '2324HK2');
INSERT INTO HOCSINH_LOP VALUES ('TDNHS060', 'TDN10A1', '2324HK2');
INSERT INTO HOCSINH_LOP VALUES ('TDNHS061', 'TDN10A2', '2324HK2');
INSERT INTO HOCSINH_LOP VALUES ('TDNHS062', 'TDN12A3', '2324HK2');
INSERT INTO HOCSINH_LOP VALUES ('TDNHS063', 'TDN12A3', '2324HK2');
INSERT INTO HOCSINH_LOP VALUES ('TDNHS064', 'TDN10A3', '2324HK2');
INSERT INTO HOCSINH_LOP VALUES ('TDNHS065', 'TDN12A3', '2324HK2');
INSERT INTO HOCSINH_LOP VALUES ('TDNHS066', 'TDN10A1', '2324HK2');
INSERT INTO HOCSINH_LOP VALUES ('TDNHS067', 'TDN11A1', '2324HK2');
INSERT INTO HOCSINH_LOP VALUES ('TDNHS068', 'TDN12A1', '2324HK2');
INSERT INTO HOCSINH_LOP VALUES ('TDNHS069', 'TDN12A3', '2324HK2');
INSERT INTO HOCSINH_LOP VALUES ('TDNHS070', 'TDN12A1', '2324HK2');
INSERT INTO HOCSINH_LOP VALUES ('TDNHS071', 'TDN12A3', '2324HK2');
INSERT INTO HOCSINH_LOP VALUES ('TDNHS072', 'TDN10A2', '2324HK2');
INSERT INTO HOCSINH_LOP VALUES ('TDNHS073', 'TDN12A1', '2324HK2');
INSERT INTO HOCSINH_LOP VALUES ('TDNHS074', 'TDN11A1', '2324HK2');
INSERT INTO HOCSINH_LOP VALUES ('TDNHS075', 'TDN10A1', '2324HK2');
INSERT INTO HOCSINH_LOP VALUES ('TDNHS076', 'TDN12A1', '2324HK2');
INSERT INTO HOCSINH_LOP VALUES ('TDNHS077', 'TDN10A1', '2324HK2');
INSERT INTO HOCSINH_LOP VALUES ('TDNHS078', 'TDN10A1', '2324HK2');
INSERT INTO HOCSINH_LOP VALUES ('TDNHS079', 'TDN10A2', '2324HK2');
INSERT INTO HOCSINH_LOP VALUES ('LVLHS001', 'LVL10A3', '2324HK2');
INSERT INTO HOCSINH_LOP VALUES ('LVLHS002', 'LVL10A2', '2324HK2');
INSERT INTO HOCSINH_LOP VALUES ('LVLHS003', 'LVL11A2', '2324HK2');
INSERT INTO HOCSINH_LOP VALUES ('LVLHS004', 'LVL10A2', '2324HK2');
INSERT INTO HOCSINH_LOP VALUES ('LVLHS005', 'LVL11A1', '2324HK2');
INSERT INTO HOCSINH_LOP VALUES ('LVLHS006', 'LVL11A3', '2324HK2');
INSERT INTO HOCSINH_LOP VALUES ('LVLHS007', 'LVL11A1', '2324HK2');
INSERT INTO HOCSINH_LOP VALUES ('LVLHS008', 'LVL11A3', '2324HK2');
INSERT INTO HOCSINH_LOP VALUES ('LVLHS009', 'LVL10A3', '2324HK2');
INSERT INTO HOCSINH_LOP VALUES ('LVLHS010', 'LVL10A1', '2324HK2');
INSERT INTO HOCSINH_LOP VALUES ('LVLHS011', 'LVL11A2', '2324HK2');
INSERT INTO HOCSINH_LOP VALUES ('LVLHS012', 'LVL11A3', '2324HK2');
INSERT INTO HOCSINH_LOP VALUES ('LVLHS013', 'LVL12A3', '2324HK2');
INSERT INTO HOCSINH_LOP VALUES ('LVLHS014', 'LVL11A3', '2324HK2');
INSERT INTO HOCSINH_LOP VALUES ('LVLHS015', 'LVL10A1', '2324HK2');
INSERT INTO HOCSINH_LOP VALUES ('LVLHS016', 'LVL11A2', '2324HK2');
INSERT INTO HOCSINH_LOP VALUES ('LVLHS017', 'LVL11A1', '2324HK2');
INSERT INTO HOCSINH_LOP VALUES ('LVLHS018', 'LVL11A3', '2324HK2');
INSERT INTO HOCSINH_LOP VALUES ('LVLHS019', 'LVL10A1', '2324HK2');
INSERT INTO HOCSINH_LOP VALUES ('LVLHS020', 'LVL11A3', '2324HK2');
INSERT INTO HOCSINH_LOP VALUES ('LVLHS021', 'LVL12A3', '2324HK2');
INSERT INTO HOCSINH_LOP VALUES ('LVLHS022', 'LVL12A2', '2324HK2');
INSERT INTO HOCSINH_LOP VALUES ('LVLHS023', 'LVL11A1', '2324HK2');
INSERT INTO HOCSINH_LOP VALUES ('LVLHS024', 'LVL12A1', '2324HK2');
INSERT INTO HOCSINH_LOP VALUES ('LVLHS025', 'LVL11A2', '2324HK2');
INSERT INTO HOCSINH_LOP VALUES ('LVLHS026', 'LVL11A3', '2324HK2');
INSERT INTO HOCSINH_LOP VALUES ('LVLHS027', 'LVL10A1', '2324HK2');
INSERT INTO HOCSINH_LOP VALUES ('LVLHS028', 'LVL10A2', '2324HK2');
INSERT INTO HOCSINH_LOP VALUES ('LVLHS029', 'LVL12A3', '2324HK2');
INSERT INTO HOCSINH_LOP VALUES ('LVLHS030', 'LVL11A2', '2324HK2');
INSERT INTO HOCSINH_LOP VALUES ('LVLHS031', 'LVL12A2', '2324HK2');
INSERT INTO HOCSINH_LOP VALUES ('LVLHS032', 'LVL10A3', '2324HK2');
INSERT INTO HOCSINH_LOP VALUES ('LVLHS033', 'LVL10A1', '2324HK2');
INSERT INTO HOCSINH_LOP VALUES ('LVLHS034', 'LVL10A3', '2324HK2');
INSERT INTO HOCSINH_LOP VALUES ('LVLHS035', 'LVL12A2', '2324HK2');
INSERT INTO HOCSINH_LOP VALUES ('LVLHS036', 'LVL12A3', '2324HK2');
INSERT INTO HOCSINH_LOP VALUES ('LVLHS037', 'LVL11A1', '2324HK2');
INSERT INTO HOCSINH_LOP VALUES ('LVLHS038', 'LVL11A2', '2324HK2');
INSERT INTO HOCSINH_LOP VALUES ('LVLHS039', 'LVL12A3', '2324HK2');
INSERT INTO HOCSINH_LOP VALUES ('LVLHS040', 'LVL11A1', '2324HK2');
INSERT INTO HOCSINH_LOP VALUES ('LVLHS041', 'LVL12A2', '2324HK2');
INSERT INTO HOCSINH_LOP VALUES ('LVLHS042', 'LVL12A3', '2324HK2');
INSERT INTO HOCSINH_LOP VALUES ('LVLHS043', 'LVL12A2', '2324HK2');
INSERT INTO HOCSINH_LOP VALUES ('LVLHS044', 'LVL10A1', '2324HK2');
INSERT INTO HOCSINH_LOP VALUES ('LVLHS045', 'LVL10A1', '2324HK2');
INSERT INTO HOCSINH_LOP VALUES ('LVLHS046', 'LVL12A1', '2324HK2');
INSERT INTO HOCSINH_LOP VALUES ('LVLHS047', 'LVL12A1', '2324HK2');
INSERT INTO HOCSINH_LOP VALUES ('LVLHS048', 'LVL11A3', '2324HK2');
INSERT INTO HOCSINH_LOP VALUES ('LVLHS049', 'LVL12A3', '2324HK2');
INSERT INTO HOCSINH_LOP VALUES ('LVLHS050', 'LVL10A3', '2324HK2');
INSERT INTO HOCSINH_LOP VALUES ('LVLHS051', 'LVL12A1', '2324HK2');
INSERT INTO HOCSINH_LOP VALUES ('LVLHS052', 'LVL12A2', '2324HK2');
INSERT INTO HOCSINH_LOP VALUES ('LVLHS053', 'LVL12A3', '2324HK2');
INSERT INTO HOCSINH_LOP VALUES ('LVLHS054', 'LVL11A2', '2324HK2');
INSERT INTO HOCSINH_LOP VALUES ('LVLHS055', 'LVL10A3', '2324HK2');
INSERT INTO HOCSINH_LOP VALUES ('LVLHS056', 'LVL10A3', '2324HK2');
INSERT INTO HOCSINH_LOP VALUES ('LVLHS057', 'LVL12A3', '2324HK2');
INSERT INTO HOCSINH_LOP VALUES ('LVLHS058', 'LVL11A3', '2324HK2');
INSERT INTO HOCSINH_LOP VALUES ('LVLHS059', 'LVL10A1', '2324HK2');
INSERT INTO HOCSINH_LOP VALUES ('LVLHS060', 'LVL11A2', '2324HK2');
INSERT INTO HOCSINH_LOP VALUES ('LVLHS061', 'LVL11A1', '2324HK2');
INSERT INTO HOCSINH_LOP VALUES ('LVLHS062', 'LVL11A1', '2324HK2');
INSERT INTO HOCSINH_LOP VALUES ('LVLHS063', 'LVL11A3', '2324HK2');
INSERT INTO HOCSINH_LOP VALUES ('LVLHS064', 'LVL12A1', '2324HK2');
INSERT INTO HOCSINH_LOP VALUES ('LVLHS065', 'LVL11A3', '2324HK2');
INSERT INTO HOCSINH_LOP VALUES ('LVLHS066', 'LVL10A2', '2324HK2');
INSERT INTO HOCSINH_LOP VALUES ('LVLHS067', 'LVL11A1', '2324HK2');
INSERT INTO HOCSINH_LOP VALUES ('LVLHS068', 'LVL10A1', '2324HK2');
INSERT INTO HOCSINH_LOP VALUES ('LVLHS069', 'LVL12A3', '2324HK2');
INSERT INTO HOCSINH_LOP VALUES ('LVLHS070', 'LVL12A3', '2324HK2');
INSERT INTO HOCSINH_LOP VALUES ('LVLHS071', 'LVL10A1', '2324HK2');
INSERT INTO HOCSINH_LOP VALUES ('LVLHS072', 'LVL10A1', '2324HK2');
INSERT INTO HOCSINH_LOP VALUES ('LVLHS073', 'LVL12A2', '2324HK2');
INSERT INTO HOCSINH_LOP VALUES ('LVLHS074', 'LVL12A2', '2324HK2');
INSERT INTO HOCSINH_LOP VALUES ('LVLHS075', 'LVL11A1', '2324HK2');
INSERT INTO DIEMMH VALUES ('TDNHS001', 'TOAN', '2324HK2', '7.5', '8.0', '7.83');
INSERT INTO DIEMMH VALUES ('TDNHS001', 'NGUVAN', '2324HK2', '5.0', '6.5', '6.0');
INSERT INTO DIEMMH VALUES ('TDNHS001', 'TIENGANH', '2324HK2', '9.0', '9.0', '9.0');
INSERT INTO DIEMMH VALUES ('TDNHS001', 'LICHSU', '2324HK2', '7.0', '7.5', '7.33');
INSERT INTO DIEMMH VALUES ('TDNHS001', 'DIALY', '2324HK2', '8.0', '8.0', '8.0');
INSERT INTO DIEMMH VALUES ('TDNHS001', 'SINHHOC', '2324HK2', '6.5', '7.0', '6.83');
INSERT INTO DIEMMH VALUES ('TDNHS001', 'HOAHOC', '2324HK2', '7.0', '7.5', '7.33');
INSERT INTO DIEMMH VALUES ('TDNHS001', 'VATLY', '2324HK2', '8.0', '8.0', '8.0');
INSERT INTO DIEMMH VALUES ('TDNHS008', 'TOAN', '2324HK2', '6.0', '6.5', '6.33');
INSERT INTO DIEMMH VALUES ('TDNHS008', 'NGUVAN', '2324HK2', '5.0', '5.5', '5.33');
INSERT INTO DIEMMH VALUES ('TDNHS008', 'TIENGANH', '2324HK2', '4.5', '5.0', '4.83');
INSERT INTO DIEMMH VALUES ('TDNHS008', 'LICHSU', '2324HK2', '8.0', '7.5', '7.67');
INSERT INTO DIEMMH VALUES ('TDNHS008', 'DIALY', '2324HK2', '5.0', '8.0', '7.0');
INSERT INTO DIEMMH VALUES ('TDNHS008', 'SINHHOC', '2324HK2', '3.0', '5.0', '4.33');
INSERT INTO DIEMMH VALUES ('TDNHS008', 'HOAHOC', '2324HK2', '8.0', '8.0', '8.0');
INSERT INTO DIEMMH VALUES ('TDNHS008', 'VATLY', '2324HK2', '9.5', '9.0', '9.17');
INSERT INTO DIEMMH VALUES ('TDNHS019', 'TOAN', '2324HK2', '8.5', '8.0', '8.17');
INSERT INTO DIEMMH VALUES ('TDNHS019', 'NGUVAN', '2324HK2', '7.0', '7.5', '7.33');
INSERT INTO DIEMMH VALUES ('TDNHS019', 'TIENGANH', '2324HK2', '8.0', '9.0', '8.67');
INSERT INTO DIEMMH VALUES ('TDNHS019', 'LICHSU', '2324HK2', '7.5', '8.0', '7.83');
INSERT INTO DIEMMH VALUES ('TDNHS019', 'DIALY', '2324HK2', '9.0', '9.0', '9.0');
INSERT INTO DIEMMH VALUES ('TDNHS019', 'SINHHOC', '2324HK2', '8.0', '8.5', '8.33');
INSERT INTO DIEMMH VALUES ('TDNHS019', 'HOAHOC', '2324HK2', '7.0', '7.0', '7.0');
INSERT INTO DIEMMH VALUES ('TDNHS019', 'VATLY', '2324HK2', '7.5', '7.0', '7.17');
INSERT INTO DIEMMH VALUES ('TDNHS022', 'TOAN', '2324HK2', '8.0', '8.0', '8.0');
INSERT INTO DIEMMH VALUES ('TDNHS022', 'NGUVAN', '2324HK2', '6.0', '6.5', '6.33');
INSERT INTO DIEMMH VALUES ('TDNHS022', 'TIENGANH', '2324HK2', '5.0', '5.5', '5.33');
INSERT INTO DIEMMH VALUES ('TDNHS022', 'LICHSU', '2324HK2', '4.5', '5.0', '4.83');
INSERT INTO DIEMMH VALUES ('TDNHS022', 'DIALY', '2324HK2', '8.0', '7.5', '7.67');
INSERT INTO DIEMMH VALUES ('TDNHS022', 'SINHHOC', '2324HK2', '5.0', '8.0', '7.0');
INSERT INTO DIEMMH VALUES ('TDNHS022', 'HOAHOC', '2324HK2', '3.0', '5.0', '4.33');
INSERT INTO DIEMMH VALUES ('TDNHS022', 'VATLY', '2324HK2', '8.0', '8.0', '8.0');
INSERT INTO DIEMMH VALUES ('TDNHS036', 'TOAN', '2324HK2', '9.5', '9.0', '9.17');
INSERT INTO DIEMMH VALUES ('TDNHS036', 'NGUVAN', '2324HK2', '9.0', '9.0', '9.0');
INSERT INTO DIEMMH VALUES ('TDNHS036', 'TIENGANH', '2324HK2', '7.0', '7.5', '7.33');
INSERT INTO DIEMMH VALUES ('TDNHS036', 'LICHSU', '2324HK2', '8.0', '8.0', '8.0');
INSERT INTO DIEMMH VALUES ('TDNHS036', 'DIALY', '2324HK2', '9.0', '9.0', '9.0');
INSERT INTO DIEMMH VALUES ('TDNHS036', 'SINHHOC', '2324HK2', '7.0', '7.5', '7.33');
INSERT INTO DIEMMH VALUES ('TDNHS036', 'HOAHOC', '2324HK2', '8.0', '8.0', '8.0');
INSERT INTO DIEMMH VALUES ('TDNHS036', 'VATLY', '2324HK2', '7.0', '7.0', '7.0');
INSERT INTO DIEMMH VALUES ('TDNHS040', 'TOAN', '2324HK2', '7.5', '7.0', '7.17');
INSERT INTO DIEMMH VALUES ('TDNHS040', 'NGUVAN', '2324HK2', '8.0', '8.0', '8.0');
INSERT INTO DIEMMH VALUES ('TDNHS040', 'TIENGANH', '2324HK2', '6.0', '6.5', '6.33');
INSERT INTO DIEMMH VALUES ('TDNHS040', 'LICHSU', '2324HK2', '5.0', '5.5', '5.33');
INSERT INTO DIEMMH VALUES ('TDNHS040', 'DIALY', '2324HK2', '6.0', '6.5', '6.33');
INSERT INTO DIEMMH VALUES ('TDNHS040', 'SINHHOC', '2324HK2', '5.0', '5.5', '5.33');
INSERT INTO DIEMMH VALUES ('TDNHS040', 'HOAHOC', '2324HK2', '4.5', '5.0', '4.83');
INSERT INTO DIEMMH VALUES ('TDNHS040', 'VATLY', '2324HK2', '8.0', '7.5', '7.67');
INSERT INTO DIEMMH VALUES ('LVLHS012', 'TOAN', '2324HK2', '7.5', '8.0', '7.83');
INSERT INTO DIEMMH VALUES ('LVLHS012', 'NGUVAN', '2324HK2', '5.0', '6.5', '6.0');
INSERT INTO DIEMMH VALUES ('LVLHS012', 'TIENGANH', '2324HK2', '9.0', '9.0', '9.0');
INSERT INTO DIEMMH VALUES ('LVLHS012', 'LICHSU', '2324HK2', '6.0', '6.5', '6.33');
INSERT INTO DIEMMH VALUES ('LVLHS012', 'DIALY', '2324HK2', '5.0', '5.5', '5.33');
INSERT INTO DIEMMH VALUES ('LVLHS012', 'SINHHOC', '2324HK2', '4.5', '5.0', '4.83');
INSERT INTO DIEMMH VALUES ('LVLHS012', 'HOAHOC', '2324HK2', '8.0', '7.5', '7.67');
INSERT INTO DIEMMH VALUES ('LVLHS012', 'VATLY', '2324HK2', '9.0', '9.0', '9.0');
INSERT INTO DIEMMH VALUES ('LVLHS015', 'TOAN', '2324HK2', '7.0', '7.5', '7.33');
INSERT INTO DIEMMH VALUES ('LVLHS015', 'NGUVAN', '2324HK2', '8.0', '8.0', '8.0');
INSERT INTO DIEMMH VALUES ('LVLHS015', 'TIENGANH', '2324HK2', '9.0', '9.0', '9.0');
INSERT INTO DIEMMH VALUES ('LVLHS015', 'LICHSU', '2324HK2', '9.0', '9.0', '9.0');
INSERT INTO DIEMMH VALUES ('LVLHS015', 'DIALY', '2324HK2', '7.0', '7.5', '7.33');
INSERT INTO DIEMMH VALUES ('LVLHS015', 'SINHHOC', '2324HK2', '8.0', '8.0', '8.0');
INSERT INTO DIEMMH VALUES ('LVLHS015', 'HOAHOC', '2324HK2', '7.0', '7.0', '7.0');
INSERT INTO DIEMMH VALUES ('LVLHS015', 'VATLY', '2324HK2', '7.5', '7.0', '7.17');
INSERT INTO DIEMMH VALUES ('LVLHS026', 'TOAN', '2324HK2', '8.0', '8.0', '8.0');
INSERT INTO DIEMMH VALUES ('LVLHS026', 'NGUVAN', '2324HK2', '6.0', '6.5', '6.33');
INSERT INTO DIEMMH VALUES ('LVLHS026', 'TIENGANH', '2324HK2', '5.0', '5.5', '5.33');
INSERT INTO DIEMMH VALUES ('LVLHS026', 'LICHSU', '2324HK2', '6.0', '6.5', '6.33');
INSERT INTO DIEMMH VALUES ('LVLHS026', 'DIALY', '2324HK2', '5.0', '5.5', '5.33');
INSERT INTO DIEMMH VALUES ('LVLHS026', 'SINHHOC', '2324HK2', '4.5', '5.0', '4.83');
INSERT INTO DIEMMH VALUES ('LVLHS026', 'HOAHOC', '2324HK2', '6.0', '6.5', '6.33');
INSERT INTO DIEMMH VALUES ('LVLHS026', 'VATLY', '2324HK2', '5.0', '5.5', '5.33');
INSERT INTO DIEMMH VALUES ('LVLHS045', 'TOAN', '2324HK2', '4.5', '5.0', '4.83');
INSERT INTO DIEMMH VALUES ('LVLHS045', 'NGUVAN', '2324HK2', '9.0', '9.0', '9.0');
INSERT INTO DIEMMH VALUES ('LVLHS045', 'TIENGANH', '2324HK2', '8.0', '8.5', '8.33');
INSERT INTO DIEMMH VALUES ('LVLHS045', 'LICHSU', '2324HK2', '7.0', '7.0', '7.0');
INSERT INTO DIEMMH VALUES ('LVLHS045', 'DIALY', '2324HK2', '7.5', '7.0', '7.17');
INSERT INTO DIEMMH VALUES ('LVLHS045', 'SINHHOC', '2324HK2', '8.0', '8.0', '8.0');
INSERT INTO DIEMMH VALUES ('LVLHS045', 'HOAHOC', '2324HK2', '6.0', '6.5', '6.33');
INSERT INTO DIEMMH VALUES ('LVLHS045', 'VATLY', '2324HK2', '5.0', '5.5', '5.33');
INSERT INTO DIEMMH VALUES ('LVLHS052', 'TOAN', '2324HK2', '5.0', '5.5', '5.33');
INSERT INTO DIEMMH VALUES ('LVLHS052', 'NGUVAN', '2324HK2', '4.5', '5.0', '4.83');
INSERT INTO DIEMMH VALUES ('LVLHS052', 'TIENGANH', '2324HK2', '9.0', '9.0', '9.0');
INSERT INTO DIEMMH VALUES ('LVLHS052', 'LICHSU', '2324HK2', '8.0', '8.5', '8.33');
INSERT INTO DIEMMH VALUES ('LVLHS052', 'DIALY', '2324HK2', '7.0', '7.5', '7.33');
INSERT INTO DIEMMH VALUES ('LVLHS052', 'SINHHOC', '2324HK2', '8.0', '8.0', '8.0');
INSERT INTO DIEMMH VALUES ('LVLHS052', 'HOAHOC', '2324HK2', '7.0', '7.0', '7.0');
INSERT INTO DIEMMH VALUES ('LVLHS052', 'VATLY', '2324HK2', '7.5', '7.0', '7.17');
INSERT INTO GIAOVIEN VALUES ('TDNGV001', N'Trần Tố My', '1999-09-28', '0', N'Vĩnh Long', '395483546', 'My748@gmail.com', '2018-06-27', 'THPTTDN', 'DH', 'CMCB');
INSERT INTO GIAOVIEN VALUES ('TDNGV002', N'Nguyễn Thị Thúy Oanh', '1998-08-12', '0', N'Tiền Giang', '395485419', 'Oanh532@gmail.com', '2018-03-10', 'THPTTDN', 'DH', 'CMCB');
INSERT INTO GIAOVIEN VALUES ('TDNGV003', N'Chu Thị Bích', '1989-06-15', '0', N'Vĩnh Long', '395485697', 'Bich902@gmail.com', '2018-01-25', 'THPTTDN', 'DH', 'CMTN');
INSERT INTO GIAOVIEN VALUES ('TDNGV004', N'Huỳnh Thanh Trí', '1997-05-31', '1', N'Vĩnh Long', '395486485', 'Tri943@gmail.com', '2022-11-02', 'THPTTDN', 'THS', 'CMCB');
INSERT INTO GIAOVIEN VALUES ('TDNGV005', N'Vũ Thái Trường', '1989-03-02', '1', N'Đồng Tháp', '395482514', 'Truong004@gmail.com', '2023-12-08', 'THPTTDN', 'DH', 'CMXH');
INSERT INTO GIAOVIEN VALUES ('TDNGV006', N'Nguyễn Đồng Kiều', '2000-10-12', '0', N'Tiền Giang', '395481634', 'Kieu374@gmail.com', '2018-04-22', 'THPTTDN', 'THS', 'CMCB');
INSERT INTO GIAOVIEN VALUES ('TDNGV007', N'Trần Hữu Thắng', '1991-04-20', '1', N'Vĩnh Long', '395481750', 'Thang205@gmail.com', '2023-03-24', 'THPTTDN', 'DH', 'CMTN');
INSERT INTO GIAOVIEN VALUES ('TDNGV008', N'Nguyễn Châu Thùy', '1999-08-30', '0', N'Vĩnh Long', '395487585', 'Thuy646@gmail.com', '2022-08-16', 'THPTTDN', 'DH', 'CMTN');
INSERT INTO GIAOVIEN VALUES ('TDNGV009', N'Lê Trần Tường Vy', '1998-07-04', '0', N'Đồng Tháp', '395486240', 'Vy146@gmail.com', '2017-10-13', 'THPTTDN', 'DH', 'CMTN');
INSERT INTO GIAOVIEN VALUES ('TDNGV010', N'Nguyễn Tất Đạt', '1997-01-03', '1', N'Tiền Giang', '395484165', 'Dat915@gmail.com', '2019-11-09', 'THPTTDN', 'THS', 'CMCB');
INSERT INTO GIAOVIEN VALUES ('TDNGV011', N'Trần Thị Thủy Trúc', '1995-03-03', '0', N'Vĩnh Long', '395484238', 'Truc803@gmail.com', '2017-04-19', 'THPTTDN', 'DH', 'CMTN');
INSERT INTO GIAOVIEN VALUES ('TDNGV012', N'Trần Thị Thủy Trúc', '1991-07-05', '0', N'Vĩnh Long', '395482318', 'Truc769@gmail.com', '2023-03-08', 'THPTTDN', 'DH', 'CMXH');
INSERT INTO GIAOVIEN VALUES ('TDNGV013', N'Vương Hoàng Minh', '2000-10-04', '1', N'Vĩnh Long', '395487153', 'Minh825@gmail.com', '2022-08-02', 'THPTTDN', 'DH', 'CMTN');
INSERT INTO GIAOVIEN VALUES ('TDNGV014', N'Đoàn Ngọc Đạt', '1991-02-18', '1', N'Bình Dương', '395484916', 'Dat463@gmail.com', '2020-02-26', 'THPTTDN', 'DH', 'CMCB');
INSERT INTO GIAOVIEN VALUES ('TDNGV015', N'Bùi Lê Phong', '1992-03-05', '1', N'Vĩnh Long', '395486017', 'Phong170@gmail.com', '2023-09-10', 'THPTTDN', 'DH', 'CMTN');
INSERT INTO GIAOVIEN VALUES ('TDNGV016', N'Nguyễn Kha Tịnh', '1995-07-30', '1', N'Đồng Tháp', '395484136', 'Tinh382@gmail.com', '2021-07-03', 'THPTTDN', 'DH', 'CMCB');
INSERT INTO GIAOVIEN VALUES ('TDNGV017', N'Trần Thị Hồng Phúc', '1999-08-18', '0', N'Tiền Giang', '395489234', 'Phuc054@gmail.com', '2019-08-05', 'THPTTDN', 'THS', 'CMXH');
INSERT INTO GIAOVIEN VALUES ('TDNGV018', N'Ngô Thị Quyên', '1989-09-10', '0', N'Cần Thơ', '395489890', 'Quyen652@gmail.com', '2021-01-26', 'THPTTDN', 'DH', 'CMTN');
INSERT INTO GIAOVIEN VALUES ('TDNGV019', N'Võ Thị Vân Anh', '1999-07-02', '0', N'Đồng Tháp', '395485415', 'Anh154@gmail.com', '2018-05-11', 'THPTTDN', 'DH', 'CMTN');
INSERT INTO GIAOVIEN VALUES ('TDNGV020', N'Ngô Quang Vỷ', '1996-12-13', '1', N'Cần Thơ', '395481550', 'Vy291@gmail.com', '2020-03-19', 'THPTTDN', 'DH', 'CMCB');
INSERT INTO GIAOVIEN VALUES ('TDNGV021', N'Trần Hoài Nam', '1995-09-17', '1', N'Đồng Tháp', '395483982', 'Nam080@gmail.com', '2022-07-13', 'THPTTDN', 'DH', 'CMCB');
INSERT INTO GIAOVIEN VALUES ('TDNGV022', N'Văn Viết Hiếu Anh', '1996-06-23', '1', N'Đồng Tháp', '395485816', 'Anh522@gmail.com', '2023-03-08', 'THPTTDN', 'DH', 'CMTN');
INSERT INTO GIAOVIEN VALUES ('TDNGV023', N'Đặng Hoàng Diệu Hiền', '1990-04-26', '0', N'Vĩnh Long', '395485108', 'Hien887@gmail.com', '2021-04-10', 'THPTTDN', 'DH', 'CMXH');
INSERT INTO GIAOVIEN VALUES ('TDNGV024', N'Đinh Phúc Lâm', '1996-08-28', '1', N'Vĩnh Long', '395480446', 'Lam677@gmail.com', '2023-08-16', 'THPTTDN', 'THS', 'CMXH');
INSERT INTO GIAOVIEN VALUES ('TDNGV025', N'Văn Viết Hiếu Anh', '1999-11-05', '1', N'Cà Mau', '395484698', 'Anh175@gmail.com', '2021-01-06', 'THPTTDN', 'DH', 'CMCB');
INSERT INTO GIAOVIEN VALUES ('LVLGV001', N'Phạm Ngọc Tín', '1990-12-19', '1', N'Vĩnh Long', '395487275', 'Tin443@gmail.com', '2020-02-15', 'THPTLVL', 'DH', 'CMTN');
INSERT INTO GIAOVIEN VALUES ('LVLGV002', N'Nguyễn Xuân Hà', '1992-04-26', '0', N'Cà Mau', '395480602', 'Ha620@gmail.com', '2022-09-12', 'THPTLVL', 'THS', 'CMTN');
INSERT INTO GIAOVIEN VALUES ('LVLGV003', N'Nguyễn Thị Diễm Phương', '1998-03-10', '0', N'Vĩnh Long', '395487368', 'Phuong841@gmail.com', '2017-12-31', 'THPTLVL', 'DH', 'CMCB');
INSERT INTO GIAOVIEN VALUES ('LVLGV004', N'Lưu Quang Thắng', '1990-07-27', '1', N'Cà Mau', '395480062', 'Thang575@gmail.com', '2023-03-16', 'THPTLVL', 'DH', 'CMTN');
INSERT INTO GIAOVIEN VALUES ('LVLGV005', N'Hồ Thị Ngọc Lành', '1994-02-08', '0', N'Tiền Giang', '395480532', 'Lanh403@gmail.com', '2021-05-04', 'THPTLVL', 'DH', 'CMXH');
INSERT INTO GIAOVIEN VALUES ('LVLGV006', N'Nguyễn Thị Tuyết Ngân', '1990-08-21', '0', N'Vĩnh Long', '395481298', 'Ngan744@gmail.com', '2023-05-16', 'THPTLVL', 'DH', 'CMTN');
INSERT INTO GIAOVIEN VALUES ('LVLGV007', N'Nguyễn Thị Tuyết Như', '1998-01-01', '0', N'Vĩnh Long', '395487006', 'Nhu654@gmail.com', '2021-04-20', 'THPTLVL', 'DH', 'CMCB');
INSERT INTO GIAOVIEN VALUES ('LVLGV008', N'Nguyễn Thành Trung', '1989-02-26', '1', N'Cà Mau', '395482800', 'Trung684@gmail.com', '2020-02-08', 'THPTLVL', 'DH', 'CMCB');
INSERT INTO GIAOVIEN VALUES ('LVLGV009', N'Nguyễn Văn Mẫn', '1998-12-29', '1', N'Vĩnh Long', '395488343', 'Man125@gmail.com', '2020-03-24', 'THPTLVL', 'THS', 'CMCB');
INSERT INTO GIAOVIEN VALUES ('LVLGV010', N'Nguyễn Thị Thúy Oanh', '1998-12-11', '0', N'Vĩnh Long', '395485763', 'Oanh215@gmail.com', '2020-04-19', 'THPTLVL', 'DH', 'CMCB');
INSERT INTO GIAOVIEN VALUES ('LVLGV011', N'Mai Phạm Thanh Nga', '1996-08-21', '0', N'Cà Mau', '395486310', 'Nga267@gmail.com', '2017-06-04', 'THPTLVL', 'DH', 'CMTN');
INSERT INTO GIAOVIEN VALUES ('LVLGV012', N'Nguyễn Thị Bích Chi', '1996-11-06', '0', N'Vĩnh Long', '395489004', 'Chi472@gmail.com', '2018-07-16', 'THPTLVL', 'DH', 'CMXH');
INSERT INTO GIAOVIEN VALUES ('LVLGV013', N'Hồ Thị Hồng Thúy', '1996-09-25', '0', N'Bình Dương', '395486381', 'Thuy758@gmail.com', '2022-08-26', 'THPTLVL', 'DH', 'CMCB');
INSERT INTO GIAOVIEN VALUES ('LVLGV014', N'Nguyễn Thành Trung', '1996-10-29', '1', N'Đồng Tháp', '395483955', 'Trung568@gmail.com', '2018-06-09', 'THPTLVL', 'DH', 'CMCB');
INSERT INTO GIAOVIEN VALUES ('LVLGV015', N'Nguyễn Đức Sâm', '1993-09-18', '1', N'Cần Thơ', '395480136', 'Sam031@gmail.com', '2017-01-06', 'THPTLVL', 'DH', 'CMCB');
INSERT INTO GIAOVIEN VALUES ('LVLGV016', N'Trần Đức Tài', '1996-07-31', '1', N'Cà Mau', '395487967', 'Tai541@gmail.com', '2019-02-05', 'THPTLVL', 'DH', 'CMCB');
INSERT INTO GIAOVIEN VALUES ('LVLGV017', N'Phạm Hoàng Dương', '1994-01-21', '1', N'Vĩnh Long', '395482351', 'Duong761@gmail.com', '2021-07-06', 'THPTLVL', 'DH', 'CMTN');
INSERT INTO GIAOVIEN VALUES ('LVLGV018', N'Lý Sơn', '1998-12-23', '1', N'Vĩnh Long', '395480450', 'Son726@gmail.com', '2022-05-21', 'THPTLVL', 'THS', 'CMTN');
INSERT INTO GIAOVIEN VALUES ('LVLGV019', N'Nguyễn Trùng Khánh', '1999-05-31', '1', N'Cà Mau', '395488971', 'Khanh442@gmail.com', '2019-08-09', 'THPTLVL', 'DH', 'CMCB');
INSERT INTO GIAOVIEN VALUES ('LVLGV020', N'Dương Thoại Anh Thùy', '1999-04-08', '0', N'Vĩnh Long', '395487706', 'Thuy917@gmail.com', '2018-04-15', 'THPTLVL', 'DH', 'CMTN');
INSERT INTO GIAOVIEN VALUES ('LVLGV021', N'Nguyễn Công Nhất', '1996-08-26', '1', N'Vĩnh Long', '395481434', 'Nhat951@gmail.com', '2020-09-19', 'THPTLVL', 'DH', 'CMXH');
INSERT INTO GIAOVIEN VALUES ('LVLGV022', N'Châu Thanh Hoàng Anh', '1991-06-12', '1', N'Tiền Giang', '395485012', 'Anh432@gmail.com', '2021-07-10', 'THPTLVL', 'DH', 'CMXH');
INSERT INTO GIAOVIEN VALUES ('LVLGV023', N'Nguyễn Huỳnh Minh Huy', '2000-02-22', '1', N'Vĩnh Long', '395480799', 'Huy283@gmail.com', '2021-02-20', 'THPTLVL', 'DH', 'CMTN');
INSERT INTO GIAOVIEN VALUES ('LVLGV024', N'Hồ Thị Ngọc Lành', '1991-01-25', '0', N'Cà Mau', '395488914', 'Lanh922@gmail.com', '2019-10-04', 'THPTLVL', 'THS', 'CMCB');
INSERT INTO GIAOVIEN VALUES ('LVLGV025', N'Lê Tấn Lợi', '1991-05-05', '1', N'Cà Mau', '395488088', 'Loi392@gmail.com', '2017-10-16', 'THPTLVL', 'DH', 'CMTN');
INSERT INTO GVCN VALUES ('TDNGV008', 'TDN10A1', '2324HK2');
INSERT INTO GVCN VALUES ('TDNGV003', 'TDN10A2', '2324HK2');
INSERT INTO GVCN VALUES ('TDNGV016', 'TDN10A3', '2324HK2');
INSERT INTO GVCN VALUES ('TDNGV023', 'TDN11A1', '2324HK2');
INSERT INTO GVCN VALUES ('TDNGV009', 'TDN11A2', '2324HK2');
INSERT INTO GVCN VALUES ('TDNGV001', 'TDN11A3', '2324HK2');
INSERT INTO GVCN VALUES ('TDNGV009', 'TDN12A1', '2324HK2');
INSERT INTO GVCN VALUES ('TDNGV019', 'TDN12A2', '2324HK2');
INSERT INTO GVCN VALUES ('TDNGV016', 'TDN12A3', '2324HK2');
INSERT INTO GVCN VALUES ('LVLGV001', 'LVL10A1', '2324HK2');
INSERT INTO GVCN VALUES ('LVLGV023', 'LVL10A2', '2324HK2');
INSERT INTO GVCN VALUES ('LVLGV021', 'LVL10A3', '2324HK2');
INSERT INTO GVCN VALUES ('LVLGV016', 'LVL11A1', '2324HK2');
INSERT INTO GVCN VALUES ('LVLGV017', 'LVL11A2', '2324HK2');
INSERT INTO GVCN VALUES ('LVLGV010', 'LVL11A3', '2324HK2');
INSERT INTO GVCN VALUES ('LVLGV023', 'LVL12A1', '2324HK2');
INSERT INTO GVCN VALUES ('LVLGV006', 'LVL12A2', '2324HK2');
INSERT INTO GVCN VALUES ('LVLGV013', 'LVL12A3', '2324HK2');
INSERT INTO PHANCONGGVBM VALUES ('TDN10A1', 'TOAN', '2324HK2', 'TDNGV002');
INSERT INTO PHANCONGGVBM VALUES ('TDN10A1', 'NGUVAN', '2324HK2', 'TDNGV001');
INSERT INTO PHANCONGGVBM VALUES ('TDN10A1', 'TIENGANH', '2324HK2', 'TDNGV006');
INSERT INTO PHANCONGGVBM VALUES ('TDN10A1', 'LICHSU', '2324HK2', 'TDNGV005');
INSERT INTO PHANCONGGVBM VALUES ('TDN10A1', 'DIALY', '2324HK2', 'TDNGV012');
INSERT INTO PHANCONGGVBM VALUES ('TDN10A1', 'SINHHOC', '2324HK2', 'TDNGV003');
INSERT INTO PHANCONGGVBM VALUES ('TDN10A1', 'HOAHOC', '2324HK2', 'TDNGV015');
INSERT INTO PHANCONGGVBM VALUES ('TDN10A1', 'VATLY', '2324HK2', 'TDNGV018');
INSERT INTO PHANCONGGVBM VALUES ('TDN10A2', 'TOAN', '2324HK2', 'TDNGV004');
INSERT INTO PHANCONGGVBM VALUES ('TDN10A2', 'NGUVAN', '2324HK2', 'TDNGV010');
INSERT INTO PHANCONGGVBM VALUES ('TDN10A2', 'TIENGANH', '2324HK2', 'TDNGV006');
INSERT INTO PHANCONGGVBM VALUES ('TDN10A2', 'LICHSU', '2324HK2', 'TDNGV017');
INSERT INTO PHANCONGGVBM VALUES ('TDN10A2', 'DIALY', '2324HK2', 'TDNGV023');
INSERT INTO PHANCONGGVBM VALUES ('TDN10A2', 'SINHHOC', '2324HK2', 'TDNGV003');
INSERT INTO PHANCONGGVBM VALUES ('TDN10A2', 'HOAHOC', '2324HK2', 'TDNGV013');
INSERT INTO PHANCONGGVBM VALUES ('TDN10A2', 'VATLY', '2324HK2', 'TDNGV015');
INSERT INTO PHANCONGGVBM VALUES ('TDN10A3', 'TOAN', '2324HK2', 'TDNGV020');
INSERT INTO PHANCONGGVBM VALUES ('TDN10A3', 'NGUVAN', '2324HK2', 'TDNGV001');
INSERT INTO PHANCONGGVBM VALUES ('TDN10A3', 'TIENGANH', '2324HK2', 'TDNGV006');
INSERT INTO PHANCONGGVBM VALUES ('TDN10A3', 'LICHSU', '2324HK2', 'TDNGV024');
INSERT INTO PHANCONGGVBM VALUES ('TDN10A3', 'DIALY', '2324HK2', 'TDNGV023');
INSERT INTO PHANCONGGVBM VALUES ('TDN10A3', 'SINHHOC', '2324HK2', 'TDNGV022');
INSERT INTO PHANCONGGVBM VALUES ('TDN10A3', 'HOAHOC', '2324HK2', 'TDNGV013');
INSERT INTO PHANCONGGVBM VALUES ('TDN10A3', 'VATLY', '2324HK2', 'TDNGV018');
INSERT INTO PHANCONGGVBM VALUES ('TDN11A1', 'TOAN', '2324HK2', 'TDNGV004');
INSERT INTO PHANCONGGVBM VALUES ('TDN11A1', 'NGUVAN', '2324HK2', 'TDNGV020');
INSERT INTO PHANCONGGVBM VALUES ('TDN11A1', 'TIENGANH', '2324HK2', 'TDNGV006');
INSERT INTO PHANCONGGVBM VALUES ('TDN11A1', 'LICHSU', '2324HK2', 'TDNGV005');
INSERT INTO PHANCONGGVBM VALUES ('TDN11A1', 'DIALY', '2324HK2', 'TDNGV012');
INSERT INTO PHANCONGGVBM VALUES ('TDN11A1', 'SINHHOC', '2324HK2', 'TDNGV008');
INSERT INTO PHANCONGGVBM VALUES ('TDN11A1', 'HOAHOC', '2324HK2', 'TDNGV015');
INSERT INTO PHANCONGGVBM VALUES ('TDN11A1', 'VATLY', '2324HK2', 'TDNGV003');
INSERT INTO PHANCONGGVBM VALUES ('TDN11A2', 'TOAN', '2324HK2', 'TDNGV006');
INSERT INTO PHANCONGGVBM VALUES ('TDN11A2', 'NGUVAN', '2324HK2', 'TDNGV001');
INSERT INTO PHANCONGGVBM VALUES ('TDN11A2', 'TIENGANH', '2324HK2', 'TDNGV010');
INSERT INTO PHANCONGGVBM VALUES ('TDN11A2', 'LICHSU', '2324HK2', 'TDNGV005');
INSERT INTO PHANCONGGVBM VALUES ('TDN11A2', 'DIALY', '2324HK2', 'TDNGV017');
INSERT INTO PHANCONGGVBM VALUES ('TDN11A2', 'SINHHOC', '2324HK2', 'TDNGV022');
INSERT INTO PHANCONGGVBM VALUES ('TDN11A2', 'HOAHOC', '2324HK2', 'TDNGV015');
INSERT INTO PHANCONGGVBM VALUES ('TDN11A2', 'VATLY', '2324HK2', 'TDNGV018');
INSERT INTO PHANCONGGVBM VALUES ('TDN11A3', 'TOAN', '2324HK2', 'TDNGV002');
INSERT INTO PHANCONGGVBM VALUES ('TDN11A3', 'NGUVAN', '2324HK2', 'TDNGV001');
INSERT INTO PHANCONGGVBM VALUES ('TDN11A3', 'TIENGANH', '2324HK2', 'TDNGV006');
INSERT INTO PHANCONGGVBM VALUES ('TDN11A3', 'LICHSU', '2324HK2', 'TDNGV024');
INSERT INTO PHANCONGGVBM VALUES ('TDN11A3', 'DIALY', '2324HK2', 'TDNGV005');
INSERT INTO PHANCONGGVBM VALUES ('TDN11A3', 'SINHHOC', '2324HK2', 'TDNGV015');
INSERT INTO PHANCONGGVBM VALUES ('TDN11A3', 'HOAHOC', '2324HK2', 'TDNGV015');
INSERT INTO PHANCONGGVBM VALUES ('TDN11A3', 'VATLY', '2324HK2', 'TDNGV022');
INSERT INTO PHANCONGGVBM VALUES ('TDN12A1', 'TOAN', '2324HK2', 'TDNGV004');
INSERT INTO PHANCONGGVBM VALUES ('TDN12A1', 'NGUVAN', '2324HK2', 'TDNGV006');
INSERT INTO PHANCONGGVBM VALUES ('TDN12A1', 'TIENGANH', '2324HK2', 'TDNGV020');
INSERT INTO PHANCONGGVBM VALUES ('TDN12A1', 'LICHSU', '2324HK2', 'TDNGV017');
INSERT INTO PHANCONGGVBM VALUES ('TDN12A1', 'DIALY', '2324HK2', 'TDNGV023');
INSERT INTO PHANCONGGVBM VALUES ('TDN12A1', 'SINHHOC', '2324HK2', 'TDNGV003');
INSERT INTO PHANCONGGVBM VALUES ('TDN12A1', 'HOAHOC', '2324HK2', 'TDNGV015');
INSERT INTO PHANCONGGVBM VALUES ('TDN12A1', 'VATLY', '2324HK2', 'TDNGV018');
INSERT INTO PHANCONGGVBM VALUES ('TDN12A2', 'TOAN', '2324HK2', 'TDNGV002');
INSERT INTO PHANCONGGVBM VALUES ('TDN12A2', 'NGUVAN', '2324HK2', 'TDNGV010');
INSERT INTO PHANCONGGVBM VALUES ('TDN12A2', 'TIENGANH', '2324HK2', 'TDNGV020');
INSERT INTO PHANCONGGVBM VALUES ('TDN12A2', 'LICHSU', '2324HK2', 'TDNGV005');
INSERT INTO PHANCONGGVBM VALUES ('TDN12A2', 'DIALY', '2324HK2', 'TDNGV012');
INSERT INTO PHANCONGGVBM VALUES ('TDN12A2', 'SINHHOC', '2324HK2', 'TDNGV003');
INSERT INTO PHANCONGGVBM VALUES ('TDN12A2', 'HOAHOC', '2324HK2', 'TDNGV008');
INSERT INTO PHANCONGGVBM VALUES ('TDN12A2', 'VATLY', '2324HK2', 'TDNGV018');
INSERT INTO PHANCONGGVBM VALUES ('TDN12A3', 'TOAN', '2324HK2', 'TDNGV010');
INSERT INTO PHANCONGGVBM VALUES ('TDN12A3', 'NGUVAN', '2324HK2', 'TDNGV001');
INSERT INTO PHANCONGGVBM VALUES ('TDN12A3', 'TIENGANH', '2324HK2', 'TDNGV004');
INSERT INTO PHANCONGGVBM VALUES ('TDN12A3', 'LICHSU', '2324HK2', 'TDNGV012');
INSERT INTO PHANCONGGVBM VALUES ('TDN12A3', 'DIALY', '2324HK2', 'TDNGV024');
INSERT INTO PHANCONGGVBM VALUES ('TDN12A3', 'SINHHOC', '2324HK2', 'TDNGV022');
INSERT INTO PHANCONGGVBM VALUES ('TDN12A3', 'HOAHOC', '2324HK2', 'TDNGV015');
INSERT INTO PHANCONGGVBM VALUES ('TDN12A3', 'VATLY', '2324HK2', 'TDNGV018');
INSERT INTO PHANCONGGVBM VALUES ('LVL10A1', 'TOAN', '2324HK2', 'LVLGV024');
INSERT INTO PHANCONGGVBM VALUES ('LVL10A1', 'NGUVAN', '2324HK2', 'LVLGV013');
INSERT INTO PHANCONGGVBM VALUES ('LVL10A1', 'TIENGANH', '2324HK2', 'LVLGV016');
INSERT INTO PHANCONGGVBM VALUES ('LVL10A1', 'LICHSU', '2324HK2', 'LVLGV005');
INSERT INTO PHANCONGGVBM VALUES ('LVL10A1', 'DIALY', '2324HK2', 'LVLGV012');
INSERT INTO PHANCONGGVBM VALUES ('LVL10A1', 'SINHHOC', '2324HK2', 'LVLGV001');
INSERT INTO PHANCONGGVBM VALUES ('LVL10A1', 'HOAHOC', '2324HK2', 'LVLGV006');
INSERT INTO PHANCONGGVBM VALUES ('LVL10A1', 'VATLY', '2324HK2', 'LVLGV018');
INSERT INTO PHANCONGGVBM VALUES ('LVL10A2', 'TOAN', '2324HK2', 'LVLGV010');
INSERT INTO PHANCONGGVBM VALUES ('LVL10A2', 'NGUVAN', '2324HK2', 'LVLGV024');
INSERT INTO PHANCONGGVBM VALUES ('LVL10A2', 'TIENGANH', '2324HK2', 'LVLGV016');
INSERT INTO PHANCONGGVBM VALUES ('LVL10A2', 'LICHSU', '2324HK2', 'LVLGV021');
INSERT INTO PHANCONGGVBM VALUES ('LVL10A2', 'DIALY', '2324HK2', 'LVLGV012');
INSERT INTO PHANCONGGVBM VALUES ('LVL10A2', 'SINHHOC', '2324HK2', 'LVLGV020');
INSERT INTO PHANCONGGVBM VALUES ('LVL10A2', 'HOAHOC', '2324HK2', 'LVLGV023');
INSERT INTO PHANCONGGVBM VALUES ('LVL10A2', 'VATLY', '2324HK2', 'LVLGV025');
INSERT INTO PHANCONGGVBM VALUES ('LVL10A3', 'TOAN', '2324HK2', 'LVLGV016');
INSERT INTO PHANCONGGVBM VALUES ('LVL10A3', 'NGUVAN', '2324HK2', 'LVLGV013');
INSERT INTO PHANCONGGVBM VALUES ('LVL10A3', 'TIENGANH', '2324HK2', 'LVLGV010');
INSERT INTO PHANCONGGVBM VALUES ('LVL10A3', 'LICHSU', '2324HK2', 'LVLGV005');
INSERT INTO PHANCONGGVBM VALUES ('LVL10A3', 'DIALY', '2324HK2', 'LVLGV012');
INSERT INTO PHANCONGGVBM VALUES ('LVL10A3', 'SINHHOC', '2324HK2', 'LVLGV001');
INSERT INTO PHANCONGGVBM VALUES ('LVL10A3', 'HOAHOC', '2324HK2', 'LVLGV018');
INSERT INTO PHANCONGGVBM VALUES ('LVL10A3', 'VATLY', '2324HK2', 'LVLGV013');
INSERT INTO PHANCONGGVBM VALUES ('LVL11A1', 'TOAN', '2324HK2', 'LVLGV024');
INSERT INTO PHANCONGGVBM VALUES ('LVL11A1', 'NGUVAN', '2324HK2', 'LVLGV016');
INSERT INTO PHANCONGGVBM VALUES ('LVL11A1', 'TIENGANH', '2324HK2', 'LVLGV013');
INSERT INTO PHANCONGGVBM VALUES ('LVL11A1', 'LICHSU', '2324HK2', 'LVLGV022');
INSERT INTO PHANCONGGVBM VALUES ('LVL11A1', 'DIALY', '2324HK2', 'LVLGV012');
INSERT INTO PHANCONGGVBM VALUES ('LVL11A1', 'SINHHOC', '2324HK2', 'LVLGV001');
INSERT INTO PHANCONGGVBM VALUES ('LVL11A1', 'HOAHOC', '2324HK2', 'LVLGV006');
INSERT INTO PHANCONGGVBM VALUES ('LVL11A1', 'VATLY', '2324HK2', 'LVLGV018');
INSERT INTO PHANCONGGVBM VALUES ('LVL11A2', 'TOAN', '2324HK2', 'LVLGV013');
INSERT INTO PHANCONGGVBM VALUES ('LVL11A2', 'NGUVAN', '2324HK2', 'LVLGV016');
INSERT INTO PHANCONGGVBM VALUES ('LVL11A2', 'TIENGANH', '2324HK2', 'LVLGV024');
INSERT INTO PHANCONGGVBM VALUES ('LVL11A2', 'LICHSU', '2324HK2', 'LVLGV021');
INSERT INTO PHANCONGGVBM VALUES ('LVL11A2', 'DIALY', '2324HK2', 'LVLGV012');
INSERT INTO PHANCONGGVBM VALUES ('LVL11A2', 'SINHHOC', '2324HK2', 'LVLGV003');
INSERT INTO PHANCONGGVBM VALUES ('LVL11A2', 'HOAHOC', '2324HK2', 'LVLGV016');
INSERT INTO PHANCONGGVBM VALUES ('LVL11A2', 'VATLY', '2324HK2', 'LVLGV018');
INSERT INTO PHANCONGGVBM VALUES ('LVL11A3', 'TOAN', '2324HK2', 'LVLGV024');
INSERT INTO PHANCONGGVBM VALUES ('LVL11A3', 'NGUVAN', '2324HK2', 'LVLGV010');
INSERT INTO PHANCONGGVBM VALUES ('LVL11A3', 'TIENGANH', '2324HK2', 'LVLGV016');
INSERT INTO PHANCONGGVBM VALUES ('LVL11A3', 'LICHSU', '2324HK2', 'LVLGV021');
INSERT INTO PHANCONGGVBM VALUES ('LVL11A3', 'DIALY', '2324HK2', 'LVLGV022');
INSERT INTO PHANCONGGVBM VALUES ('LVL11A3', 'SINHHOC', '2324HK2', 'LVLGV003');
INSERT INTO PHANCONGGVBM VALUES ('LVL11A3', 'HOAHOC', '2324HK2', 'LVLGV016');
INSERT INTO PHANCONGGVBM VALUES ('LVL11A3', 'VATLY', '2324HK2', 'LVLGV018');
INSERT INTO PHANCONGGVBM VALUES ('LVL12A1', 'TOAN', '2324HK2', 'LVLGV024');
INSERT INTO PHANCONGGVBM VALUES ('LVL12A1', 'NGUVAN', '2324HK2', 'LVLGV016');
INSERT INTO PHANCONGGVBM VALUES ('LVL12A1', 'TIENGANH', '2324HK2', 'LVLGV013');
INSERT INTO PHANCONGGVBM VALUES ('LVL12A1', 'LICHSU', '2324HK2', 'LVLGV005');
INSERT INTO PHANCONGGVBM VALUES ('LVL12A1', 'DIALY', '2324HK2', 'LVLGV012');
INSERT INTO PHANCONGGVBM VALUES ('LVL12A1', 'SINHHOC', '2324HK2', 'LVLGV003');
INSERT INTO PHANCONGGVBM VALUES ('LVL12A1', 'HOAHOC', '2324HK2', 'LVLGV023');
INSERT INTO PHANCONGGVBM VALUES ('LVL12A1', 'VATLY', '2324HK2', 'LVLGV018');
INSERT INTO PHANCONGGVBM VALUES ('LVL12A2', 'TOAN', '2324HK2', 'LVLGV010');
INSERT INTO PHANCONGGVBM VALUES ('LVL12A2', 'NGUVAN', '2324HK2', 'LVLGV024');
INSERT INTO PHANCONGGVBM VALUES ('LVL12A2', 'TIENGANH', '2324HK2', 'LVLGV013');
INSERT INTO PHANCONGGVBM VALUES ('LVL12A2', 'LICHSU', '2324HK2', 'LVLGV021');
INSERT INTO PHANCONGGVBM VALUES ('LVL12A2', 'DIALY', '2324HK2', 'LVLGV012');
INSERT INTO PHANCONGGVBM VALUES ('LVL12A2', 'SINHHOC', '2324HK2', 'LVLGV003');
INSERT INTO PHANCONGGVBM VALUES ('LVL12A2', 'HOAHOC', '2324HK2', 'LVLGV020');
INSERT INTO PHANCONGGVBM VALUES ('LVL12A2', 'VATLY', '2324HK2', 'LVLGV018');
INSERT INTO PHANCONGGVBM VALUES ('LVL12A3', 'TOAN', '2324HK2', 'LVLGV016');
INSERT INTO PHANCONGGVBM VALUES ('LVL12A3', 'NGUVAN', '2324HK2', 'LVLGV013');
INSERT INTO PHANCONGGVBM VALUES ('LVL12A3', 'TIENGANH', '2324HK2', 'LVLGV010');
INSERT INTO PHANCONGGVBM VALUES ('LVL12A3', 'LICHSU', '2324HK2', 'LVLGV022');
INSERT INTO PHANCONGGVBM VALUES ('LVL12A3', 'DIALY', '2324HK2', 'LVLGV012');
INSERT INTO PHANCONGGVBM VALUES ('LVL12A3', 'SINHHOC', '2324HK2', 'LVLGV003');
INSERT INTO PHANCONGGVBM VALUES ('LVL12A3', 'HOAHOC', '2324HK2', 'LVLGV023');
INSERT INTO PHANCONGGVBM VALUES ('LVL12A3', 'VATLY', '2324HK2', 'LVLGV018');
INSERT INTO HOCBA VALUES ('TDNHS001', '2324HK2', '7.54', N'Tốt ', N'Khá');
INSERT INTO HOCBA VALUES ('TDNHS008', '2324HK2', '6.58', N'Tốt ', N'Khá');
INSERT INTO HOCBA VALUES ('TDNHS019', '2324HK2', '7.93', N'Tốt ', N'Khá');
INSERT INTO HOCBA VALUES ('TDNHS022', '2324HK2', '6.43', N'Tốt ', N'Trung Bình');
INSERT INTO HOCBA VALUES ('TDNHS036', '2324HK2', '8.1', N'Tốt ', N'Giỏi');
INSERT INTO HOCBA VALUES ('TDNHS040', '2324HK2', '6.37', N'Tốt ', N'Trung Bình');
INSERT INTO HOCBA VALUES ('LVLHS012', '2324HK2', '7.0', N'Tốt ', N'Khá');
INSERT INTO HOCBA VALUES ('LVLHS015', '2324HK2', '7.85', N'Tốt ', N'Khá');
INSERT INTO HOCBA VALUES ('LVLHS026', '2324HK2', '6.0', N'Tốt ', N'Trung Bình');
INSERT INTO HOCBA VALUES ('LVLHS045', '2324HK2', '7.0', N'Tốt ', N'Khá');
INSERT INTO HOCBA VALUES ('LVLHS052', '2324HK2', '7.12', N'Tốt ', N'Khá');
INSERT INTO LOAIKHENTHUONG VALUES ('TDNKTHSG', N'Khen thưởng học sinh giỏi');
INSERT INTO LOAIKHENTHUONG VALUES ('TDNKTHSK', N'Khen thưởng học sinh khá');
INSERT INTO LOAIKHENTHUONG VALUES ('LVLKTHSG', N'Khen thưởng học sinh giỏi');
INSERT INTO LOAIKHENTHUONG VALUES ('LVLKTHSK', N'Khen thưởng học sinh khá');
INSERT INTO HSKHENTHUONG VALUES ('TDNKTHSK', 'TDNHS001', '2324HK2', N'Giấy khen');
INSERT INTO HSKHENTHUONG VALUES ('TDNKTHSK', 'TDNHS008', '2324HK2', N'Giấy khen');
INSERT INTO HSKHENTHUONG VALUES ('TDNKTHSK', 'TDNHS019', '2324HK2', N'Giấy khen');
INSERT INTO HSKHENTHUONG VALUES ('TDNKTHSG', 'TDNHS036', '2324HK2', N'Giấy khen');
INSERT INTO HSKHENTHUONG VALUES ('LVLKTHSK', 'LVLHS012', '2324HK2', N'Giấy khen');
INSERT INTO HSKHENTHUONG VALUES ('LVLKTHSK', 'LVLHS015', '2324HK2', N'Giấy khen');
INSERT INTO HSKHENTHUONG VALUES ('LVLKTHSK', 'LVLHS045', '2324HK2', N'Giấy khen');
INSERT INTO HSKHENTHUONG VALUES ('LVLKTHSK', 'LVLHS052', '2324HK2', N'Giấy khen');
INSERT INTO KQCN VALUES ('TDNHS001', 'TDN10A2', '2024', '7.54', 'NULL', 'NULL');
INSERT INTO KQCN VALUES ('TDNHS008', 'TDN10A3', '2024', '6.58', 'NULL', 'NULL');
INSERT INTO KQCN VALUES ('TDNHS019', 'TDN11A1', '2024', '7.93', 'NULL', 'NULL');
INSERT INTO KQCN VALUES ('TDNHS022', 'TDN12A2', '2024', '6.43', 'NULL', 'NULL');
INSERT INTO KQCN VALUES ('TDNHS036', 'TDN12A2', '2024', '8.1', 'NULL', 'NULL');
INSERT INTO KQCN VALUES ('TDNHS040', 'TDN11A1', '2024', '6.37', 'NULL', 'NULL');
INSERT INTO KQCN VALUES ('LVLHS012', 'LVL11A3', '2024', '7.0', 'NULL', 'NULL');
INSERT INTO KQCN VALUES ('LVLHS015', 'LVL10A1', '2024', '7.85', 'NULL', 'NULL');
INSERT INTO KQCN VALUES ('LVLHS026', 'LVL11A3', '2024', '6.0', 'NULL', 'NULL');
INSERT INTO KQCN VALUES ('LVLHS045', 'LVL10A1', '2024', '7.0', 'NULL', 'NULL');
INSERT INTO KQCN VALUES ('LVLHS052', 'LVL12A2', '2024', '7.12', 'NULL', 'NULL');
INSERT INTO KQHTMHHK VALUES ('TDNHS001', 'TDN10A2', '2324HK2', 'TOAN', '7.5', '8.0', '7.83', 'NULL', 'NULL');
INSERT INTO KQHTMHHK VALUES ('TDNHS001', 'TDN10A2', '2324HK2', 'NGUVAN', '5.0', '6.5', '6.0', 'NULL', 'NULL');
INSERT INTO KQHTMHHK VALUES ('TDNHS001', 'TDN10A2', '2324HK2', 'TIENGANH', '9.0', '9.0', '9.0', 'NULL', 'NULL');
INSERT INTO KQHTMHHK VALUES ('TDNHS001', 'TDN10A2', '2324HK2', 'LICHSU', '7.0', '7.5', '7.33', 'NULL', 'NULL');
INSERT INTO KQHTMHHK VALUES ('TDNHS001', 'TDN10A2', '2324HK2', 'DIALY', '8.0', '8.0', '8.0', 'NULL', 'NULL');
INSERT INTO KQHTMHHK VALUES ('TDNHS001', 'TDN10A2', '2324HK2', 'SINHHOC', '6.5', '7.0', '6.83', 'NULL', 'NULL');
INSERT INTO KQHTMHHK VALUES ('TDNHS001', 'TDN10A2', '2324HK2', 'HOAHOC', '7.0', '7.5', '7.33', 'NULL', 'NULL');
INSERT INTO KQHTMHHK VALUES ('TDNHS001', 'TDN10A2', '2324HK2', 'VATLY', '8.0', '8.0', '8.0', 'NULL', 'NULL');
INSERT INTO KQHTMHHK VALUES ('TDNHS008', 'TDN10A3', '2324HK2', 'TOAN', '6.0', '6.5', '6.33', 'NULL', 'NULL');
INSERT INTO KQHTMHHK VALUES ('TDNHS008', 'TDN10A3', '2324HK2', 'NGUVAN', '5.0', '5.5', '5.33', 'NULL', 'NULL');
INSERT INTO KQHTMHHK VALUES ('TDNHS008', 'TDN10A3', '2324HK2', 'TIENGANH', '4.5', '5.0', '4.83', 'NULL', 'NULL');
INSERT INTO KQHTMHHK VALUES ('TDNHS008', 'TDN10A3', '2324HK2', 'LICHSU', '8.0', '7.5', '7.67', 'NULL', 'NULL');
INSERT INTO KQHTMHHK VALUES ('TDNHS008', 'TDN10A3', '2324HK2', 'DIALY', '5.0', '8.0', '7.0', 'NULL', 'NULL');
INSERT INTO KQHTMHHK VALUES ('TDNHS008', 'TDN10A3', '2324HK2', 'SINHHOC', '3.0', '5.0', '4.33', 'NULL', 'NULL');
INSERT INTO KQHTMHHK VALUES ('TDNHS008', 'TDN10A3', '2324HK2', 'HOAHOC', '8.0', '8.0', '8.0', 'NULL', 'NULL');
INSERT INTO KQHTMHHK VALUES ('TDNHS008', 'TDN10A3', '2324HK2', 'VATLY', '9.5', '9.0', '9.17', 'NULL', 'NULL');
INSERT INTO KQHTMHHK VALUES ('TDNHS019', 'TDN11A1', '2324HK2', 'TOAN', '8.5', '8.0', '8.17', 'NULL', 'NULL');
INSERT INTO KQHTMHHK VALUES ('TDNHS019', 'TDN11A1', '2324HK2', 'NGUVAN', '7.0', '7.5', '7.33', 'NULL', 'NULL');
INSERT INTO KQHTMHHK VALUES ('TDNHS019', 'TDN11A1', '2324HK2', 'TIENGANH', '8.0', '9.0', '8.67', 'NULL', 'NULL');
INSERT INTO KQHTMHHK VALUES ('TDNHS019', 'TDN11A1', '2324HK2', 'LICHSU', '7.5', '8.0', '7.83', 'NULL', 'NULL');
INSERT INTO KQHTMHHK VALUES ('TDNHS019', 'TDN11A1', '2324HK2', 'DIALY', '9.0', '9.0', '9.0', 'NULL', 'NULL');
INSERT INTO KQHTMHHK VALUES ('TDNHS019', 'TDN11A1', '2324HK2', 'SINHHOC', '8.0', '8.5', '8.33', 'NULL', 'NULL');
INSERT INTO KQHTMHHK VALUES ('TDNHS019', 'TDN11A1', '2324HK2', 'HOAHOC', '7.0', '7.0', '7.0', 'NULL', 'NULL');
INSERT INTO KQHTMHHK VALUES ('TDNHS019', 'TDN11A1', '2324HK2', 'VATLY', '7.5', '7.0', '7.17', 'NULL', 'NULL');
INSERT INTO KQHTMHHK VALUES ('TDNHS022', 'TDN12A2', '2324HK2', 'TOAN', '8.0', '8.0', '8.0', 'NULL', 'NULL');
INSERT INTO KQHTMHHK VALUES ('TDNHS022', 'TDN12A2', '2324HK2', 'NGUVAN', '6.0', '6.5', '6.33', 'NULL', 'NULL');
INSERT INTO KQHTMHHK VALUES ('TDNHS022', 'TDN12A2', '2324HK2', 'TIENGANH', '5.0', '5.5', '5.33', 'NULL', 'NULL');
INSERT INTO KQHTMHHK VALUES ('TDNHS022', 'TDN12A2', '2324HK2', 'LICHSU', '4.5', '5.0', '4.83', 'NULL', 'NULL');
INSERT INTO KQHTMHHK VALUES ('TDNHS022', 'TDN12A2', '2324HK2', 'DIALY', '8.0', '7.5', '7.67', 'NULL', 'NULL');
INSERT INTO KQHTMHHK VALUES ('TDNHS022', 'TDN12A2', '2324HK2', 'SINHHOC', '5.0', '8.0', '7.0', 'NULL', 'NULL');
INSERT INTO KQHTMHHK VALUES ('TDNHS022', 'TDN12A2', '2324HK2', 'HOAHOC', '3.0', '5.0', '4.33', 'NULL', 'NULL');
INSERT INTO KQHTMHHK VALUES ('TDNHS022', 'TDN12A2', '2324HK2', 'VATLY', '8.0', '8.0', '8.0', 'NULL', 'NULL');
INSERT INTO KQHTMHHK VALUES ('TDNHS036', 'TDN12A2', '2324HK2', 'TOAN', '9.5', '9.0', '9.17', 'NULL', 'NULL');
INSERT INTO KQHTMHHK VALUES ('TDNHS036', 'TDN12A2', '2324HK2', 'NGUVAN', '9.0', '9.0', '9.0', 'NULL', 'NULL');
INSERT INTO KQHTMHHK VALUES ('TDNHS036', 'TDN12A2', '2324HK2', 'TIENGANH', '7.0', '7.5', '7.33', 'NULL', 'NULL');
INSERT INTO KQHTMHHK VALUES ('TDNHS036', 'TDN12A2', '2324HK2', 'LICHSU', '8.0', '8.0', '8.0', 'NULL', 'NULL');
INSERT INTO KQHTMHHK VALUES ('TDNHS036', 'TDN12A2', '2324HK2', 'DIALY', '9.0', '9.0', '9.0', 'NULL', 'NULL');
INSERT INTO KQHTMHHK VALUES ('TDNHS036', 'TDN12A2', '2324HK2', 'SINHHOC', '7.0', '7.5', '7.33', 'NULL', 'NULL');
INSERT INTO KQHTMHHK VALUES ('TDNHS036', 'TDN12A2', '2324HK2', 'HOAHOC', '8.0', '8.0', '8.0', 'NULL', 'NULL');
INSERT INTO KQHTMHHK VALUES ('TDNHS036', 'TDN12A2', '2324HK2', 'VATLY', '7.0', '7.0', '7.0', 'NULL', 'NULL');
INSERT INTO KQHTMHHK VALUES ('TDNHS040', 'TDN11A1', '2324HK2', 'TOAN', '7.5', '7.0', '7.17', 'NULL', 'NULL');
INSERT INTO KQHTMHHK VALUES ('TDNHS040', 'TDN11A1', '2324HK2', 'NGUVAN', '8.0', '8.0', '8.0', 'NULL', 'NULL');
INSERT INTO KQHTMHHK VALUES ('TDNHS040', 'TDN11A1', '2324HK2', 'TIENGANH', '6.0', '6.5', '6.33', 'NULL', 'NULL');
INSERT INTO KQHTMHHK VALUES ('TDNHS040', 'TDN11A1', '2324HK2', 'LICHSU', '5.0', '5.5', '5.33', 'NULL', 'NULL');
INSERT INTO KQHTMHHK VALUES ('TDNHS040', 'TDN11A1', '2324HK2', 'DIALY', '6.0', '6.5', '6.33', 'NULL', 'NULL');
INSERT INTO KQHTMHHK VALUES ('TDNHS040', 'TDN11A1', '2324HK2', 'SINHHOC', '5.0', '5.5', '5.33', 'NULL', 'NULL');
INSERT INTO KQHTMHHK VALUES ('TDNHS040', 'TDN11A1', '2324HK2', 'HOAHOC', '4.5', '5.0', '4.83', 'NULL', 'NULL');
INSERT INTO KQHTMHHK VALUES ('TDNHS040', 'TDN11A1', '2324HK2', 'VATLY', '8.0', '7.5', '7.67', 'NULL', 'NULL');
INSERT INTO KQHTMHHK VALUES ('LVLHS012', 'LVL11A3', '2324HK2', 'TOAN', '7.5', '8.0', '7.83', 'NULL', 'NULL');
INSERT INTO KQHTMHHK VALUES ('LVLHS012', 'LVL11A3', '2324HK2', 'NGUVAN', '5.0', '6.5', '6.0', 'NULL', 'NULL');
INSERT INTO KQHTMHHK VALUES ('LVLHS012', 'LVL11A3', '2324HK2', 'TIENGANH', '9.0', '9.0', '9.0', 'NULL', 'NULL');
INSERT INTO KQHTMHHK VALUES ('LVLHS012', 'LVL11A3', '2324HK2', 'LICHSU', '6.0', '6.5', '6.33', 'NULL', 'NULL');
INSERT INTO KQHTMHHK VALUES ('LVLHS012', 'LVL11A3', '2324HK2', 'DIALY', '5.0', '5.5', '5.33', 'NULL', 'NULL');
INSERT INTO KQHTMHHK VALUES ('LVLHS012', 'LVL11A3', '2324HK2', 'SINHHOC', '4.5', '5.0', '4.83', 'NULL', 'NULL');
INSERT INTO KQHTMHHK VALUES ('LVLHS012', 'LVL11A3', '2324HK2', 'HOAHOC', '8.0', '7.5', '7.67', 'NULL', 'NULL');
INSERT INTO KQHTMHHK VALUES ('LVLHS012', 'LVL11A3', '2324HK2', 'VATLY', '9.0', '9.0', '9.0', 'NULL', 'NULL');
INSERT INTO KQHTMHHK VALUES ('LVLHS015', 'LVL10A1', '2324HK2', 'TOAN', '7.0', '7.5', '7.33', 'NULL', 'NULL');
INSERT INTO KQHTMHHK VALUES ('LVLHS015', 'LVL10A1', '2324HK2', 'NGUVAN', '8.0', '8.0', '8.0', 'NULL', 'NULL');
INSERT INTO KQHTMHHK VALUES ('LVLHS015', 'LVL10A1', '2324HK2', 'TIENGANH', '9.0', '9.0', '9.0', 'NULL', 'NULL');
INSERT INTO KQHTMHHK VALUES ('LVLHS015', 'LVL10A1', '2324HK2', 'LICHSU', '9.0', '9.0', '9.0', 'NULL', 'NULL');
INSERT INTO KQHTMHHK VALUES ('LVLHS015', 'LVL10A1', '2324HK2', 'DIALY', '7.0', '7.5', '7.33', 'NULL', 'NULL');
INSERT INTO KQHTMHHK VALUES ('LVLHS015', 'LVL10A1', '2324HK2', 'SINHHOC', '8.0', '8.0', '8.0', 'NULL', 'NULL');
INSERT INTO KQHTMHHK VALUES ('LVLHS015', 'LVL10A1', '2324HK2', 'HOAHOC', '7.0', '7.0', '7.0', 'NULL', 'NULL');
INSERT INTO KQHTMHHK VALUES ('LVLHS015', 'LVL10A1', '2324HK2', 'VATLY', '7.5', '7.0', '7.17', 'NULL', 'NULL');
INSERT INTO KQHTMHHK VALUES ('LVLHS026', 'LVL11A3', '2324HK2', 'TOAN', '8.0', '8.0', '8.0', 'NULL', 'NULL');
INSERT INTO KQHTMHHK VALUES ('LVLHS026', 'LVL11A3', '2324HK2', 'NGUVAN', '6.0', '6.5', '6.33', 'NULL', 'NULL');
INSERT INTO KQHTMHHK VALUES ('LVLHS026', 'LVL11A3', '2324HK2', 'TIENGANH', '5.0', '5.5', '5.33', 'NULL', 'NULL');
INSERT INTO KQHTMHHK VALUES ('LVLHS026', 'LVL11A3', '2324HK2', 'LICHSU', '6.0', '6.5', '6.33', 'NULL', 'NULL');
INSERT INTO KQHTMHHK VALUES ('LVLHS026', 'LVL11A3', '2324HK2', 'DIALY', '5.0', '5.5', '5.33', 'NULL', 'NULL');
INSERT INTO KQHTMHHK VALUES ('LVLHS026', 'LVL11A3', '2324HK2', 'SINHHOC', '4.5', '5.0', '4.83', 'NULL', 'NULL');
INSERT INTO KQHTMHHK VALUES ('LVLHS026', 'LVL11A3', '2324HK2', 'HOAHOC', '6.0', '6.5', '6.33', 'NULL', 'NULL');
INSERT INTO KQHTMHHK VALUES ('LVLHS026', 'LVL11A3', '2324HK2', 'VATLY', '5.0', '5.5', '5.33', 'NULL', 'NULL');
INSERT INTO KQHTMHHK VALUES ('LVLHS045', 'LVL10A1', '2324HK2', 'TOAN', '4.5', '5.0', '4.83', 'NULL', 'NULL');
INSERT INTO KQHTMHHK VALUES ('LVLHS045', 'LVL10A1', '2324HK2', 'NGUVAN', '9.0', '9.0', '9.0', 'NULL', 'NULL');
INSERT INTO KQHTMHHK VALUES ('LVLHS045', 'LVL10A1', '2324HK2', 'TIENGANH', '8.0', '8.5', '8.33', 'NULL', 'NULL');
INSERT INTO KQHTMHHK VALUES ('LVLHS045', 'LVL10A1', '2324HK2', 'LICHSU', '7.0', '7.0', '7.0', 'NULL', 'NULL');
INSERT INTO KQHTMHHK VALUES ('LVLHS045', 'LVL10A1', '2324HK2', 'DIALY', '7.5', '7.0', '7.17', 'NULL', 'NULL');
INSERT INTO KQHTMHHK VALUES ('LVLHS045', 'LVL10A1', '2324HK2', 'SINHHOC', '8.0', '8.0', '8.0', 'NULL', 'NULL');
INSERT INTO KQHTMHHK VALUES ('LVLHS045', 'LVL10A1', '2324HK2', 'HOAHOC', '6.0', '6.5', '6.33', 'NULL', 'NULL');
INSERT INTO KQHTMHHK VALUES ('LVLHS045', 'LVL10A1', '2324HK2', 'VATLY', '5.0', '5.5', '5.33', 'NULL', 'NULL');
INSERT INTO KQHTMHHK VALUES ('LVLHS052', 'LVL12A2', '2324HK2', 'TOAN', '5.0', '5.5', '5.33', 'NULL', 'NULL');
INSERT INTO KQHTMHHK VALUES ('LVLHS052', 'LVL12A2', '2324HK2', 'NGUVAN', '4.5', '5.0', '4.83', 'NULL', 'NULL');
INSERT INTO KQHTMHHK VALUES ('LVLHS052', 'LVL12A2', '2324HK2', 'TIENGANH', '9.0', '9.0', '9.0', 'NULL', 'NULL');
INSERT INTO KQHTMHHK VALUES ('LVLHS052', 'LVL12A2', '2324HK2', 'LICHSU', '8.0', '8.5', '8.33', 'NULL', 'NULL');
INSERT INTO KQHTMHHK VALUES ('LVLHS052', 'LVL12A2', '2324HK2', 'DIALY', '7.0', '7.5', '7.33', 'NULL', 'NULL');
INSERT INTO KQHTMHHK VALUES ('LVLHS052', 'LVL12A2', '2324HK2', 'SINHHOC', '8.0', '8.0', '8.0', 'NULL', 'NULL');
INSERT INTO KQHTMHHK VALUES ('LVLHS052', 'LVL12A2', '2324HK2', 'HOAHOC', '7.0', '7.0', '7.0', 'NULL', 'NULL');
INSERT INTO KQHTMHHK VALUES ('LVLHS052', 'LVL12A2', '2324HK2', 'VATLY', '7.5', '7.0', '7.17', 'NULL', 'NULL');
INSERT INTO TRUONG VALUES ('THPTVL',N'Trường THPT Vĩnh Long', N'Thành phố Vĩnh Long 33/1 Phạm Thái Bường, Phường 4, Vĩnh Long', '2703822523', 'c3vinhlong@vinhlong.edu.vn', 'TPVL', 'THPT');
INSERT INTO LOP VALUES ('THPTVL10A1', '10', 'THPTVL');
INSERT INTO LOP VALUES ('THPTVL10A2', '10', 'THPTVL');
INSERT INTO LOP VALUES ('THPTVL10A3', '10', 'THPTVL');
INSERT INTO LOP VALUES ('THPTVL11A1', '11', 'THPTVL');
INSERT INTO LOP VALUES ('THPTVL11A2', '11', 'THPTVL');
INSERT INTO LOP VALUES ('THPTVL11A3', '11', 'THPTVL');
INSERT INTO LOP VALUES ('THPTVL12A1', '12', 'THPTVL');
INSERT INTO LOP VALUES ('THPTVL12A2', '12', 'THPTVL');
INSERT INTO LOP VALUES ('THPTVL12A3', '12', 'THPTVL');
INSERT INTO PHUHUYNH VALUES ('THPTVLPH001', N'Nguyễn Thị Lan Anh ', N'Mẹ', N'123/4 Đường Nguyễn Văn Linh, Phường 1, Thành phố Vĩnh Long', '987654321', 'anhntl@gmail.com');
INSERT INTO PHUHUYNH VALUES ('THPTVLPH002', N'Trần Văn Đức', 'Cha', N'456/7 Đường Hùng Vương, Phường 2, Thành phố Vĩnh Long', '916234567', 'ductv@gmail.com');
INSERT INTO PHUHUYNH VALUES ('THPTVLPH003', N'Phạm Thị Hương', N'Mẹ', N'789/10 Đường Lê Lợi, Phường 3, Thành phố Vĩnh Long', '927345678', 'huongpt@gmail.com');
INSERT INTO PHUHUYNH VALUES ('THPTVLPH004', N'Lê Minh Tuấn', 'Cha', N'987/11 Đường Nguyễn Trung Trực, Phường 4, Thành phố Vĩnh Long', '938456789', 'tuanlm@gmail.com');
INSERT INTO PHUHUYNH VALUES ('THPTVLPH005', N'Vũ Thị Mai', N'Mẹ', N'654/12 Đường Trần Hưng Đạo, Phường 5, Thành phố Vĩnh Long', '949567890', 'maivt@gmail.com');
INSERT INTO PHUHUYNH VALUES ('THPTVLPH006', N'Nguyễn Văn An', 'Cha', N'123/4 Đường Nguyễn Văn Linh, Vĩnh Long', '908123456', 'nguyenvana@example.com');
INSERT INTO PHUHUYNH VALUES ('THPTVLPH007', N'Trần Thị Bưởi', N'Mẹ', N'456/7 Đường Hùng Vương, Vĩnh Long', '916234567', 'tranthib@example.com');
INSERT INTO PHUHUYNH VALUES ('THPTVLPH008', N'Phạm Văn Cầu', 'Cha', N'789/10 Đường Lê Lợi, Vĩnh Long', '927345678', 'phamvanc@example.com');
INSERT INTO PHUHUYNH VALUES ('THPTVLPH009', N'Lê Thị Duyên', N'Mẹ', N'987/11 Đường Nguyễn Trung Trực, Vĩnh Long', '938456789', 'lethid@example.com');
INSERT INTO PHUHUYNH VALUES ('THPTVLPH010', N'Vũ Văn Em', 'Cha', N'654/12 Đường Trần Hưng Đạo, Vĩnh Long', '949567890', 'vuvane@example.com');
INSERT INTO PHUHUYNH VALUES ('THPTVLPH011', N'Hoàng Thị Nâu', N'Mẹ', N'321/9 Đường Lê Lai, Vĩnh Long', '956789012', 'hoangthif@example.com');
INSERT INTO PHUHUYNH VALUES ('THPTVLPH012', N'Đặng Văn Giang', 'Cha', N'456/20 Đường Nguyễn Văn Cừ, Vĩnh Long', '967890123', 'dangvang@example.com');
INSERT INTO PHUHUYNH VALUES ('THPTVLPH013', N'Ngô Thị Huyền', N'Mẹ', N'789/15 Đường Lê Hồng Phong, Vĩnh Long', '978901234', 'ngohthi@example.com');
INSERT INTO PHUHUYNH VALUES ('THPTVLPH014', N'Lý Văn Lượm', 'Cha', N'654/30 Đường Phạm Ngũ Lão, Vĩnh Long', '989012345', 'lyvan@example.com');
INSERT INTO PHUHUYNH VALUES ('THPTVLPH015', N'Trương Thị Kiều', N'Mẹ', N'987/25 Đường Lê Lợi, Vĩnh Long', '990123456', 'truongthik@example.com');
INSERT INTO PHUHUYNH VALUES ('THPTVLPH016', N'Nguyễn Thị Lan Anh', N'Mẹ', N'111/5 Đường Lê Lợi, Vĩnh Long', '908123456', 'nguyenthi.lananh@example.com');
INSERT INTO PHUHUYNH VALUES ('THPTVLPH017', N'Trần Thị Thanh Hương', N'Mẹ', N'222/8 Đường Nguyễn Văn Linh, Vĩnh Long', '916234567', 'tranthanhhuong@example.com');
INSERT INTO PHUHUYNH VALUES ('THPTVLPH018', N'Phạm Thị Ngọc Lan', N'Mẹ', N'333/15 Đường Lê Hồng Phong, Vĩnh Long', '927345678', 'phamngoclan@example.com');
INSERT INTO PHUHUYNH VALUES ('THPTVLPH019', N'Lê Thị Hồng Loan', N'Mẹ', N'444/20 Đường Trần Hưng Đạo, Vĩnh Long', '938456789', 'lethihongloan@example.com');
INSERT INTO PHUHUYNH VALUES ('THPTVLPH020', N'Vũ Thị Thùy Linh', N'Mẹ', N'555/25 Đường Phạm Ngũ Lão, Vĩnh Long', '949567890', 'vuthithuylinh@example.com');
INSERT INTO PHUHUYNH VALUES ('THPTVLPH021', N'Hoàng Thị Ngọc Trâm', N'Mẹ', N'666/30 Đường Nguyễn Trung Trực, Vĩnh Long', '956789012', 'hoangngoctram@example.com');
INSERT INTO PHUHUYNH VALUES ('THPTVLPH022', N'Đặng Thị Thúy An', N'Mẹ', N'777/12 Đường Lê Lai, Vĩnh Long', '967890123', 'dangthuyan@example.com');
INSERT INTO PHUHUYNH VALUES ('THPTVLPH023', N'Ngô Thị Thanh Tâm', N'Mẹ', N'888/10 Đường Lê Hồng Phong, Vĩnh Long', '978901234', 'ngothanhtam@example.com');
INSERT INTO PHUHUYNH VALUES ('THPTVLPH024', N'Lý Thị Mai Anh', N'Mẹ', N'999/18 Đường Nguyễn Văn Cừ, Vĩnh Long', '989012345', 'lythimaianh@example.com');
INSERT INTO PHUHUYNH VALUES ('THPTVLPH025', N'Trương Thị Bích Ngọc', N'Mẹ', N'1010/9 Đường Hùng Vương, Vĩnh Long', '990123456', 'truongbichngoc@example.com');
INSERT INTO PHUHUYNH VALUES ('THPTVLPH026', N'Bùi Thị Kim Oanh', N'Mẹ', N'1111/7 Đường Lê Lợi, Vĩnh Long', '901123456', 'buithikimoanh@example.com');
INSERT INTO PHUHUYNH VALUES ('THPTVLPH027', N'Hồ Thị Thùy Trang', N'Mẹ', N'1212/14 Đường Trần Hưng Đạo, Vĩnh Long', '912123456', 'ho.thuytrang@example.com');
INSERT INTO PHUHUYNH VALUES ('THPTVLPH028', N'Mai Thị Thanh Hà', N'Mẹ', N'1313/3 Đường Phạm Ngũ Lão, Vĩnh Long', '923123456', 'maithithanhha@example.com');
INSERT INTO PHUHUYNH VALUES ('THPTVLPH029', N'Đặng Thị Thu Hà', N'Mẹ', N'1414/21 Đường Nguyễn Trung Trực, Vĩnh Long', '934123456', 'dangthithuha@example.com');
INSERT INTO PHUHUYNH VALUES ('THPTVLPH030', N'Nguyễn Thị Diễm Phúc', N'Mẹ', N'1515/6 Đường Lê Lai, Vĩnh Long', '945123456', 'nguyenthidiemphuc@example');
INSERT INTO PHUHUYNH VALUES ('THPTVLPH031', N'Lê Thị Hải Yến', N'Mẹ', N'1616/8 Đường Nguyễn Văn Linh, Vĩnh Long', '906123456', 'lethihaiyen@example.com');
INSERT INTO PHUHUYNH VALUES ('THPTVLPH032', N'Trần Thị Thúy Dung', N'Mẹ', N'1717/15 Đường Hùng Vương, Vĩnh Long', '917123456', 'tranthuydung@example.com');
INSERT INTO PHUHUYNH VALUES ('THPTVLPH033', N'Phạm Thị Bích Hạnh', N'Mẹ', N'1818/20 Đường Lê Lợi, Vĩnh Long', '928123456', 'phambichhanh@example.com');
INSERT INTO PHUHUYNH VALUES ('THPTVLPH034', N'Nguyễn Thị Mai Huệ', N'Mẹ', N'1919/12 Đường Trần Hưng Đạo, Vĩnh Long', '939123456', 'nguyenthimaihue@example.com');
INSERT INTO PHUHUYNH VALUES ('THPTVLPH035', N'Vũ Thị Ngọc Trâm', N'Mẹ', N'2020/25 Đường Phạm Ngũ Lão, Vĩnh Long', '940123456', 'vuthingoctram@example.com');
INSERT INTO PHUHUYNH VALUES ('THPTVLPH036', N'Hoàng Thị Thanh Tâm', N'Mẹ', N'2121/30 Đường Nguyễn Trung Trực, Vĩnh Long', '951123456', 'hoangthithanhtam@example.com');
INSERT INTO PHUHUYNH VALUES ('THPTVLPH037', N'Đặng Thị Thu Hương', N'Mẹ', N'2222/10 Đường Lê Lai, Vĩnh Long', '962123456', 'dangthithuhuong@example.com');
INSERT INTO PHUHUYNH VALUES ('THPTVLPH038', N'Ngô Thị Hồng Nhung', N'Mẹ', N'2323/18 Đường Lê Hồng Phong, Vĩnh Long', '973123456', 'ngothihongnhung@example.com');
INSERT INTO PHUHUYNH VALUES ('THPTVLPH039', N'Lý Thị Thanh Thảo', N'Mẹ', N'2424/9 Đường Nguyễn Văn Cừ, Vĩnh Long', '984123456', 'lythithanhthao@example.com');
INSERT INTO PHUHUYNH VALUES ('THPTVLPH040', N'Trương Thị Thu Hà', N'Mẹ', N'2525/7 Đường Hùng Vương, Vĩnh Long', '995123456', 'truongthithuha@example.com');
INSERT INTO PHUHUYNH VALUES ('THPTVLPH041', N'Bùi Thị Thanh Thảo', N'Mẹ', N'2626/14 Đường Lê Lợi, Vĩnh Long', '906123457', 'buithithanhthao@example.com');
INSERT INTO PHUHUYNH VALUES ('THPTVLPH042', N'Hồ Thị Kim Ngân', N'Mẹ', N'2727/21 Đường Trần Hưng Đạo, Vĩnh Long', '917123457', 'ho.thikimngan@example.com');
INSERT INTO PHUHUYNH VALUES ('THPTVLPH043', N'Mai Thị Phương Thảo', N'Mẹ', N'2828/3 Đường Phạm Ngũ Lão, Vĩnh Long', '928123457', 'maithiphuongthao@example.com');
INSERT INTO PHUHUYNH VALUES ('THPTVLPH044', N'Đặng Thị Kim Hạnh', N'Mẹ', N'2929/21 Đường Nguyễn Trung Trực, Vĩnh Long', '939123457', 'dangthikimhanh@example.com');
INSERT INTO PHUHUYNH VALUES ('THPTVLPH045', N'Nguyễn Thị Thùy Dương', N'Mẹ', N'3030/6 Đường Lê Lai, Vĩnh Long', '940123457', 'nguyenthithuyduong@example');
INSERT INTO HOCSINH VALUES ('THPTVLHS06001', N'Huỳnh Ngọc Ẩn', '2006-02-14', '1', N'123 Nguyễn Văn Linh, Phường 1, TP. Vĩnh Long', 'VL');
INSERT INTO HOCSINH VALUES ('THPTVLHS06002', N'Trương Quốc Bảo', '05/27/2006', '1', N'456 Trần Hưng Đạo, Phường 2, TP. Mỹ Tho', 'TG');
INSERT INTO HOCSINH VALUES ('THPTVLHS06003', N'Nguyễn Quốc Đạt', '08/09/2006', '1', N'789 Lê Lợi, Phường 3, TP. An Giang', 'AG');
INSERT INTO HOCSINH VALUES ('THPTVLHS06004', N'Cao Minh Điền', '11/22/2006', '1', N'1011 Lý Thái Tổ, Phường 4, TP. Vĩnh Long', 'VL');
INSERT INTO HOCSINH VALUES ('THPTVLHS06005', N'Nguyễn Ngọc Hân', '01/01/2006', '0', N'1213 Võ Văn Tần, Quận 5, TP. Hồ Chí Minh', 'HCM');
INSERT INTO HOCSINH VALUES ('THPTVLHS06006', N'Nguyễn Chí Hữu', '04/15/2006', '1', N'1415 Phạm Thái Bường, Phường 6, TP. Vĩnh Long', 'VL');
INSERT INTO HOCSINH VALUES ('THPTVLHS06007', N'Nguyễn Anh Kiệt', '07/28/2006', '1', N'1617 Nguyễn Đình Chiểu, Phường 7, TP. Vĩnh Long', 'VL');
INSERT INTO HOCSINH VALUES ('THPTVLHS06008', N'Đoàn Nhất Linh', '10/10/2006', '1', N'1819 Huỳnh Văn Tạo, Phường 8, TP. Vĩnh Long', 'VL');
INSERT INTO HOCSINH VALUES ('THPTVLHS06009', N'Nguyễn Thục Linh', '12/23/2006', '0', N'2021 30/4, Phường 9, TP. Bạc Liêu', 'BL');
INSERT INTO HOCSINH VALUES ('THPTVLHS06010', N'Huỳnh Thị Diễm Mi', '02/04/2006', '0', N'2223 Nguyễn Trung Trực, Phường 10, TP. Vĩnh Long', 'VL');
INSERT INTO HOCSINH VALUES ('THPTVLHS06011', N'Nguyễn Thị Nhật Mỹ', '05/18/2006', '0', N'2425 3 Tháng 2, Xã Bình Minh, Huyện Bình Minh', 'VL');
INSERT INTO HOCSINH VALUES ('THPTVLHS06012', N'Lê Thanh Ngân', '07/31/2006', '0', N'2627 Nguyễn Huệ, Xã Tam Bình, Huyện Bình Minh', 'VL');
INSERT INTO HOCSINH VALUES ('THPTVLHS06013', N'Nguyễn Bùi Thảo Ngân', '11/13/2006', '0', N'2829 Phan Văn Hớn, Xã Long An, Huyện Long Hồ', 'VL');
INSERT INTO HOCSINH VALUES ('THPTVLHS06014', N'Nguyễn Hoài Bảo Ngân', '01/24/2006', '0', N'3031 Nguyễn Văn Cừ, Xã Thanh Đức, Huyện Long Hồ', 'VL');
INSERT INTO HOCSINH VALUES ('THPTVLHS06015', N'Hà Bảo Ngọc', '04/07/2006', '0', N'3233 Huỳnh Tấn Phát, Xã Đồng Sơn, Huyện Lai Vung', 'VL');
INSERT INTO HOCSINH VALUES ('THPTVLHS07001', N'Trần Thanh Thiện', '2007-10-24', '1', N'123 Nguyễn Văn Linh, Phường 1, TP. Vĩnh Long', 'VL');
INSERT INTO HOCSINH VALUES ('THPTVLHS07002', N'Đàm Mỹ Anh', '2007-10-26', '0', N'789 Lê Lợi, Phường 3, TP. Vĩnh Long', 'VL');
INSERT INTO HOCSINH VALUES ('THPTVLHS07003', N'Lưu Hồng Ánh', '2007-02-03', '0', N'1011 Lý Thái Tổ, Phường 4, TP. Vĩnh Long', 'VL');
INSERT INTO HOCSINH VALUES ('THPTVLHS07004', N'Chung Ngọc Bích Châu', '2007-04-19', '0', N'1213 Võ Văn Tần, Phường 5, TP. Vĩnh Long', 'VL');
INSERT INTO HOCSINH VALUES ('THPTVLHS07005', N'Trần Thị Ngọc Đào', '2007-12-23', '0', N'1415 Phạm Thái Bường, Phường 6, TP. Vĩnh Long', 'VL');
INSERT INTO HOCSINH VALUES ('THPTVLHS07006', N'Trần Minh Đạt', '2007-02-15', '1', N'1617 Nguyễn Đình Chiểu, Phường 7, TP. Vĩnh Long', 'VL');
INSERT INTO HOCSINH VALUES ('THPTVLHS07007', N'Lê Nhật Duy', '2007-10-28', '1', N'1819 Huỳnh Văn Tạo, Phường 8, TP. Vĩnh Long', 'VL');
INSERT INTO HOCSINH VALUES ('THPTVLHS07008', N'Huỳnh Nguyễn Gia Hân', '2007-05-16', '0', N'2021 30/4, Phường 9, TP. Vĩnh Long', 'VL');
INSERT INTO HOCSINH VALUES ('THPTVLHS07009', N'Nguyễn Bùi Gia Hân', '2007-02-12', '0', N'2223 Nguyễn Trung Trực, Phường 10, TP. Vĩnh Long', 'VL');
INSERT INTO HOCSINH VALUES ('THPTVLHS07010', N'Vũ Gia Hân', '2007-10-18', '0', N'2425 3 Tháng 2, Xã Bình Minh, Huyện Bình Minh', 'VL');
INSERT INTO HOCSINH VALUES ('THPTVLHS07011', N'Nguyễn Quốc Huy', '2007-07-25', '1', N'2627 Nguyễn Huệ, Xã Tam Bình, Huyện Bình Minh', 'VL');
INSERT INTO HOCSINH VALUES ('THPTVLHS07012', N'Huỳnh Gia Huy', '2007-04-15', '0', N'2829 Phan Văn Hớn, Xã Long An, Huyện Long Hồ', 'VL');
INSERT INTO HOCSINH VALUES ('THPTVLHS07013', N'Đặng Thái Linh Huyền', '2007-04-23', '0', N'3031 Nguyễn Văn Cừ, Xã Thanh Đức, Huyện Long Hồ', 'VL');
INSERT INTO HOCSINH VALUES ('THPTVLHS07014', N'Nguyễn Ngọc Như Huỳnh', '2007-07-14', '0', N'3233 Huỳnh Tấn Phát, Xã Đồng Sơn, Huyện Lai Vung', 'VL');
INSERT INTO HOCSINH VALUES ('THPTVLHS08001', N'Cao Diệp Phương Anh', '2008-01-12', '0', N'123 Nguyễn Văn Linh, Phường 1, TP. Vĩnh Long', 'VL');
INSERT INTO HOCSINH VALUES ('THPTVLHS08002', N'Nguyễn Nhật Anh', '2008-07-08', '1', N'456 Trần Hưng Đạo, Phường 2, TP. Vĩnh Long', 'VL');
INSERT INTO HOCSINH VALUES ('THPTVLHS08003', N'Nguyễn Huỳnh Anh', '2008-09-10', '0', N'789 Lê Lợi, Phường 3, TP. Vĩnh Long', 'VL');
INSERT INTO HOCSINH VALUES ('THPTVLHS08004', N'Nguyễn Thị Mỹ Châm', '2008-09-10', '0', N'1011 Lý Thái Tổ, Phường 4, TP. Vĩnh Long', 'VL');
INSERT INTO HOCSINH VALUES ('THPTVLHS08005', N'Đỗ Thành Đạt', '2008-09-10', '1', N'1213 Võ Văn Tần, Phường 5, TP. Vĩnh Long', 'VL');
INSERT INTO HOCSINH VALUES ('THPTVLHS08006', N'Nguyễn Thị Hồng Diễm', '2008-09-10', '0', N'1415 Phạm Thái Bường, Phường 6, TP. Vĩnh Long', 'VL');
INSERT INTO HOCSINH VALUES ('THPTVLHS08007', N'Đặng Minh Đức', '2008-09-10', '1', N'1617 Nguyễn Đình Chiểu, Phường 7, TP. Vĩnh Long', 'VL');
INSERT INTO HOCSINH VALUES ('THPTVLHS08008', N'Hồ Thị Hồng Duyên', '2008-09-10', '0', N'1819 Huỳnh Văn Tạo, Phường 8, TP. Vĩnh Long', 'VL');
INSERT INTO HOCSINH VALUES ('THPTVLHS08009', N'Bùi Thị Ngọc Duyên', '2008-09-10', '0', N'2021 30/4, Phường 9, TP. Vĩnh Long', 'VL');
INSERT INTO HOCSINH VALUES ('THPTVLHS08010', N'Huỳnh Cẩm Duyên', '2008-02-02', '0', N'2223 Nguyễn Trung Trực, Phường 10, TP. Vĩnh Long', 'VL');
INSERT INTO HOCSINH VALUES ('THPTVLHS08011', N'Huỳnh Giao', '2008-11-11', '0', N'2425 3 Tháng 2, Xã Bình Minh, Huyện Bình Minh', 'VL');
INSERT INTO HOCSINH VALUES ('THPTVLHS08012', N'Lê Minh Hiếu', '2008-11-11', '1', N'2627 Nguyễn Huệ, Xã Tam Bình, Huyện Bình Minh', 'VL');
INSERT INTO HOCSINH VALUES ('THPTVLHS08013', N'Nguyễn Thành Hưng', '2008-11-11', '1', N'2829 Phan Văn Hớn, Xã Long An, Huyện Long Hồ', 'VL');
INSERT INTO HOCSINH VALUES ('THPTVLHS08014', N'Nguyễn Gia Huy', '2008-11-11', '1', N'3031 Nguyễn Văn Cừ, Xã Thanh Đức, Huyện Long Hồ', 'VL');
INSERT INTO HOCSINH VALUES ('THPTVLHS08015', N'Nguyễn Khắc Huy', '2008-11-11', '1', N'3233 Huỳnh Tấn Phát, Xã Đồng Sơn, Huyện Lai Vung', 'VL');
INSERT INTO PH_HS VALUES ('THPTVLPH001', 'THPTVLHS06001');
INSERT INTO PH_HS VALUES ('THPTVLPH002', 'THPTVLHS06002');
INSERT INTO PH_HS VALUES ('THPTVLPH003', 'THPTVLHS06003');
INSERT INTO PH_HS VALUES ('THPTVLPH004', 'THPTVLHS06004');
INSERT INTO PH_HS VALUES ('THPTVLPH005', 'THPTVLHS06005');
INSERT INTO PH_HS VALUES ('THPTVLPH006', 'THPTVLHS06006');
INSERT INTO PH_HS VALUES ('THPTVLPH007', 'THPTVLHS06007');
INSERT INTO PH_HS VALUES ('THPTVLPH008', 'THPTVLHS06008');
INSERT INTO PH_HS VALUES ('THPTVLPH009', 'THPTVLHS06009');
INSERT INTO PH_HS VALUES ('THPTVLPH010', 'THPTVLHS06010');
INSERT INTO PH_HS VALUES ('THPTVLPH011', 'THPTVLHS06011');
INSERT INTO PH_HS VALUES ('THPTVLPH012', 'THPTVLHS06012');
INSERT INTO PH_HS VALUES ('THPTVLPH013', 'THPTVLHS06013');
INSERT INTO PH_HS VALUES ('THPTVLPH014', 'THPTVLHS06014');
INSERT INTO PH_HS VALUES ('THPTVLPH015', 'THPTVLHS06015');
INSERT INTO PH_HS VALUES ('THPTVLPH016', 'THPTVLHS07001');
INSERT INTO PH_HS VALUES ('THPTVLPH017', 'THPTVLHS07001');
INSERT INTO PH_HS VALUES ('THPTVLPH018', 'THPTVLHS07002');
INSERT INTO PH_HS VALUES ('THPTVLPH019', 'THPTVLHS07003');
INSERT INTO PH_HS VALUES ('THPTVLPH020', 'THPTVLHS07004');
INSERT INTO PH_HS VALUES ('THPTVLPH021', 'THPTVLHS07005');
INSERT INTO PH_HS VALUES ('THPTVLPH022', 'THPTVLHS07006');
INSERT INTO PH_HS VALUES ('THPTVLPH023', 'THPTVLHS07007');
INSERT INTO PH_HS VALUES ('THPTVLPH024', 'THPTVLHS07008');
INSERT INTO PH_HS VALUES ('THPTVLPH025', 'THPTVLHS07009');
INSERT INTO PH_HS VALUES ('THPTVLPH026', 'THPTVLHS07010');
INSERT INTO PH_HS VALUES ('THPTVLPH027', 'THPTVLHS07011');
INSERT INTO PH_HS VALUES ('THPTVLPH028', 'THPTVLHS07012');
INSERT INTO PH_HS VALUES ('THPTVLPH029', 'THPTVLHS07013');
INSERT INTO PH_HS VALUES ('THPTVLPH030', 'THPTVLHS07014');
INSERT INTO PH_HS VALUES ('THPTVLPH031', 'THPTVLHS08001');
INSERT INTO PH_HS VALUES ('THPTVLPH032', 'THPTVLHS08002');
INSERT INTO PH_HS VALUES ('THPTVLPH033', 'THPTVLHS08003');
INSERT INTO PH_HS VALUES ('THPTVLPH034', 'THPTVLHS08004');
INSERT INTO PH_HS VALUES ('THPTVLPH035', 'THPTVLHS08005');
INSERT INTO PH_HS VALUES ('THPTVLPH036', 'THPTVLHS08006');
INSERT INTO PH_HS VALUES ('THPTVLPH037', 'THPTVLHS08007');
INSERT INTO PH_HS VALUES ('THPTVLPH038', 'THPTVLHS08008');
INSERT INTO PH_HS VALUES ('THPTVLPH039', 'THPTVLHS08009');
INSERT INTO PH_HS VALUES ('THPTVLPH040', 'THPTVLHS08010');
INSERT INTO PH_HS VALUES ('THPTVLPH041', 'THPTVLHS08011');
INSERT INTO PH_HS VALUES ('THPTVLPH042', 'THPTVLHS08012');
INSERT INTO PH_HS VALUES ('THPTVLPH043', 'THPTVLHS08013');
INSERT INTO PH_HS VALUES ('THPTVLPH044', 'THPTVLHS08014');
INSERT INTO PH_HS VALUES ('THPTVLPH045', 'THPTVLHS08015');
INSERT INTO HOCSINH_LOP VALUES ('THPTVLHS06001', 'THPTVL12A1', '2324HK1');
INSERT INTO HOCSINH_LOP VALUES ('THPTVLHS06002', 'THPTVL12A1', '2324HK1');
INSERT INTO HOCSINH_LOP VALUES ('THPTVLHS06003', 'THPTVL12A1', '2324HK1');
INSERT INTO HOCSINH_LOP VALUES ('THPTVLHS06004', 'THPTVL12A1', '2324HK1');
INSERT INTO HOCSINH_LOP VALUES ('THPTVLHS06005', 'THPTVL12A1', '2324HK1');
INSERT INTO HOCSINH_LOP VALUES ('THPTVLHS06006', 'THPTVL12A2', '2324HK1');
INSERT INTO HOCSINH_LOP VALUES ('THPTVLHS06007', 'THPTVL12A2', '2324HK1');
INSERT INTO HOCSINH_LOP VALUES ('THPTVLHS06008', 'THPTVL12A2', '2324HK1');
INSERT INTO HOCSINH_LOP VALUES ('THPTVLHS06009', 'THPTVL12A2', '2324HK1');
INSERT INTO HOCSINH_LOP VALUES ('THPTVLHS06010', 'THPTVL12A2', '2324HK1');
INSERT INTO HOCSINH_LOP VALUES ('THPTVLHS06011', 'THPTVL12A3', '2324HK1');
INSERT INTO HOCSINH_LOP VALUES ('THPTVLHS06012', 'THPTVL12A3', '2324HK1');
INSERT INTO HOCSINH_LOP VALUES ('THPTVLHS06013', 'THPTVL12A3', '2324HK1');
INSERT INTO HOCSINH_LOP VALUES ('THPTVLHS06014', 'THPTVL12A3', '2324HK1');
INSERT INTO HOCSINH_LOP VALUES ('THPTVLHS06015', 'THPTVL12A3', '2324HK1');
INSERT INTO HOCSINH_LOP VALUES ('THPTVLHS07001', 'THPTVL11A1', '2324HK1');
INSERT INTO HOCSINH_LOP VALUES ('THPTVLHS07002', 'THPTVL11A1', '2324HK1');
INSERT INTO HOCSINH_LOP VALUES ('THPTVLHS07003', 'THPTVL11A1', '2324HK1');
INSERT INTO HOCSINH_LOP VALUES ('THPTVLHS07004', 'THPTVL11A1', '2324HK1');
INSERT INTO HOCSINH_LOP VALUES ('THPTVLHS07005', 'THPTVL11A2', '2324HK1');
INSERT INTO HOCSINH_LOP VALUES ('THPTVLHS07006', 'THPTVL11A2', '2324HK1');
INSERT INTO HOCSINH_LOP VALUES ('THPTVLHS07007', 'THPTVL11A2', '2324HK1');
INSERT INTO HOCSINH_LOP VALUES ('THPTVLHS07008', 'THPTVL11A2', '2324HK1');
INSERT INTO HOCSINH_LOP VALUES ('THPTVLHS07009', 'THPTVL11A2', '2324HK1');
INSERT INTO HOCSINH_LOP VALUES ('THPTVLHS07010', 'THPTVL11A3', '2324HK1');
INSERT INTO HOCSINH_LOP VALUES ('THPTVLHS07011', 'THPTVL11A3', '2324HK1');
INSERT INTO HOCSINH_LOP VALUES ('THPTVLHS07012', 'THPTVL11A3', '2324HK1');
INSERT INTO HOCSINH_LOP VALUES ('THPTVLHS07013', 'THPTVL11A3', '2324HK1');
INSERT INTO HOCSINH_LOP VALUES ('THPTVLHS07014', 'THPTVL11A3', '2324HK1');
INSERT INTO HOCSINH_LOP VALUES ('THPTVLHS08001', 'THPTVL10A1', '2324HK1');
INSERT INTO HOCSINH_LOP VALUES ('THPTVLHS08002', 'THPTVL10A1', '2324HK1');
INSERT INTO HOCSINH_LOP VALUES ('THPTVLHS08003', 'THPTVL10A1', '2324HK1');
INSERT INTO HOCSINH_LOP VALUES ('THPTVLHS08004', 'THPTVL10A1', '2324HK1');
INSERT INTO HOCSINH_LOP VALUES ('THPTVLHS08005', 'THPTVL10A1', '2324HK1');
INSERT INTO HOCSINH_LOP VALUES ('THPTVLHS08006', 'THPTVL10A2', '2324HK1');
INSERT INTO HOCSINH_LOP VALUES ('THPTVLHS08007', 'THPTVL10A2', '2324HK1');
INSERT INTO HOCSINH_LOP VALUES ('THPTVLHS08008', 'THPTVL10A2', '2324HK1');
INSERT INTO HOCSINH_LOP VALUES ('THPTVLHS08009', 'THPTVL10A2', '2324HK1');
INSERT INTO HOCSINH_LOP VALUES ('THPTVLHS08010', 'THPTVL10A2', '2324HK1');
INSERT INTO HOCSINH_LOP VALUES ('THPTVLHS08011', 'THPTVL10A3', '2324HK1');
INSERT INTO HOCSINH_LOP VALUES ('THPTVLHS08012', 'THPTVL10A3', '2324HK1');
INSERT INTO HOCSINH_LOP VALUES ('THPTVLHS08013', 'THPTVL10A3', '2324HK1');
INSERT INTO HOCSINH_LOP VALUES ('THPTVLHS08014', 'THPTVL10A3', '2324HK1');
INSERT INTO HOCSINH_LOP VALUES ('THPTVLHS08015', 'THPTVL10A3', '2324HK1');
INSERT INTO DIEMMH VALUES ('THPTVLHS08014', 'TOAN', '2324HK1', '8', '8', '8.0');
INSERT INTO DIEMMH VALUES ('THPTVLHS08014', 'NGUVAN', '2324HK1', '9', '9', '9.0');
INSERT INTO DIEMMH VALUES ('THPTVLHS08014', 'TIENGANH', '2324HK1', '8', '8', '8.0');
INSERT INTO DIEMMH VALUES ('THPTVLHS08014', 'LICHSU', '2324HK1', '7', '8', '7.5');
INSERT INTO DIEMMH VALUES ('THPTVLHS08014', 'DIALY', '2324HK1', '8', '8', '8.0');
INSERT INTO DIEMMH VALUES ('THPTVLHS08014', 'SINHHOC', '2324HK1', '10', '9', '9.5');
INSERT INTO DIEMMH VALUES ('THPTVLHS08014', 'HOAHOC', '2324HK1', '9', '8', '8.5');
INSERT INTO DIEMMH VALUES ('THPTVLHS08014', 'VATLY', '2324HK1', '9', '8', '8.5');
INSERT INTO DIEMMH VALUES ('THPTVLHS08005', 'TOAN', '2324HK1', '8', '7', '7.5');
INSERT INTO DIEMMH VALUES ('THPTVLHS08005', 'NGUVAN', '2324HK1', '7', '8', '7.5');
INSERT INTO DIEMMH VALUES ('THPTVLHS08005', 'TIENGANH', '2324HK1', '8', '8', '8.0');
INSERT INTO DIEMMH VALUES ('THPTVLHS08005', 'LICHSU', '2324HK1', '9', '9', '9.0');
INSERT INTO DIEMMH VALUES ('THPTVLHS08005', 'DIALY', '2324HK1', '9', '9', '9.0');
INSERT INTO DIEMMH VALUES ('THPTVLHS08005', 'SINHHOC', '2324HK1', '7', '9', '8.0');
INSERT INTO DIEMMH VALUES ('THPTVLHS08005', 'HOAHOC', '2324HK1', '7', '8', '7.5');
INSERT INTO DIEMMH VALUES ('THPTVLHS08005', 'VATLY', '2324HK1', '9', '10', '9.5');
INSERT INTO GIAOVIEN VALUES ('THPTVLGV001', N'Nguyễn Thị Lan Anh', '1980-10-05', 0, N'123/4 Đường Nguyễn Văn Linh, Vĩnh Long', '0908123456', 'nguyenthilananh@example.com', '2010-01-01', 'THPTVL', 'DH', 'CMCB');
INSERT INTO GIAOVIEN VALUES ('THPTVLGV002', N'Trần Văn Đức', '1975-09-15', 1, N'456/7 Đường Hùng Vương, Vĩnh Long', '0916234567', 'tranduc@example.com', '2011-02-02', 'THPTVL', 'DH', 'CMTN');
INSERT INTO GIAOVIEN VALUES ('THPTVLGV003', N'Phạm Thị Hương', '1982-12-15', 0, N'789/10 Đường Lê Lợi, Vĩnh Long', '0927345678', 'phamhuong@example.com', '2012-03-03', 'THPTVL', 'DH', 'CMXH');
INSERT INTO GIAOVIEN VALUES ('THPTVLGV004', N'Lê Minh Tuấn', '1978-05-08', 1, N'987/11 Đường Nguyễn Trung Trực, Vĩnh Long', '0938456789', 'leminhtuan@example.com', '2013-04-04', 'THPTVL', 'DH', 'CMCB');
INSERT INTO GIAOVIEN VALUES ('THPTVLGV005', N'Vũ Thị Mai', '1985-2-3', 0, N'654/12 Đường Trần Hưng Đạo, Vĩnh Long', '0949567890', 'vuthimai@example.com', '2014-05-05', 'THPTVL', 'DH', 'CMTN');
INSERT INTO GIAOVIEN VALUES ('THPTVLGV006', N'Hoàng Văn Nam', '1977-12-11', 1, N'111/5 Đường Lê Lai, Vĩnh Long', '0956789012', 'hoangnam@example.com', '2015-06-06', 'THPTVL', 'DH', 'CMXH');
INSERT INTO GIAOVIEN VALUES ('THPTVLGV007', N'Đặng Thị Huệ', '1984-7-8', 0, N'222/8 Đường Nguyễn Văn Cừ, Vĩnh Long', '0967890123', 'danghue@example.com', '2016-07-07', 'THPTVL', 'DH', 'CMCB');
INSERT INTO GIAOVIEN VALUES ('THPTVLGV008', N'Ngô Quang Huy', '1981-1-4', 1, N'333/15 Đường Lê Hồng Phong, Vĩnh Long', '0978901234', 'nghuy@example.com', '2017-08-08', 'THPTVL', 'DH', 'CMTN');
INSERT INTO GVCN VALUES ('THPTVLGV001', 'THPTVL10A1', '2324HK1');
INSERT INTO GVCN VALUES ('THPTVLGV002', 'THPTVL10A2', '2324HK1');
INSERT INTO GVCN VALUES ('THPTVLGV003', 'THPTVL10A2', '2324HK1');
INSERT INTO GVCN VALUES ('THPTVLGV004', 'THPTVL11A1', '2324HK1');
INSERT INTO GVCN VALUES ('THPTVLGV005', 'THPTVL11A2', '2324HK1');
INSERT INTO GVCN VALUES ('THPTVLGV006', 'THPTVL11A3', '2324HK1');
INSERT INTO GVCN VALUES ('THPTVLGV007', 'THPTVL12A1', '2324HK1');
INSERT INTO GVCN VALUES ('THPTVLGV008', 'THPTVL12A2', '2324HK1');
INSERT INTO PHANCONGGVBM VALUES ('THPTVL10A1', 'TOAN', '2324HK1', 'THPTVLGV001');
INSERT INTO PHANCONGGVBM VALUES ('THPTVL10A1', 'NGUVAN', '2324HK1', 'THPTVLGV002');
INSERT INTO PHANCONGGVBM VALUES ('THPTVL10A1', 'TIENGANH', '2324HK1', 'THPTVLGV003');
INSERT INTO PHANCONGGVBM VALUES ('THPTVL10A1', 'LICHSU', '2324HK1', 'THPTVLGV004');
INSERT INTO PHANCONGGVBM VALUES ('THPTVL10A1', 'DIALY', '2324HK1', 'THPTVLGV005');
INSERT INTO PHANCONGGVBM VALUES ('THPTVL10A1', 'SINHHOC', '2324HK1', 'THPTVLGV006');
INSERT INTO PHANCONGGVBM VALUES ('THPTVL10A1', 'HOAHOC', '2324HK1', 'THPTVLGV007');
INSERT INTO PHANCONGGVBM VALUES ('THPTVL10A1', 'VATLY', '2324HK1', 'THPTVLGV008');
INSERT INTO HOCBA VALUES ('THPTVLHS06001', '2324HK1', '6', N'Tốt', N'Khá');
INSERT INTO HOCBA VALUES ('THPTVLHS06002', '2324HK1', '9', N'Tốt', N'Giỏi');
INSERT INTO HOCBA VALUES ('THPTVLHS06003', '2324HK1', '9', N'Tốt', N'Giỏi');
INSERT INTO HOCBA VALUES ('THPTVLHS06004', '2324HK1', '7', N'Tốt', N'Khá');
INSERT INTO HOCBA VALUES ('THPTVLHS06005', '2324HK1', '6', N'Tốt', N'Khá');
INSERT INTO HOCBA VALUES ('THPTVLHS06006', '2324HK1', '6', N'Tốt', N'Khá');
INSERT INTO HOCBA VALUES ('THPTVLHS06007', '2324HK1', '6', N'Tốt', N'Khá');
INSERT INTO HOCBA VALUES ('THPTVLHS06008', '2324HK1', '9', N'Tốt', N'Giỏi');
INSERT INTO HOCBA VALUES ('THPTVLHS06009', '2324HK1', '9', N'Tốt', N'Giỏi');
INSERT INTO HOCBA VALUES ('THPTVLHS06010', '2324HK1', '9', N'Tốt', N'Giỏi');
INSERT INTO HOCBA VALUES ('THPTVLHS06011', '2324HK1', '9', N'Tốt', N'Giỏi');
INSERT INTO HOCBA VALUES ('THPTVLHS06012', '2324HK1', '6', N'Tốt', N'Khá');
INSERT INTO HOCBA VALUES ('THPTVLHS06013', '2324HK1', '8', N'Tốt', N'Khá');
INSERT INTO HOCBA VALUES ('THPTVLHS06014', '2324HK1', '8', N'Tốt', N'Khá');
INSERT INTO HOCBA VALUES ('THPTVLHS06015', '2324HK1', '8', N'Tốt', N'Khá');
INSERT INTO HOCBA VALUES ('THPTVLHS07001', '2324HK1', '6', N'Tốt', N'Khá');
INSERT INTO HOCBA VALUES ('THPTVLHS07002', '2324HK1', '6', N'Tốt', N'Khá');
INSERT INTO HOCBA VALUES ('THPTVLHS07003', '2324HK1', '9', N'Tốt', N'Giỏi');
INSERT INTO HOCBA VALUES ('THPTVLHS07004', '2324HK1', '8', N'Tốt', N'Khá');
INSERT INTO HOCBA VALUES ('THPTVLHS07005', '2324HK1', '9', N'Tốt', N'Giỏi');
INSERT INTO HOCBA VALUES ('THPTVLHS07006', '2324HK1', '9', N'Tốt', N'Giỏi');
INSERT INTO HOCBA VALUES ('THPTVLHS07007', '2324HK1', '6', N'Tốt', N'Khá');
INSERT INTO HOCBA VALUES ('THPTVLHS07008', '2324HK1', '7', N'Tốt', N'Khá');
INSERT INTO HOCBA VALUES ('THPTVLHS07009', '2324HK1', '9', N'Tốt', N'Giỏi');
INSERT INTO HOCBA VALUES ('THPTVLHS07010', '2324HK1', '6', N'Tốt', N'Khá');
INSERT INTO HOCBA VALUES ('THPTVLHS07011', '2324HK1', '8', N'Tốt', N'Khá');
INSERT INTO HOCBA VALUES ('THPTVLHS07012', '2324HK1', '9', N'Tốt', N'Giỏi');
INSERT INTO HOCBA VALUES ('THPTVLHS07013', '2324HK1', '8', N'Tốt', N'Khá');
INSERT INTO HOCBA VALUES ('THPTVLHS07014', '2324HK1', '9', N'Tốt', N'Giỏi');
INSERT INTO HOCBA VALUES ('THPTVLHS08001', '2324HK1', '8', N'Tốt', N'Khá');
INSERT INTO HOCBA VALUES ('THPTVLHS08002', '2324HK1', '7', N'Tốt', N'Khá');
INSERT INTO HOCBA VALUES ('THPTVLHS08003', '2324HK1', '7', N'Tốt', N'Khá');
INSERT INTO HOCBA VALUES ('THPTVLHS08004', '2324HK1', '6', N'Tốt', N'Khá');
INSERT INTO HOCBA VALUES ('THPTVLHS08005', '2324HK1', '6', N'Tốt', N'Khá');
INSERT INTO HOCBA VALUES ('THPTVLHS08006', '2324HK1', '6', N'Tốt', N'Khá');
INSERT INTO HOCBA VALUES ('THPTVLHS08007', '2324HK1', '9', N'Tốt', N'Giỏi');
INSERT INTO HOCBA VALUES ('THPTVLHS08008', '2324HK1', '8', N'Tốt', N'Khá');
INSERT INTO HOCBA VALUES ('THPTVLHS08009', '2324HK1', '7', N'Tốt', N'Khá');
INSERT INTO HOCBA VALUES ('THPTVLHS08010', '2324HK1', '7', N'Tốt', N'Khá');
INSERT INTO HOCBA VALUES ('THPTVLHS08011', '2324HK1', '7', N'Tốt', N'Khá');
INSERT INTO HOCBA VALUES ('THPTVLHS08012', '2324HK1', '7', N'Tốt', N'Khá');
INSERT INTO HOCBA VALUES ('THPTVLHS08013', '2324HK1', '9', N'Tốt', N'Giỏi');
INSERT INTO HOCBA VALUES ('THPTVLHS08014', '2324HK1', '8', N'Tốt', N'Khá');
INSERT INTO HOCBA VALUES ('THPTVLHS08015', '2324HK1', '9', N'Tốt', N'Giỏi');
INSERT INTO LOAIKHENTHUONG VALUES ('1', N'Tặng giấy khen');
INSERT INTO LOAIKHENTHUONG VALUES ('2', N'Tuyên tương');
INSERT INTO LOAIKHENTHUONG VALUES ('3', N'Phát tưởng');
INSERT INTO LOAIKHENTHUONG VALUES ('4', N'Tặng giấy khen, tuyên dương');
INSERT INTO LOAIKHENTHUONG VALUES ('5', N'Tặng giấy khen, tuyên dương, phát thưởng');
INSERT INTO TRUONG VALUES ('THCSTD', N'THCS Thanh Đức', N'Ấp Thanh Sơn, xã Thanh Đức, huyện Long Hồ, tỉnh Vĩnh Long.', '2703824248', 'c2thanhduc@vinhlong.edu.vn', 'HLH', 'THCS');
INSERT INTO LOP VALUES ('CSTH6\1', '6', 'THCSTD');
INSERT INTO LOP VALUES ('CSTH6\2', '6', 'THCSTD');
INSERT INTO LOP VALUES ('CSTH6\3', '6', 'THCSTD');
INSERT INTO LOP VALUES ('CSTH6\4', '6', 'THCSTD');
INSERT INTO LOP VALUES ('CSTH6\5', '6', 'THCSTD');
INSERT INTO LOP VALUES ('CSTH7\1', '7', 'THCSTD');
INSERT INTO LOP VALUES ('CSTH7\2', '7', 'THCSTD');
INSERT INTO LOP VALUES ('CSTH7\3', '7', 'THCSTD');
INSERT INTO LOP VALUES ('CSTH7\4', '7', 'THCSTD');
INSERT INTO LOP VALUES ('CSTH7\5', '7', 'THCSTD');
INSERT INTO LOP VALUES ('CSTH8\1', '8', 'THCSTD');
INSERT INTO LOP VALUES ('CSTH8\2', '8', 'THCSTD');
INSERT INTO LOP VALUES ('CSTH8\3', '8', 'THCSTD');
INSERT INTO LOP VALUES ('CSTH8\4', '8', 'THCSTD');
INSERT INTO LOP VALUES ('CSTH8\5', '8', 'THCSTD');
INSERT INTO LOP VALUES ('CSTH9\1', '9', 'THCSTD');
INSERT INTO LOP VALUES ('CSTH9\2', '9', 'THCSTD');
INSERT INTO LOP VALUES ('CSTH9\3', '9', 'THCSTD');
INSERT INTO LOP VALUES ('CSTH9\4', '9', 'THCSTD');
INSERT INTO LOP VALUES ('CSTH9\5', '9', 'THCSTD');
INSERT INTO PHUHUYNH VALUES ('PH1', N'Nguyễn Văn An', 'Cha', N'Số nhà 12, ấp Thanh Tân, xã Long Tân, huyện Long Hồ, tỉnh Vĩnh Long', '6421513064', 'nguyenvanan@gmail.com');
INSERT INTO PHUHUYNH VALUES ('PH2', N'Trần Thị Bảo', 'Cha', N'Số nhà 35, ấp Hòa Đông, xã Long Hiệp, huyện Long Hồ, tỉnh Vĩnh Long', '3894605870', 'tranthibao@gmail.com');
INSERT INTO PHUHUYNH VALUES ('PH3', N'Lê Minh Châu', N'Mẹ', N'Số nhà 58, ấp Bình An, xã Long Vinh, huyện Long Hồ, tỉnh Vĩnh Long', '8383492284', 'leminhchau@gmail.com');
INSERT INTO PHUHUYNH VALUES ('PH4', N'Phạm Thành Công', 'Cha', N'Số nhà 23, ấp Tân Thanh, xã Long Phú, huyện Long Hồ, tỉnh Vĩnh Long', '3263972779', 'phamthanhcong@gmail.com');
INSERT INTO PHUHUYNH VALUES ('PH5', N'Hoàng Thị Dung', N'Mẹ', N'Số nhà 47, ấp Tân Phú, xã Long Thành, huyện Long Hồ, tỉnh Vĩnh Long', '8018532164', 'hoangthidung@gmail.com');
INSERT INTO PHUHUYNH VALUES ('PH6', N'Vũ Văn Đức', 'Cha', N'Số nhà 71, ấp Hưng Thịnh, xã Long Cang, huyện Long Hồ, tỉnh Vĩnh Long', '7416153014', 'vuvanduc@gmail.com');
INSERT INTO PHUHUYNH VALUES ('PH7', N'Đặng Hồng Đăng', 'Cha', N'Số nhà 86, ấp Long Thới, xã Long Thuận, huyện Long Hồ, tỉnh Vĩnh Long', '6634937882', 'danghongdang@gmail.com');
INSERT INTO PHUHUYNH VALUES ('PH8', N'Bùi Thị Hà', N'Mẹ', N'Số nhà 19, ấp Phước Thạnh, xã Long Hà, huyện Long Hồ, tỉnh Vĩnh Long', '9548087650', 'buithiha@gmail.com');
INSERT INTO PHUHUYNH VALUES ('PH9', N'Lương Văn Hiếu', 'Cha', N'Số nhà 54, ấp An Lợi, xã Long Lợi, huyện Long Hồ, tỉnh Vĩnh Long', '9143802697', 'luongvanhieu@gmail.com');
INSERT INTO PHUHUYNH VALUES ('PH10', N'Ngô Thị Hoa', N'Mẹ', N'Số nhà 65, ấp Tân Hòa, xã Long Khánh, huyện Long Hồ, tỉnh Vĩnh Long', '2634870518', 'ngothihoa@gmail.com');
INSERT INTO PHUHUYNH VALUES ('PH11', N'Đỗ Minh Hòa', 'Cha', N'Số nhà 29, ấp Long An, xã Long An, huyện Long Hồ, tỉnh Vĩnh Long', '6120242392', 'dominhhoa@gmail.com');
INSERT INTO PHUHUYNH VALUES ('PH12', N'Trần Văn Hùng', 'Cha', N'Số nhà 78, ấp Tân Thới, xã Long Quang, huyện Long Hồ, tỉnh Vĩnh Long', '7029458518', 'tranvanhung@gmail.com');
INSERT INTO PHUHUYNH VALUES ('PH13', N'Phạm Thị Hương', N'Mẹ', N'Số nhà 42, ấp Hòa Thịnh, xã Long Thắng, huyện Long Hồ, tỉnh Vĩnh Long', '9254877000', 'phamthihuong@gmail.com');
INSERT INTO PHUHUYNH VALUES ('PH14', N'Nguyễn Văn Khải', 'Cha', N'Số nhà 83, ấp Bình Thành, xã Long Hồng, huyện Long Hồ, tỉnh Vĩnh Long', '6955418382', 'nguyenvankhai@gmail.com');
INSERT INTO PHUHUYNH VALUES ('PH15', N'Lê Thị Lan', N'Mẹ', N'Số nhà 8, ấp Tân Thạnh, xã Long Hưng, huyện Long Hồ, tỉnh Vĩnh Long', '1717330546', 'lethilan@gmail.com');
INSERT INTO PHUHUYNH VALUES ('PH16', N'Trần Văn Lợi', 'Cha', N'Số nhà 92, ấp Tân Thành, xã Long Hòa, huyện Long Hồ, tỉnh Vĩnh Long', '5246743261', 'tranvanloi@gmail.com');
INSERT INTO PHUHUYNH VALUES ('PH17', N'Hoàng Minh Ngọc', N'Mẹ', N'Số nhà 17, ấp Hòa Thịnh, xã Long Thành, huyện Long Hồ, tỉnh Vĩnh Long', '2807921112', 'hoangminhngoc@gmail.com');
INSERT INTO PHUHUYNH VALUES ('PH18', N'Vũ Thị Nga', N'Mẹ', N'Số nhà 69, ấp Bình Thuận, xã Long Tân, huyện Long Hồ, tỉnh Vĩnh Long', '1736265912', 'vuthinga@gmail.com');
INSERT INTO PHUHUYNH VALUES ('PH19', N'Đặng Văn Phúc', 'Cha', N'Số nhà 26, ấp Thanh Hưng, xã Long Vinh, huyện Long Hồ, tỉnh Vĩnh Long', '4409999167', 'dangvanphuc@gmail.com');
INSERT INTO PHUHUYNH VALUES ('PH20', N'Bùi Thị Quỳnh', N'Mẹ', N'Số nhà 97, ấp Long Khánh, xã Long Hùng, huyện Long Hồ, tỉnh Vĩnh Long', '6381083830', 'buithiquynh@gmail.com');
INSERT INTO PHUHUYNH VALUES ('PH21', N'Lương Văn Sơn', 'Cha', N'Số nhà 32, ấp Bình Long, xã Long Phước, huyện Long Hồ, tỉnh Vĩnh Long', '9343303665', 'luongvanson@gmail.com');
INSERT INTO PHUHUYNH VALUES ('PH22', N'Ngô Thị Thanh', 'Cha', N'Số nhà 14, ấp Tân An, xã Long Thuận, huyện Long Hồ, tỉnh Vĩnh Long', '7906789785', 'ngotithanh@gmail.com');
INSERT INTO PHUHUYNH VALUES ('PH23', N'Đỗ Văn Thắng', 'Cha', N'Số nhà 57, ấp Phú Hòa, xã Long Khánh, huyện Long Hồ, tỉnh Vĩnh Long', '2746829771', 'dovanthang@gmail.com');
INSERT INTO PHUHUYNH VALUES ('PH24', N'Trần Thị Uyên', N'Mẹ', N'Số nhà 74, ấp Bình Minh, xã Long Hiệp, huyện Long Hồ, tỉnh Vĩnh Long', '3786299741', 'tranthiuyen@gmail.com');
INSERT INTO PHUHUYNH VALUES ('PH25', N'Phạm Văn Việt', 'Cha', N'Số nhà 21, ấp Tân Phú, xã Long Vinh, huyện Long Hồ, tỉnh Vĩnh Long', '7022761027', 'phamvanviet@gmail.com');
INSERT INTO PHUHUYNH VALUES ('PH26', N'Nguyễn Thị Xuân', N'Mẹ', N'Số nhà 61, ấp Long Lợi, xã Long Phú, huyện Long Hồ, tỉnh Vĩnh Long', '2773616532', 'nguyenthixuan@gmail.com');
INSERT INTO PHUHUYNH VALUES ('PH27', N'Lê Văn Yên', N'Mẹ', N'Số nhà 93, ấp Tân Hưng, xã Long Thành, huyện Long Hồ, tỉnh Vĩnh Long', '7897648026', 'levanyen@gmail.com');
INSERT INTO PHUHUYNH VALUES ('PH28', N'Hoàng Thị Diệu', N'Mẹ', N'Số nhà 3, ấp Thạnh Lộc, xã Long Thuận, huyện Long Hồ, tỉnh Vĩnh Long', '6162778804', 'hoangthidieu@gmail.com');
INSERT INTO PHUHUYNH VALUES ('PH29', N'Vũ Văn Đạt', 'Cha', N'Số nhà 67, ấp Bình Thành, xã Long Vinh, huyện Long Hồ, tỉnh Vĩnh Long', '3718200277', 'vuvandat@gmail.com');
INSERT INTO PHUHUYNH VALUES ('PH30', N'Đặng Thị Giang', N'Mẹ', N'Số nhà 51, ấp Tân Lợi, xã Long Phú, huyện Long Hồ, tỉnh Vĩnh Long', '9518397605', 'dangthigiang@gmail.com');
INSERT INTO PHUHUYNH VALUES ('PH31', N'Bùi Văn Hải', 'Cha', N'Số nhà 79, ấp Tân Thành, xã Long Thịnh, huyện Long Hồ, tỉnh Vĩnh Long', '2549431978', 'buivanghai@gmail.com');
INSERT INTO PHUHUYNH VALUES ('PH32', N'Lương Thị Kiều', N'Mẹ', N'Số nhà 36, ấp Long Phú, xã Long Khánh, huyện Long Hồ, tỉnh Vĩnh Long', '9660884983', 'luongthikieu@gmail.com');
INSERT INTO PHUHUYNH VALUES ('PH33', N'Ngô Văn Lâm', 'Cha', N'Số nhà 84, ấp Bình Phú, xã Long Thuận, huyện Long Hồ, tỉnh Vĩnh Long', '3430062983', 'ngovanlam@gmail.com');
INSERT INTO PHUHUYNH VALUES ('PH34', N'Đỗ Thị Mai', N'Mẹ', N'Số nhà 15, ấp Thành Công, xã Long Thới, huyện Long Hồ, tỉnh Vĩnh Long', '2073529636', 'dothimai@gmail.com');
INSERT INTO PHUHUYNH VALUES ('PH35', N'Trần Văn Nam', 'Cha', N'Số nhà 88, ấp Tân Lợi, xã Long Phú, huyện Long Hồ, tỉnh Vĩnh Long', '3179164794', 'tranvannam@gmail.com');
INSERT INTO PHUHUYNH VALUES ('PH36', N'Phạm Thị Oanh', N'Mẹ', N'Số nhà 9, ấp Thanh Long, xã Long Thuận, huyện Long Hồ, tỉnh Vĩnh Long', '7924733131', 'phamthioanh@gmail.com');
INSERT INTO PHUHUYNH VALUES ('PH37', N'Nguyễn Văn Phát', 'Cha', N'Số nhà 45, ấp Bình An, xã Long Thắng, huyện Long Hồ, tỉnh Vĩnh Long', '4460015879', 'nguyenvanphat@gmail.com');
INSERT INTO PHUHUYNH VALUES ('PH38', N'Lê Thị Quỳnh', N'Mẹ', N'Số nhà 66, ấp Long Hưng, xã Long Lợi, huyện Long Hồ, tỉnh Vĩnh Long', '1015984987', 'lethiquynh@gmail.com');
INSERT INTO PHUHUYNH VALUES ('PH39', N'Hoàng Văn Sửu', 'Cha', N'Số nhà 5, ấp Tân Thanh, xã Long Hiệp, huyện Long Hồ, tỉnh Vĩnh Long', '7201727930', 'hoangvansuu@gmail.com');
INSERT INTO PHUHUYNH VALUES ('PH40', N'Vũ Thị Thu', N'Mẹ', N'Số nhà 75, ấp Tân Long, xã Long Phú, huyện Long Hồ, tỉnh Vĩnh Long', '3963926681', 'vuthithu@gmail.com');
INSERT INTO PHUHUYNH VALUES ('PH41', N'Đặng Văn Tâm', 'Cha', N'Số nhà 53, ấp Long An, xã Long Thuận, huyện Long Hồ, tỉnh Vĩnh Long', '7823617507', 'dangvantam@gmail.com');
INSERT INTO PHUHUYNH VALUES ('PH42', N'Bùi Thị Út', N'Mẹ', N'Số nhà 68, ấp Thanh Bình, xã Long Hiệp, huyện Long Hồ, tỉnh Vĩnh Long', '1251181802', 'buithiut@gmail.com');
INSERT INTO PHUHUYNH VALUES ('PH43', N'Lương Văn Vinh', 'Cha', N'Số nhà 11, ấp Bình Thành, xã Long Thuận, huyện Long Hồ, tỉnh Vĩnh Long', '1440034411', 'luongvanvinh@gmail.com');
INSERT INTO PHUHUYNH VALUES ('PH44', N'Ngô Thị Yến', N'Mẹ', N'Số nhà 99, ấp Long An, xã Long Hưng, huyện Long Hồ, tỉnh Vĩnh Long', '1662683870', 'ngothiyen@gmail.com');
INSERT INTO PHUHUYNH VALUES ('PH45', N'Đỗ Văn Anh', N'Mẹ', N'Số nhà 16, ấp Thanh Hòa, xã Long Thuận, huyện Long Hồ, tỉnh Vĩnh Long', '6606467910', 'dovananh@gmail.com');
INSERT INTO PHUHUYNH VALUES ('PH46', N'Trần Thị Bình', N'Mẹ', N'Số nhà 31, ấp Long Thọ, xã Long Hiệp, huyện Long Hồ, tỉnh Vĩnh Long', '8381955457', 'tranthibinh@gmail.com');
INSERT INTO PHUHUYNH VALUES ('PH47', N'Phạm Văn Chiến', 'Cha', N'Số nhà 64, ấp Thanh Phú, xã Long An, huyện Long Hồ, tỉnh Vĩnh Long', '9753511292', 'phamvanchien@gmail.com');
INSERT INTO PHUHUYNH VALUES ('PH48', N'Nguyễn Thị Dung', N'Mẹ', N'Số nhà 39, ấp Long Bình, xã Long Hà, huyện Long Hồ, tỉnh Vĩnh Long', '9230040053', 'nguyenthidung@gmail.com');
INSERT INTO PHUHUYNH VALUES ('PH49', N'Lê Văn Đạt', 'Cha', N'Số nhà 85, ấp Thanh Thịnh, xã Long Thuận, huyện Long Hồ, tỉnh Vĩnh Long', '3419714889', 'levandat@gmail.com');
INSERT INTO PHUHUYNH VALUES ('PH50', N'Hoàng Thị Hà', N'Mẹ', N'Số nhà 96, ấp Tân Lợi, xã Long Khánh, huyện Long Hồ, tỉnh Vĩnh Long', '3812342627', 'hoangthiha@gmail.com');
INSERT INTO PHUHUYNH VALUES ('PH51', N'Vũ Thị Hoa', N'Mẹ', N'Số nhà 25, ấp Thanh Thành, xã Long Thành, huyện Long Hồ, tỉnh Vĩnh Long', '1060584297', 'vuthihoa@gmail.com');
INSERT INTO PHUHUYNH VALUES ('PH52', N'Đặng Văn Khánh', 'Cha', N'Số nhà 59, ấp Long Thành, xã Long Thuận, huyện Long Hồ, tỉnh Vĩnh Long', '7669936004', 'dangvankhanh@gmail.com');
INSERT INTO PHUHUYNH VALUES ('PH53', N'Bùi Thị Lan', N'Mẹ', N'Số nhà 73, ấp Tân Thành, xã Long Hiệp, huyện Long Hồ, tỉnh Vĩnh Long', '9497182301', 'buithilan@gmail.com');
INSERT INTO PHUHUYNH VALUES ('PH54', N'Lương Văn Minh', 'Cha', N'Số nhà 33, ấp Bình Phú, xã Long Thuận, huyện Long Hồ, tỉnh Vĩnh Long', '5445509240', 'luongvanminh@gmail.com');
INSERT INTO PHUHUYNH VALUES ('PH55', N'Ngô Thị Nga', N'Mẹ', N'Số nhà 95, ấp Long Phú, xã Long Thuận, huyện Long Hồ, tỉnh Vĩnh Long', '5293156226', 'ngothinga@gmail.com');
INSERT INTO PHUHUYNH VALUES ('PH56', N'Đỗ Văn Phong', 'Cha', N'Số nhà 37, ấp Thanh Thọ, xã Long Vinh, huyện Long Hồ, tỉnh Vĩnh Long', '3650366361', 'dovankhong@gmail.com');
INSERT INTO PHUHUYNH VALUES ('PH57', N'Trần Thị Quỳnh', N'Mẹ', N'Số nhà 49, ấp Bình Long, xã Long Thuận, huyện Long Hồ, tỉnh Vĩnh Long', '1799467101', 'tranthiquynh@gmail.com');
INSERT INTO PHUHUYNH VALUES ('PH58', N'Phạm Văn Sơn', 'Cha', N'Số nhà 81, ấp Long Thanh, xã Long Thành, huyện Long Hồ, tỉnh Vĩnh Long', '8614863261', 'phamvanson@gmail.com');
INSERT INTO PHUHUYNH VALUES ('PH59', N'Nguyễn Thị Thảo', N'Mẹ', N'Số nhà 77, ấp Thanh Long, xã Long Thuận, huyện Long Hồ, tỉnh Vĩnh Long', '7291715899', 'nguyenthithao@gmail.com');
INSERT INTO PHUHUYNH VALUES ('PH60', N'Lê Văn Tùng', 'Cha', N'Số nhà 27, ấp Bình An, xã Long Khánh, huyện Long Hồ, tỉnh Vĩnh Long', '1284049768', 'levantung@gmail.com');
INSERT INTO PHUHUYNH VALUES ('PH61', N'Hoàng Thị Uyên', N'Mẹ', N'Số nhà 91, ấp Thanh Bình, xã Long Hiệp, huyện Long Hồ, tỉnh Vĩnh Long', '5017244578', 'hoangthiuyen@gmail.com');
INSERT INTO PHUHUYNH VALUES ('PH62', N'Vũ Văn Việt', 'Cha', N'Số nhà 46, ấp Tân Long, xã Long An, huyện Long Hồ, tỉnh Vĩnh Long', '7513877681', 'vuvanviet@gmail.com');
INSERT INTO PHUHUYNH VALUES ('PH63', N'Đặng Thị Yến', N'Mẹ', N'Số nhà 69, ấp Long An, xã Long Thành, huyện Long Hồ, tỉnh Vĩnh Long', '5343611757', 'dangthiyen@gmail.com');
INSERT INTO PHUHUYNH VALUES ('PH64', N'Bùi Văn An', 'Cha', N'Số nhà 2, ấp Thanh Hòa, xã Long Hiệp, huyện Long Hồ, tỉnh Vĩnh Long', '8744124771', 'buivanan@gmail.com');
INSERT INTO PHUHUYNH VALUES ('PH65', N'Lương Thị Bảo', 'Cha', N'Số nhà 38, ấp Long Thịnh, xã Long Vinh, huyện Long Hồ, tỉnh Vĩnh Long', '6988149266', 'luongthibao@gmail.com');
INSERT INTO PHUHUYNH VALUES ('PH66', N'Ngô Văn Châu', N'Mẹ', N'Số nhà 87, ấp Tân Long, xã Long Phước, huyện Long Hồ, tỉnh Vĩnh Long', '1510973977', 'ngovanchau@gmail.com');
INSERT INTO PHUHUYNH VALUES ('PH67', N'Đỗ Thị Dung', N'Mẹ', N'Số nhà 7, ấp Thanh Hưng, xã Long Vinh, huyện Long Hồ, tỉnh Vĩnh Long', '2968025356', 'dothidung@gmail.com');
INSERT INTO PHUHUYNH VALUES ('PH68', N'Trần Văn Duy', 'Cha', N'Số nhà 89, ấp Long Lân, xã Long Phú, huyện Long Hồ, tỉnh Vĩnh Long', '5335492199', 'tranvanduy@gmail.com');
INSERT INTO PHUHUYNH VALUES ('PH69', N'Phạm Thị Hải', 'Cha', N'Số nhà 43, ấp Long Thạnh, xã Long Thuận, huyện Long Hồ, tỉnh Vĩnh Long', '3490073850', 'phamthihai@gmail.com');
INSERT INTO PHUHUYNH VALUES ('PH70', N'Nguyễn Văn Hòa', 'Cha', N'Số nhà 22, ấp Thanh Long, xã Long Hiệp, huyện Long Hồ, tỉnh Vĩnh Long', '8209544768', 'nguyenvanhoa@gmail.com');
INSERT INTO PHUHUYNH VALUES ('PH71', N'Lê Thị Hồng', N'Mẹ', N'Số nhà 82, ấp Bình Thạnh, xã Long Hiệp, huyện Long Hồ, tỉnh Vĩnh Long', '5842178888', 'lethihong@gmail.com');
INSERT INTO PHUHUYNH VALUES ('PH72', N'Hoàng Văn Hùng', 'Cha', N'Số nhà 62, ấp Tân Bình, xã Long Phú, huyện Long Hồ, tỉnh Vĩnh Long', '7009762809', 'hoangvanhung@gmail.com');
INSERT INTO PHUHUYNH VALUES ('PH73', N'Vũ Thị Kim', N'Mẹ', N'Số nhà 94, ấp Thanh An, xã Long Vinh, huyện Long Hồ, tỉnh Vĩnh Long', '7458611421', 'vuthikim@gmail.com');
INSERT INTO PHUHUYNH VALUES ('PH74', N'Đặng Văn Lâm', 'Cha', N'Số nhà 76, ấp Bình Thành, xã Long Thành, huyện Long Hồ, tỉnh Vĩnh Long', '5087636690', 'dangvanlam@gmail.com');
INSERT INTO PHUHUYNH VALUES ('PH75', N'Bùi Thị Loan', N'Mẹ', N'Số nhà 13, ấp Long Long, xã Long Hiệp, huyện Long Hồ, tỉnh Vĩnh Long', '6402397788', 'buithiloan@gmail.com');
INSERT INTO PHUHUYNH VALUES ('PH76', N'Lương Văn Long', 'Cha', N'Số nhà 56, ấp Tân Thành, xã Long Thới, huyện Long Hồ, tỉnh Vĩnh Long', '4279727873', 'luongvanlong@gmail.com');
INSERT INTO PHUHUYNH VALUES ('PH77', N'Ngô Thị Mai', N'Mẹ', N'Số nhà 24, ấp Long An, xã Long Thuận, huyện Long Hồ, tỉnh Vĩnh Long', '5725829067', 'ngodungmai@gmail.com');
INSERT INTO PHUHUYNH VALUES ('PH78', N'Đỗ Văn Nam', 'Cha', N'Số nhà 48, ấp Thanh Thủy, xã Long Vinh, huyện Long Hồ, tỉnh Vĩnh Long', '7784724071', 'dovanlam@gmail.com');
INSERT INTO PHUHUYNH VALUES ('PH79', N'Trần Thị Ngọc', N'Mẹ', N'Số nhà 72, ấp Bình Thịnh, xã Long Hiệp, huyện Long Hồ, tỉnh Vĩnh Long', '6950422061', 'tranthingoc@gmail.com');
INSERT INTO PHUHUYNH VALUES ('PH80', N'Phạm Văn Quân', 'Cha', N'Số nhà 18, ấp Thanh Tâm, xã Long Thành, huyện Long Hồ, tỉnh Vĩnh Long', '2408199716', 'phamvanquan@gmail.com');
INSERT INTO PHUHUYNH VALUES ('PH81', N'Nguyễn Thị Quỳnh', N'Mẹ', N'Số nhà 98, ấp Long Long, xã Long Hiệp, huyện Long Hồ, tỉnh Vĩnh Long', '6908086636', 'nguyenthiquynh@gmail.com');
INSERT INTO PHUHUYNH VALUES ('PH82', N'Lê Văn Sơn', 'Cha', N'Số nhà 6, ấp Thanh Bình, xã Long Khánh, huyện Long Hồ, tỉnh Vĩnh Long', '1189468362', 'levanson@gmail.com');
INSERT INTO PHUHUYNH VALUES ('PH83', N'Hoàng Thị Thanh', 'Cha', N'Số nhà 60, ấp Bình Thới, xã Long Thuận, huyện Long Hồ, tỉnh Vĩnh Long', '5387425066', 'hoangthithanh@gmail.com');
INSERT INTO PHUHUYNH VALUES ('PH84', N'Vũ Văn Thắng', 'Cha', N'Số nhà 34, ấp Thanh Phong, xã Long Hiệp, huyện Long Hồ, tỉnh Vĩnh Long', '3490207535', 'vuvanthang@gmail.com');
INSERT INTO PHUHUYNH VALUES ('PH85', N'Đặng Thị Thảo', N'Mẹ', N'Số nhà 50, ấp Long Phú, xã Long Thuận, huyện Long Hồ, tỉnh Vĩnh Long', '2663603082', 'dangthithao@gmail.com');
INSERT INTO PHUHUYNH VALUES ('PH86', N'Bùi Văn Thành', 'Cha', N'Số nhà 4, ấp Bình Thanh, xã Long Thuận, huyện Long Hồ, tỉnh Vĩnh Long', '2203577813', 'buivanthanh@gmail.com');
INSERT INTO PHUHUYNH VALUES ('PH87', N'Lương Thị Trang', N'Mẹ', N'Số nhà 55, ấp Thanh Thành, xã Long Hiệp, huyện Long Hồ, tỉnh Vĩnh Long', '1873211415', 'luongthitrang@gmail.com');
INSERT INTO PHUHUYNH VALUES ('PH88', N'Ngô Văn Tùng', 'Cha', N'Số nhà 80, ấp Long Thanh, xã Long An, huyện Long Hồ, tỉnh Vĩnh Long', '8473178392', 'ngovantung@gmail.com');
INSERT INTO PHUHUYNH VALUES ('PH89', N'Đỗ Thị Tuyết', N'Mẹ', N'Số nhà 28, ấp Bình Thành, xã Long An, huyện Long Hồ, tỉnh Vĩnh Long', '3493944578', 'dothituyet@gmail.com');
INSERT INTO PHUHUYNH VALUES ('PH90', N'Trần Văn An', 'Cha', N'Số nhà 70, ấp Thanh Hòa, xã Long Phú, huyện Long Hồ, tỉnh Vĩnh Long', '6837747026', 'tranvanan@gmail.com');
INSERT INTO PHUHUYNH VALUES ('PH91', N'Phạm Thị Bích', N'Mẹ', N'Số nhà 1, ấp Long Hưng, xã Long Hiệp, huyện Long Hồ, tỉnh Vĩnh Long', '5652197152', 'phamthibich@gmail.com');
INSERT INTO PHUHUYNH VALUES ('PH92', N'Nguyễn Văn Chiến', 'Cha', N'Số nhà 90, ấp Thanh Thanh, xã Long Khánh, huyện Long Hồ, tỉnh Vĩnh Long', '6900380251', 'nguyenvanchien@gmail.com');
INSERT INTO PHUHUYNH VALUES ('PH93', N'Lê Thị Diệu', N'Mẹ', N'Số nhà 40, ấp Long An, xã Long Phú, huyện Long Hồ, tỉnh Vĩnh Long', '8182291668', 'lethidieu@gmail.com');
INSERT INTO PHUHUYNH VALUES ('PH94', N'Hoàng Văn Dũng', 'Cha', N'Số nhà 30, ấp Bình Thành, xã Long Hiệp, huyện Long Hồ, tỉnh Vĩnh Long', '9851028084', 'hoangvandung@gmail.com');
INSERT INTO PHUHUYNH VALUES ('PH95', N'Vũ Thị Dương', 'Cha', N'Số nhà 100, ấp Long Thanh, xã Long Thành, huyện Long Hồ, tỉnh Vĩnh Long', '8599842786', 'vuthiduong@gmail.com');
INSERT INTO PHUHUYNH VALUES ('PH96', N'Đặng Văn Giang', N'Mẹ', N'Số nhà 41, ấp Thanh Phú, xã Long Thành, huyện Long Hồ, tỉnh Vĩnh Long', '6443012401', 'dangvangiang@gmail.com');
INSERT INTO PHUHUYNH VALUES ('PH97', N'Bùi Thị Hà', N'Mẹ', N'Số nhà 44, ấp Long Thanh, xã Long Phú, huyện Long Hồ, tỉnh Vĩnh Long', '3371498556', 'buithiha@gmail.com');
INSERT INTO PHUHUYNH VALUES ('PH98', N'Lương Văn Hòa', 'Cha', N'Số nhà 91, ấp Thanh Hưng, xã Long Hiệp, huyện Long Hồ, tỉnh Vĩnh Long', '8843283100', 'luongvanhoa@gmail.com');
INSERT INTO PHUHUYNH VALUES ('PH99', N'Ngô Thị Hoài', N'Mẹ', N'Số nhà 74, ấp Bình Thành, xã Long Thuận, huyện Long Hồ, tỉnh Vĩnh Long', '2273450453', 'ngotihoai@gmail.com');
INSERT INTO PHUHUYNH VALUES ('PH100', N'Đỗ Văn Hùng', 'Cha', N'Số nhà 3, ấp Long Thành, xã Long Vinh, huyện Long Hồ, tỉnh Vĩnh Long', '4556906123', 'dovanhung@gmail.com');
INSERT INTO HOCSINH VALUES ('THHS1', N'Nguyễn Thị Ái', '2014-04-15', '0', N'Số nhà 12, ấp Thanh Tân, xã Long Tân, huyện Long Hồ, tỉnh Vĩnh Long', 'VL');
INSERT INTO HOCSINH VALUES ('THHS2', N'Trần Văn Bình', '2013-09-28', '1', N'Số nhà 35, ấp Hòa Đông, xã Long Hiệp, huyện Long Hồ, tỉnh Vĩnh Long', 'VL');
INSERT INTO HOCSINH VALUES ('THHS3', N'Lê Thị Cẩm', '2013-12-17', '0', N'Số nhà 58, ấp Bình An, xã Long Vinh, huyện Long Hồ, tỉnh Vĩnh Long', 'VL');
INSERT INTO HOCSINH VALUES ('THHS4', N'Phạm Văn Dũng', '2013-12-27', '1', N'Số nhà 23, ấp Tân Thanh, xã Long Phú, huyện Long Hồ, tỉnh Vĩnh Long', 'VL');
INSERT INTO HOCSINH VALUES ('THHS5', N'Hoàng Thị Lan Anh', '2014-06-28', '0', N'Số nhà 47, ấp Tân Phú, xã Long Thành, huyện Long Hồ, tỉnh Vĩnh Long', 'VL');
INSERT INTO HOCSINH VALUES ('THHS6', N'Vũ Văn Hải', '2014-11-16', '1', N'Số nhà 71, ấp Hưng Thịnh, xã Long Cang, huyện Long Hồ, tỉnh Vĩnh Long', 'VL');
INSERT INTO HOCSINH VALUES ('THHS7', N'Đặng Thị Loan', '2014-03-20', '0', N'Số nhà 86, ấp Long Thới, xã Long Thuận, huyện Long Hồ, tỉnh Vĩnh Long', 'VL');
INSERT INTO HOCSINH VALUES ('THHS8', N'Bùi Văn Dương', '2013-04-07', '1', N'Số nhà 19, ấp Phước Thạnh, xã Long Hà, huyện Long Hồ, tỉnh Vĩnh Long', 'VL');
INSERT INTO HOCSINH VALUES ('THHS9', N'Lương Thị Minh', '2014-08-13', '1', N'Số nhà 54, ấp An Lợi, xã Long Lợi, huyện Long Hồ, tỉnh Vĩnh Long', 'VL');
INSERT INTO HOCSINH VALUES ('THHS10', N'Ngô Văn Chí', '2013-12-30', '1', N'Số nhà 65, ấp Tân Hòa, xã Long Khánh, huyện Long Hồ, tỉnh Vĩnh Long', 'VL');
INSERT INTO HOCSINH VALUES ('THHS11', N'Đỗ Thị Huyền', '2014-10-21', '0', N'Số nhà 29, ấp Long An, xã Long An, huyện Long Hồ, tỉnh Vĩnh Long', 'VL');
INSERT INTO HOCSINH VALUES ('THHS12', N'Trần Văn Lộc', '2013-01-11', '1', N'Số nhà 78, ấp Tân Thới, xã Long Quang, huyện Long Hồ, tỉnh Vĩnh Long', 'VL');
INSERT INTO HOCSINH VALUES ('THHS13', N'Phạm Thị Nga', '2013-10-04', '0', N'Số nhà 42, ấp Hòa Thịnh, xã Long Thắng, huyện Long Hồ, tỉnh Vĩnh Long', 'VL');
INSERT INTO HOCSINH VALUES ('THHS14', N'Nguyễn Văn Quang', '2013-03-28', '1', N'Số nhà 83, ấp Bình Thành, xã Long Hồng, huyện Long Hồ, tỉnh Vĩnh Long', 'VL');
INSERT INTO HOCSINH VALUES ('THHS15', N'Lê Thị Hương', '2013-11-11', '0', N'Số nhà 8, ấp Tân Thạnh, xã Long Hưng, huyện Long Hồ, tỉnh Vĩnh Long', 'VL');
INSERT INTO HOCSINH VALUES ('THHS16', N'Hoàng Văn Nam', '2013-06-15', '1', N'Số nhà 92, ấp Tân Thành, xã Long Hòa, huyện Long Hồ, tỉnh Vĩnh Long', 'VL');
INSERT INTO HOCSINH VALUES ('THHS17', N'Vũ Thị Thu Hà', '2014-11-14', '0', N'Số nhà 17, ấp Hòa Thịnh, xã Long Thành, huyện Long Hồ, tỉnh Vĩnh Long', 'VL');
INSERT INTO HOCSINH VALUES ('THHS18', N'Đặng Văn Trung', '2014-12-24', '1', N'Số nhà 69, ấp Bình Thuận, xã Long Tân, huyện Long Hồ, tỉnh Vĩnh Long', 'VL');
INSERT INTO HOCSINH VALUES ('THHS19', N'Bùi Thị Hằng', '2013-08-17', '0', N'Số nhà 26, ấp Thanh Hưng, xã Long Vinh, huyện Long Hồ, tỉnh Vĩnh Long', 'VL');
INSERT INTO HOCSINH VALUES ('THHS20', N'Lương Văn Hùng', '2014-06-07', '1', N'Số nhà 97, ấp Long Khánh, xã Long Hùng, huyện Long Hồ, tỉnh Vĩnh Long', 'VL');
INSERT INTO HOCSINH VALUES ('THHS21', N'Ngô Thị Thảo', '2013-11-09', '0', N'Số nhà 32, ấp Bình Long, xã Long Phước, huyện Long Hồ, tỉnh Vĩnh Long', 'VL');
INSERT INTO HOCSINH VALUES ('THHS22', N'Đỗ Văn Thanh', '2014-04-22', '1', N'Số nhà 14, ấp Tân An, xã Long Thuận, huyện Long Hồ, tỉnh Vĩnh Long', 'VL');
INSERT INTO HOCSINH VALUES ('THHS23', N'Trần Thị Ngọc', '2013-04-26', '0', N'Số nhà 57, ấp Phú Hòa, xã Long Khánh, huyện Long Hồ, tỉnh Vĩnh Long', 'VL');
INSERT INTO HOCSINH VALUES ('THHS24', N'Phạm Văn Huy', '2014-02-28', '1', N'Số nhà 74, ấp Bình Minh, xã Long Hiệp, huyện Long Hồ, tỉnh Vĩnh Long', 'VL');
INSERT INTO HOCSINH VALUES ('THHS25', N'Nguyễn Thị Thùy', '2013-08-04', '0', N'Số nhà 21, ấp Tân Phú, xã Long Vinh, huyện Long Hồ, tỉnh Vĩnh Long', 'VL');
INSERT INTO HOCSINH VALUES ('THHS26', N'Lê Văn Đạt', '2013-08-14', '1', N'Số nhà 61, ấp Long Lợi, xã Long Phú, huyện Long Hồ, tỉnh Vĩnh Long', 'VL');
INSERT INTO HOCSINH VALUES ('THHS27', N'Hoàng Thị Phượng', '2013-01-31', '0', N'Số nhà 93, ấp Tân Hưng, xã Long Thành, huyện Long Hồ, tỉnh Vĩnh Long', 'VL');
INSERT INTO HOCSINH VALUES ('THHS28', N'Vũ Văn Tú', '2013-10-10', '1', N'Số nhà 3, ấp Thạnh Lộc, xã Long Thuận, huyện Long Hồ, tỉnh Vĩnh Long', 'VL');
INSERT INTO HOCSINH VALUES ('THHS29', N'Đặng Thị Hồng', '2013-12-12', '0', N'Số nhà 67, ấp Bình Thành, xã Long Vinh, huyện Long Hồ, tỉnh Vĩnh Long', 'VL');
INSERT INTO HOCSINH VALUES ('THHS30', N'Bùi Thị Mai', '2013-06-17', '0', N'Số nhà 51, ấp Tân Lợi, xã Long Phú, huyện Long Hồ, tỉnh Vĩnh Long', 'VL');
INSERT INTO HOCSINH VALUES ('THHS31', N'Lương Văn Thành', '2014-07-09', '1', N'Số nhà 79, ấp Tân Thành, xã Long Thịnh, huyện Long Hồ, tỉnh Vĩnh Long', 'VL');
INSERT INTO HOCSINH VALUES ('THHS32', N'Ngô Thị Thu', '2013-11-17', '0', N'Số nhà 36, ấp Long Phú, xã Long Khánh, huyện Long Hồ, tỉnh Vĩnh Long', 'VL');
INSERT INTO HOCSINH VALUES ('THHS33', N'Đỗ Văn Hòa', '2013-02-03', '1', N'Số nhà 84, ấp Bình Phú, xã Long Thuận, huyện Long Hồ, tỉnh Vĩnh Long', 'VL');
INSERT INTO HOCSINH VALUES ('THHS34', N'Trần Thị Mai', '2014-06-07', '0', N'Số nhà 15, ấp Thành Công, xã Long Thới, huyện Long Hồ, tỉnh Vĩnh Long', 'VL');
INSERT INTO HOCSINH VALUES ('THHS35', N'Phạm Văn Duy', '2013-01-29', '1', N'Số nhà 88, ấp Tân Lợi, xã Long Phú, huyện Long Hồ, tỉnh Vĩnh Long', 'VL');
INSERT INTO HOCSINH VALUES ('THHS36', N'Nguyễn Thị Hoa', '2013-11-13', '0', N'Số nhà 9, ấp Thanh Long, xã Long Thuận, huyện Long Hồ, tỉnh Vĩnh Long', 'VL');
INSERT INTO HOCSINH VALUES ('THHS37', N'Lê Văn Tuấn', '2013-06-10', '1', N'Số nhà 45, ấp Bình An, xã Long Thắng, huyện Long Hồ, tỉnh Vĩnh Long', 'VL');
INSERT INTO HOCSINH VALUES ('THHS38', N'Hoàng Thị Ngọc', '2013-03-14', '0', N'Số nhà 66, ấp Long Hưng, xã Long Lợi, huyện Long Hồ, tỉnh Vĩnh Long', 'VL');
INSERT INTO HOCSINH VALUES ('THHS39', N'Vũ Văn Đông', '2013-08-22', '1', N'Số nhà 5, ấp Tân Thanh, xã Long Hiệp, huyện Long Hồ, tỉnh Vĩnh Long', 'VL');
INSERT INTO HOCSINH VALUES ('THHS40', N'Đặng Thị Hà', '2013-05-30', '0', N'Số nhà 75, ấp Tân Long, xã Long Phú, huyện Long Hồ, tỉnh Vĩnh Long', 'VL');
INSERT INTO HOCSINH VALUES ('THHS41', N'Bùi Thị Kim', '2013-02-06', '1', N'Số nhà 53, ấp Long An, xã Long Thuận, huyện Long Hồ, tỉnh Vĩnh Long', 'VL');
INSERT INTO HOCSINH VALUES ('THHS42', N'Lương Văn Quân', '2014-08-03', '1', N'Số nhà 68, ấp Thanh Bình, xã Long Hiệp, huyện Long Hồ, tỉnh Vĩnh Long', 'VL');
INSERT INTO HOCSINH VALUES ('THHS43', N'Ngô Thị Ánh', '2013-11-19', '0', N'Số nhà 11, ấp Bình Thành, xã Long Thuận, huyện Long Hồ, tỉnh Vĩnh Long', 'VL');
INSERT INTO HOCSINH VALUES ('THHS44', N'Đỗ Văn Long', '2014-01-21', '1', N'Số nhà 99, ấp Long An, xã Long Hưng, huyện Long Hồ, tỉnh Vĩnh Long', 'VL');
INSERT INTO HOCSINH VALUES ('THHS45', N'Trần Thị Thu', '2013-03-01', '0', N'Số nhà 16, ấp Thanh Hòa, xã Long Thuận, huyện Long Hồ, tỉnh Vĩnh Long', 'VL');
INSERT INTO HOCSINH VALUES ('THHS46', N'Phạm Văn Hùng', '2014-11-02', '1', N'Số nhà 31, ấp Long Thọ, xã Long Hiệp, huyện Long Hồ, tỉnh Vĩnh Long', 'VL');
INSERT INTO HOCSINH VALUES ('THHS47', N'Nguyễn Thị Ngọc Ánh', '2014-09-09', '0', N'Số nhà 64, ấp Thanh Phú, xã Long An, huyện Long Hồ, tỉnh Vĩnh Long', 'VL');
INSERT INTO HOCSINH VALUES ('THHS48', N'Lê Văn Hải', '2014-08-31', '1', N'Số nhà 39, ấp Long Bình, xã Long Hà, huyện Long Hồ, tỉnh Vĩnh Long', 'VL');
INSERT INTO HOCSINH VALUES ('THHS49', N'Hoàng Thị Thúy', '2014-10-13', '0', N'Số nhà 85, ấp Thanh Thịnh, xã Long Thuận, huyện Long Hồ, tỉnh Vĩnh Long', 'VL');
INSERT INTO HOCSINH VALUES ('THHS50', N'Vũ Văn Khánh', '2013-06-18', '1', N'Số nhà 96, ấp Tân Lợi, xã Long Khánh, huyện Long Hồ, tỉnh Vĩnh Long', 'VL');
INSERT INTO HOCSINH VALUES ('THHS51', N'Đặng Thị Thủy', '2014-05-28', '0', N'Số nhà 25, ấp Thanh Thành, xã Long Thành, huyện Long Hồ, tỉnh Vĩnh Long', 'VL');
INSERT INTO HOCSINH VALUES ('THHS52', N'Bùi Thị Anh', '2014-08-13', '0', N'Số nhà 59, ấp Long Thành, xã Long Thuận, huyện Long Hồ, tỉnh Vĩnh Long', 'VL');
INSERT INTO HOCSINH VALUES ('THHS53', N'Lương Văn Thế', '2013-02-12', '1', N'Số nhà 73, ấp Tân Thành, xã Long Hiệp, huyện Long Hồ, tỉnh Vĩnh Long', 'VL');
INSERT INTO HOCSINH VALUES ('THHS54', N'Ngô Thị Kim', '2013-09-05', '0', N'Số nhà 33, ấp Bình Phú, xã Long Thuận, huyện Long Hồ, tỉnh Vĩnh Long', 'VL');
INSERT INTO HOCSINH VALUES ('THHS55', N'Đỗ Văn Bảo', '2014-09-22', '1', N'Số nhà 95, ấp Long Phú, xã Long Thuận, huyện Long Hồ, tỉnh Vĩnh Long', 'VL');
INSERT INTO HOCSINH VALUES ('THHS56', N'Trần Thị Hồng', '2013-09-01', '0', N'Số nhà 37, ấp Thanh Thọ, xã Long Vinh, huyện Long Hồ, tỉnh Vĩnh Long', 'VL');
INSERT INTO HOCSINH VALUES ('THHS57', N'Phạm Văn Đức', '2013-08-15', '1', N'Số nhà 49, ấp Bình Long, xã Long Thuận, huyện Long Hồ, tỉnh Vĩnh Long', 'VL');
INSERT INTO HOCSINH VALUES ('THHS58', N'Nguyễn Thị Ánh Nguyệt', '2014-06-10', '0', N'Số nhà 81, ấp Long Thanh, xã Long Thành, huyện Long Hồ, tỉnh Vĩnh Long', 'VL');
INSERT INTO HOCSINH VALUES ('THHS59', N'Lê Văn Đông', '2013-05-04', '1', N'Số nhà 77, ấp Thanh Long, xã Long Thuận, huyện Long Hồ, tỉnh Vĩnh Long', 'VL');
INSERT INTO HOCSINH VALUES ('THHS60', N'Hoàng Thị Hoài', '2013-02-15', '0', N'Số nhà 27, ấp Bình An, xã Long Khánh, huyện Long Hồ, tỉnh Vĩnh Long', 'VL');
INSERT INTO HOCSINH VALUES ('THHS61', N'Vũ Văn An', '2014-10-28', '1', N'Số nhà 91, ấp Thanh Bình, xã Long Hiệp, huyện Long Hồ, tỉnh Vĩnh Long', 'VL');
INSERT INTO HOCSINH VALUES ('THHS62', N'Đặng Thị Thúy Hằng', '2013-11-23', '0', N'Số nhà 46, ấp Tân Long, xã Long An, huyện Long Hồ, tỉnh Vĩnh Long', 'VL');
INSERT INTO HOCSINH VALUES ('THHS63', N'Bùi Thị Thảo', '2014-07-19', '0', N'Số nhà 69, ấp Long An, xã Long Thành, huyện Long Hồ, tỉnh Vĩnh Long', 'VL');
INSERT INTO HOCSINH VALUES ('THHS64', N'Lương Văn Phú', '2013-12-03', '1', N'Số nhà 2, ấp Thanh Hòa, xã Long Hiệp, huyện Long Hồ, tỉnh Vĩnh Long', 'VL');
INSERT INTO HOCSINH VALUES ('THHS65', N'Ngô Thị Thủy', '2013-09-17', '0', N'Số nhà 38, ấp Long Thịnh, xã Long Vinh, huyện Long Hồ, tỉnh Vĩnh Long', 'VL');
INSERT INTO HOCSINH VALUES ('THHS66', N'Đỗ Văn Hải', '2013-01-02', '1', N'Số nhà 87, ấp Tân Long, xã Long Phước, huyện Long Hồ, tỉnh Vĩnh Long', 'VL');
INSERT INTO HOCSINH VALUES ('THHS67', N'Trần Thị Hà', '2014-08-28', '0', N'Số nhà 7, ấp Thanh Hưng, xã Long Vinh, huyện Long Hồ, tỉnh Vĩnh Long', 'VL');
INSERT INTO HOCSINH VALUES ('THHS68', N'Phạm Văn Tuấn', '2014-01-30', '1', N'Số nhà 89, ấp Long Lân, xã Long Phú, huyện Long Hồ, tỉnh Vĩnh Long', 'VL');
INSERT INTO HOCSINH VALUES ('THHS69', N'Nguyễn Thị Lan', '2013-01-03', '0', N'Số nhà 43, ấp Long Thạnh, xã Long Thuận, huyện Long Hồ, tỉnh Vĩnh Long', 'VL');
INSERT INTO HOCSINH VALUES ('THHS70', N'Lê Văn Đức', '2013-12-05', '1', N'Số nhà 22, ấp Thanh Long, xã Long Hiệp, huyện Long Hồ, tỉnh Vĩnh Long', 'VL');
INSERT INTO HOCSINH VALUES ('THHS71', N'Hoàng Thị Nguyệt', '2014-09-07', '0', N'Số nhà 82, ấp Bình Thạnh, xã Long Hiệp, huyện Long Hồ, tỉnh Vĩnh Long', 'VL');
INSERT INTO HOCSINH VALUES ('THHS72', N'Vũ Văn Bình', '2014-05-24', '1', N'Số nhà 62, ấp Tân Bình, xã Long Phú, huyện Long Hồ, tỉnh Vĩnh Long', 'VL');
INSERT INTO HOCSINH VALUES ('THHS73', N'Đặng Thị Trang', '2014-05-03', '0', N'Số nhà 94, ấp Thanh An, xã Long Vinh, huyện Long Hồ, tỉnh Vĩnh Long', 'VL');
INSERT INTO HOCSINH VALUES ('THHS74', N'Bùi Thị Thùy Linh', '2014-02-16', '0', N'Số nhà 76, ấp Bình Thành, xã Long Thành, huyện Long Hồ, tỉnh Vĩnh Long', 'VL');
INSERT INTO HOCSINH VALUES ('THHS75', N'Lương Văn Tuấn', '2014-01-01', '1', N'Số nhà 13, ấp Long Long, xã Long Hiệp, huyện Long Hồ, tỉnh Vĩnh Long', 'VL');
INSERT INTO HOCSINH VALUES ('THHS76', N'Ngô Thị Quỳnh', '2013-02-18', '0', N'Số nhà 56, ấp Tân Thành, xã Long Thới, huyện Long Hồ, tỉnh Vĩnh Long', 'VL');
INSERT INTO HOCSINH VALUES ('THHS77', N'Đỗ Văn Thành', '2014-05-31', '1', N'Số nhà 24, ấp Long An, xã Long Thuận, huyện Long Hồ, tỉnh Vĩnh Long', 'VL');
INSERT INTO HOCSINH VALUES ('THHS78', N'Trần Thị Kim', '2013-07-17', '0', N'Số nhà 48, ấp Thanh Thủy, xã Long Vinh, huyện Long Hồ, tỉnh Vĩnh Long', 'VL');
INSERT INTO HOCSINH VALUES ('THHS79', N'Phạm Văn Thanh', '2013-11-14', '1', N'Số nhà 72, ấp Bình Thịnh, xã Long Hiệp, huyện Long Hồ, tỉnh Vĩnh Long', 'VL');
INSERT INTO HOCSINH VALUES ('THHS80', N'Nguyễn Thị Hoài', '2014-07-04', '0', N'Số nhà 18, ấp Thanh Tâm, xã Long Thành, huyện Long Hồ, tỉnh Vĩnh Long', 'VL');
INSERT INTO HOCSINH VALUES ('THHS81', N'Lê Văn Hòa', '2013-03-28', '1', N'Số nhà 98, ấp Long Long, xã Long Hiệp, huyện Long Hồ, tỉnh Vĩnh Long', 'VL');
INSERT INTO HOCSINH VALUES ('THHS82', N'Hoàng Thị Thanh Thảo', '2013-09-10', '0', N'Số nhà 6, ấp Thanh Bình, xã Long Khánh, huyện Long Hồ, tỉnh Vĩnh Long', 'VL');
INSERT INTO HOCSINH VALUES ('THHS83', N'Vũ Văn Tâm', '2013-11-10', '1', N'Số nhà 60, ấp Bình Thới, xã Long Thuận, huyện Long Hồ, tỉnh Vĩnh Long', 'VL');
INSERT INTO HOCSINH VALUES ('THHS84', N'Đặng Thị Tuyết', '2013-10-05', '0', N'Số nhà 34, ấp Thanh Phong, xã Long Hiệp, huyện Long Hồ, tỉnh Vĩnh Long', 'VL');
INSERT INTO HOCSINH VALUES ('THHS85', N'Bùi Thị Hồng', '2013-03-21', '0', N'Số nhà 50, ấp Long Phú, xã Long Thuận, huyện Long Hồ, tỉnh Vĩnh Long', 'VL');
INSERT INTO HOCSINH VALUES ('THHS86', N'Lương Văn Trọng', '2013-03-21', '1', N'Số nhà 4, ấp Bình Thanh, xã Long Thuận, huyện Long Hồ, tỉnh Vĩnh Long', 'VL');
INSERT INTO HOCSINH VALUES ('THHS87', N'Ngô Thị Bảo', '2013-10-20', '1', N'Số nhà 55, ấp Thanh Thành, xã Long Hiệp, huyện Long Hồ, tỉnh Vĩnh Long', 'VL');
INSERT INTO HOCSINH VALUES ('THHS88', N'Đỗ Văn Đông', '2014-10-05', '1', N'Số nhà 80, ấp Long Thanh, xã Long An, huyện Long Hồ, tỉnh Vĩnh Long', 'VL');
INSERT INTO HOCSINH VALUES ('THHS89', N'Trần Thị Thu Hà', '2013-05-11', '0', N'Số nhà 28, ấp Bình Thành, xã Long An, huyện Long Hồ, tỉnh Vĩnh Long', 'VL');
INSERT INTO HOCSINH VALUES ('THHS90', N'Phạm Văn Hạnh', '2013-03-09', '0', N'Số nhà 70, ấp Thanh Hòa, xã Long Phú, huyện Long Hồ, tỉnh Vĩnh Long', 'VL');
INSERT INTO HOCSINH VALUES ('THHS91', N'Nguyễn Thị Thanh Thảo', '2013-12-21', '0', N'Số nhà 1, ấp Long Hưng, xã Long Hiệp, huyện Long Hồ, tỉnh Vĩnh Long', 'VL');
INSERT INTO HOCSINH VALUES ('THHS92', N'Lê Văn Tiến', '2014-03-21', '1', N'Số nhà 90, ấp Thanh Thanh, xã Long Khánh, huyện Long Hồ, tỉnh Vĩnh Long', 'VL');
INSERT INTO HOCSINH VALUES ('THHS93', N'Hoàng Thị Thùy Dương', '2014-09-09', '0', N'Số nhà 40, ấp Long An, xã Long Phú, huyện Long Hồ, tỉnh Vĩnh Long', 'VL');
INSERT INTO HOCSINH VALUES ('THHS94', N'Vũ Văn Quyền', '2013-06-11', '1', N'Số nhà 30, ấp Bình Thành, xã Long Hiệp, huyện Long Hồ, tỉnh Vĩnh Long', 'VL');
INSERT INTO HOCSINH VALUES ('THHS95', N'Đặng Thị Thanh Hằng', '2014-09-26', '0', N'Số nhà 100, ấp Long Thanh, xã Long Thành, huyện Long Hồ, tỉnh Vĩnh Long', 'VL');
INSERT INTO HOCSINH VALUES ('THHS96', N'Bùi Thị Ngọc', '2013-08-21', '0', N'Số nhà 41, ấp Thanh Phú, xã Long Thành, huyện Long Hồ, tỉnh Vĩnh Long', 'VL');
INSERT INTO HOCSINH VALUES ('THHS97', N'Lương Văn Đạo', '2013-02-05', '1', N'Số nhà 44, ấp Long Thanh, xã Long Phú, huyện Long Hồ, tỉnh Vĩnh Long', 'VL');
INSERT INTO HOCSINH VALUES ('THHS98', N'Ngô Thị Hương', '2013-01-11', '0', N'Số nhà 91, ấp Thanh Hưng, xã Long Hiệp, huyện Long Hồ, tỉnh Vĩnh Long', 'VL');
INSERT INTO HOCSINH VALUES ('THHS99', N'Đỗ Văn Bắc', '2013-07-05', '1', N'Số nhà 74, ấp Bình Thành, xã Long Thuận, huyện Long Hồ, tỉnh Vĩnh Long', 'VL');
INSERT INTO HOCSINH VALUES ('THHS100', N'Trần Thị Thu Hương', '2013-09-06', '0', N'Số nhà 3, ấp Long Thành, xã Long Vinh, huyện Long Hồ, tỉnh Vĩnh Long', 'VL');
INSERT INTO PH_HS VALUES ('PH1', 'THHS1');
INSERT INTO PH_HS VALUES ('PH2', 'THHS2');
INSERT INTO PH_HS VALUES ('PH3', 'THHS3');
INSERT INTO PH_HS VALUES ('PH4', 'THHS4');
INSERT INTO PH_HS VALUES ('PH5', 'THHS5');
INSERT INTO PH_HS VALUES ('PH6', 'THHS6');
INSERT INTO PH_HS VALUES ('PH7', 'THHS7');
INSERT INTO PH_HS VALUES ('PH8', 'THHS8');
INSERT INTO PH_HS VALUES ('PH9', 'THHS9');
INSERT INTO PH_HS VALUES ('PH10', 'THHS10');
INSERT INTO PH_HS VALUES ('PH11', 'THHS11');
INSERT INTO PH_HS VALUES ('PH12', 'THHS12');
INSERT INTO PH_HS VALUES ('PH13', 'THHS13');
INSERT INTO PH_HS VALUES ('PH14', 'THHS14');
INSERT INTO PH_HS VALUES ('PH15', 'THHS15');
INSERT INTO PH_HS VALUES ('PH16', 'THHS16');
INSERT INTO PH_HS VALUES ('PH17', 'THHS17');
INSERT INTO PH_HS VALUES ('PH18', 'THHS18');
INSERT INTO PH_HS VALUES ('PH19', 'THHS19');
INSERT INTO PH_HS VALUES ('PH20', 'THHS20');
INSERT INTO PH_HS VALUES ('PH21', 'THHS21');
INSERT INTO PH_HS VALUES ('PH22', 'THHS22');
INSERT INTO PH_HS VALUES ('PH23', 'THHS23');
INSERT INTO PH_HS VALUES ('PH24', 'THHS24');
INSERT INTO PH_HS VALUES ('PH25', 'THHS25');
INSERT INTO PH_HS VALUES ('PH26', 'THHS26');
INSERT INTO PH_HS VALUES ('PH27', 'THHS27');
INSERT INTO PH_HS VALUES ('PH28', 'THHS28');
INSERT INTO PH_HS VALUES ('PH29', 'THHS29');
INSERT INTO PH_HS VALUES ('PH30', 'THHS30');
INSERT INTO PH_HS VALUES ('PH31', 'THHS31');
INSERT INTO PH_HS VALUES ('PH32', 'THHS32');
INSERT INTO PH_HS VALUES ('PH33', 'THHS33');
INSERT INTO PH_HS VALUES ('PH34', 'THHS34');
INSERT INTO PH_HS VALUES ('PH35', 'THHS35');
INSERT INTO PH_HS VALUES ('PH36', 'THHS36');
INSERT INTO PH_HS VALUES ('PH37', 'THHS37');
INSERT INTO PH_HS VALUES ('PH38', 'THHS38');
INSERT INTO PH_HS VALUES ('PH39', 'THHS39');
INSERT INTO PH_HS VALUES ('PH40', 'THHS40');
INSERT INTO PH_HS VALUES ('PH41', 'THHS41');
INSERT INTO PH_HS VALUES ('PH42', 'THHS42');
INSERT INTO PH_HS VALUES ('PH43', 'THHS43');
INSERT INTO PH_HS VALUES ('PH44', 'THHS44');
INSERT INTO PH_HS VALUES ('PH45', 'THHS45');
INSERT INTO PH_HS VALUES ('PH46', 'THHS46');
INSERT INTO PH_HS VALUES ('PH47', 'THHS47');
INSERT INTO PH_HS VALUES ('PH48', 'THHS48');
INSERT INTO PH_HS VALUES ('PH49', 'THHS49');
INSERT INTO PH_HS VALUES ('PH50', 'THHS50');
INSERT INTO PH_HS VALUES ('PH51', 'THHS51');
INSERT INTO PH_HS VALUES ('PH52', 'THHS52');
INSERT INTO PH_HS VALUES ('PH53', 'THHS53');
INSERT INTO PH_HS VALUES ('PH54', 'THHS54');
INSERT INTO PH_HS VALUES ('PH55', 'THHS55');
INSERT INTO PH_HS VALUES ('PH56', 'THHS56');
INSERT INTO PH_HS VALUES ('PH57', 'THHS57');
INSERT INTO PH_HS VALUES ('PH58', 'THHS58');
INSERT INTO PH_HS VALUES ('PH59', 'THHS59');
INSERT INTO PH_HS VALUES ('PH60', 'THHS60');
INSERT INTO PH_HS VALUES ('PH61', 'THHS61');
INSERT INTO PH_HS VALUES ('PH62', 'THHS62');
INSERT INTO PH_HS VALUES ('PH63', 'THHS63');
INSERT INTO PH_HS VALUES ('PH64', 'THHS64');
INSERT INTO PH_HS VALUES ('PH65', 'THHS65');
INSERT INTO PH_HS VALUES ('PH66', 'THHS66');
INSERT INTO PH_HS VALUES ('PH67', 'THHS67');
INSERT INTO PH_HS VALUES ('PH68', 'THHS68');
INSERT INTO PH_HS VALUES ('PH69', 'THHS69');
INSERT INTO PH_HS VALUES ('PH70', 'THHS70');
INSERT INTO PH_HS VALUES ('PH71', 'THHS71');
INSERT INTO PH_HS VALUES ('PH72', 'THHS72');
INSERT INTO PH_HS VALUES ('PH73', 'THHS73');
INSERT INTO PH_HS VALUES ('PH74', 'THHS74');
INSERT INTO PH_HS VALUES ('PH75', 'THHS75');
INSERT INTO PH_HS VALUES ('PH76', 'THHS76');
INSERT INTO PH_HS VALUES ('PH77', 'THHS77');
INSERT INTO PH_HS VALUES ('PH78', 'THHS78');
INSERT INTO PH_HS VALUES ('PH79', 'THHS79');
INSERT INTO PH_HS VALUES ('PH80', 'THHS80');
INSERT INTO PH_HS VALUES ('PH81', 'THHS81');
INSERT INTO PH_HS VALUES ('PH82', 'THHS82');
INSERT INTO PH_HS VALUES ('PH83', 'THHS83');
INSERT INTO PH_HS VALUES ('PH84', 'THHS84');
INSERT INTO PH_HS VALUES ('PH85', 'THHS85');
INSERT INTO PH_HS VALUES ('PH86', 'THHS86');
INSERT INTO PH_HS VALUES ('PH87', 'THHS87');
INSERT INTO PH_HS VALUES ('PH88', 'THHS88');
INSERT INTO PH_HS VALUES ('PH89', 'THHS89');
INSERT INTO PH_HS VALUES ('PH90', 'THHS90');
INSERT INTO PH_HS VALUES ('PH91', 'THHS91');
INSERT INTO PH_HS VALUES ('PH92', 'THHS92');
INSERT INTO PH_HS VALUES ('PH93', 'THHS93');
INSERT INTO PH_HS VALUES ('PH94', 'THHS94');
INSERT INTO PH_HS VALUES ('PH95', 'THHS95');
INSERT INTO PH_HS VALUES ('PH96', 'THHS96');
INSERT INTO PH_HS VALUES ('PH97', 'THHS97');
INSERT INTO PH_HS VALUES ('PH98', 'THHS98');
INSERT INTO PH_HS VALUES ('PH99', 'THHS99');
INSERT INTO PH_HS VALUES ('PH100', 'THHS100');
INSERT INTO HOCSINH_LOP VALUES ('THHS1', 'CSTH6\1', '2324HK1');
INSERT INTO HOCSINH_LOP VALUES ('THHS2', 'CSTH6\1', '2324HK1');
INSERT INTO HOCSINH_LOP VALUES ('THHS3', 'CSTH6\1', '2324HK1');
INSERT INTO HOCSINH_LOP VALUES ('THHS4', 'CSTH6\1', '2324HK1');
INSERT INTO HOCSINH_LOP VALUES ('THHS5', 'CSTH6\1', '2324HK1');
INSERT INTO HOCSINH_LOP VALUES ('THHS6', 'CSTH6\2', '2324HK1');
INSERT INTO HOCSINH_LOP VALUES ('THHS7', 'CSTH6\2', '2324HK1');
INSERT INTO HOCSINH_LOP VALUES ('THHS8', 'CSTH6\2', '2324HK1');
INSERT INTO HOCSINH_LOP VALUES ('THHS9', 'CSTH6\2', '2324HK1');
INSERT INTO HOCSINH_LOP VALUES ('THHS10', 'CSTH6\2', '2324HK1');
INSERT INTO HOCSINH_LOP VALUES ('THHS11', 'CSTH6\3', '2324HK1');
INSERT INTO HOCSINH_LOP VALUES ('THHS12', 'CSTH6\3', '2324HK1');
INSERT INTO HOCSINH_LOP VALUES ('THHS13', 'CSTH6\3', '2324HK1');
INSERT INTO HOCSINH_LOP VALUES ('THHS14', 'CSTH6\3', '2324HK1');
INSERT INTO HOCSINH_LOP VALUES ('THHS15', 'CSTH6\3', '2324HK1');
INSERT INTO HOCSINH_LOP VALUES ('THHS16', 'CSTH6\4', '2324HK1');
INSERT INTO HOCSINH_LOP VALUES ('THHS17', 'CSTH6\4', '2324HK1');
INSERT INTO HOCSINH_LOP VALUES ('THHS18', 'CSTH6\4', '2324HK1');
INSERT INTO HOCSINH_LOP VALUES ('THHS19', 'CSTH6\4', '2324HK1');
INSERT INTO HOCSINH_LOP VALUES ('THHS20', 'CSTH6\4', '2324HK1');
INSERT INTO HOCSINH_LOP VALUES ('THHS21', 'CSTH6\5', '2324HK1');
INSERT INTO HOCSINH_LOP VALUES ('THHS22', 'CSTH6\5', '2324HK1');
INSERT INTO HOCSINH_LOP VALUES ('THHS23', 'CSTH6\5', '2324HK1');
INSERT INTO HOCSINH_LOP VALUES ('THHS24', 'CSTH6\5', '2324HK1');
INSERT INTO HOCSINH_LOP VALUES ('THHS25', 'CSTH6\5', '2324HK1');
INSERT INTO HOCSINH_LOP VALUES ('THHS26', 'CSTH7\1', '2324HK1');
INSERT INTO HOCSINH_LOP VALUES ('THHS27', 'CSTH7\1', '2324HK1');
INSERT INTO HOCSINH_LOP VALUES ('THHS28', 'CSTH7\1', '2324HK1');
INSERT INTO HOCSINH_LOP VALUES ('THHS29', 'CSTH7\1', '2324HK1');
INSERT INTO HOCSINH_LOP VALUES ('THHS30', 'CSTH7\1', '2324HK1');
INSERT INTO HOCSINH_LOP VALUES ('THHS31', 'CSTH7\2', '2324HK1');
INSERT INTO HOCSINH_LOP VALUES ('THHS32', 'CSTH7\2', '2324HK1');
INSERT INTO HOCSINH_LOP VALUES ('THHS33', 'CSTH7\2', '2324HK1');
INSERT INTO HOCSINH_LOP VALUES ('THHS34', 'CSTH7\2', '2324HK1');
INSERT INTO HOCSINH_LOP VALUES ('THHS35', 'CSTH7\2', '2324HK1');
INSERT INTO HOCSINH_LOP VALUES ('THHS36', 'CSTH7\3', '2324HK1');
INSERT INTO HOCSINH_LOP VALUES ('THHS37', 'CSTH7\3', '2324HK1');
INSERT INTO HOCSINH_LOP VALUES ('THHS38', 'CSTH7\3', '2324HK1');
INSERT INTO HOCSINH_LOP VALUES ('THHS39', 'CSTH7\3', '2324HK1');
INSERT INTO HOCSINH_LOP VALUES ('THHS40', 'CSTH7\3', '2324HK1');
INSERT INTO HOCSINH_LOP VALUES ('THHS41', 'CSTH7\4', '2324HK1');
INSERT INTO HOCSINH_LOP VALUES ('THHS42', 'CSTH7\4', '2324HK1');
INSERT INTO HOCSINH_LOP VALUES ('THHS43', 'CSTH7\4', '2324HK1');
INSERT INTO HOCSINH_LOP VALUES ('THHS44', 'CSTH7\4', '2324HK1');
INSERT INTO HOCSINH_LOP VALUES ('THHS45', 'CSTH7\4', '2324HK1');
INSERT INTO HOCSINH_LOP VALUES ('THHS46', 'CSTH7\5', '2324HK1');
INSERT INTO HOCSINH_LOP VALUES ('THHS47', 'CSTH7\5', '2324HK1');
INSERT INTO HOCSINH_LOP VALUES ('THHS48', 'CSTH7\5', '2324HK1');
INSERT INTO HOCSINH_LOP VALUES ('THHS49', 'CSTH7\5', '2324HK1');
INSERT INTO HOCSINH_LOP VALUES ('THHS50', 'CSTH7\5', '2324HK1');
INSERT INTO HOCSINH_LOP VALUES ('THHS51', 'CSTH8\1', '2324HK1');
INSERT INTO HOCSINH_LOP VALUES ('THHS52', 'CSTH8\1', '2324HK1');
INSERT INTO HOCSINH_LOP VALUES ('THHS53', 'CSTH8\1', '2324HK1');
INSERT INTO HOCSINH_LOP VALUES ('THHS54', 'CSTH8\1', '2324HK1');
INSERT INTO HOCSINH_LOP VALUES ('THHS55', 'CSTH8\1', '2324HK1');
INSERT INTO HOCSINH_LOP VALUES ('THHS56', 'CSTH8\2', '2324HK1');
INSERT INTO HOCSINH_LOP VALUES ('THHS57', 'CSTH8\2', '2324HK1');
INSERT INTO HOCSINH_LOP VALUES ('THHS58', 'CSTH8\2', '2324HK1');
INSERT INTO HOCSINH_LOP VALUES ('THHS59', 'CSTH8\2', '2324HK1');
INSERT INTO HOCSINH_LOP VALUES ('THHS60', 'CSTH8\2', '2324HK1');
INSERT INTO HOCSINH_LOP VALUES ('THHS61', 'CSTH8\3', '2324HK1');
INSERT INTO HOCSINH_LOP VALUES ('THHS62', 'CSTH8\3', '2324HK1');
INSERT INTO HOCSINH_LOP VALUES ('THHS63', 'CSTH8\3', '2324HK1');
INSERT INTO HOCSINH_LOP VALUES ('THHS64', 'CSTH8\3', '2324HK1');
INSERT INTO HOCSINH_LOP VALUES ('THHS65', 'CSTH8\3', '2324HK1');
INSERT INTO HOCSINH_LOP VALUES ('THHS66', 'CSTH8\4', '2324HK1');
INSERT INTO HOCSINH_LOP VALUES ('THHS67', 'CSTH8\4', '2324HK1');
INSERT INTO HOCSINH_LOP VALUES ('THHS68', 'CSTH8\4', '2324HK1');
INSERT INTO HOCSINH_LOP VALUES ('THHS69', 'CSTH8\4', '2324HK1');
INSERT INTO HOCSINH_LOP VALUES ('THHS70', 'CSTH8\4', '2324HK1');
INSERT INTO HOCSINH_LOP VALUES ('THHS71', 'CSTH8\5', '2324HK1');
INSERT INTO HOCSINH_LOP VALUES ('THHS72', 'CSTH8\5', '2324HK1');
INSERT INTO HOCSINH_LOP VALUES ('THHS73', 'CSTH8\5', '2324HK1');
INSERT INTO HOCSINH_LOP VALUES ('THHS74', 'CSTH8\5', '2324HK1');
INSERT INTO HOCSINH_LOP VALUES ('THHS75', 'CSTH8\5', '2324HK1');
INSERT INTO HOCSINH_LOP VALUES ('THHS76', 'CSTH9\1', '2324HK1');
INSERT INTO HOCSINH_LOP VALUES ('THHS77', 'CSTH9\1', '2324HK1');
INSERT INTO HOCSINH_LOP VALUES ('THHS78', 'CSTH9\1', '2324HK1');
INSERT INTO HOCSINH_LOP VALUES ('THHS79', 'CSTH9\1', '2324HK1');
INSERT INTO HOCSINH_LOP VALUES ('THHS80', 'CSTH9\1', '2324HK1');
INSERT INTO HOCSINH_LOP VALUES ('THHS81', 'CSTH9\2', '2324HK1');
INSERT INTO HOCSINH_LOP VALUES ('THHS82', 'CSTH9\2', '2324HK1');
INSERT INTO HOCSINH_LOP VALUES ('THHS83', 'CSTH9\2', '2324HK1');
INSERT INTO HOCSINH_LOP VALUES ('THHS84', 'CSTH9\2', '2324HK1');
INSERT INTO HOCSINH_LOP VALUES ('THHS85', 'CSTH9\2', '2324HK1');
INSERT INTO HOCSINH_LOP VALUES ('THHS86', 'CSTH9\3', '2324HK1');
INSERT INTO HOCSINH_LOP VALUES ('THHS87', 'CSTH9\3', '2324HK1');
INSERT INTO HOCSINH_LOP VALUES ('THHS88', 'CSTH9\3', '2324HK1');
INSERT INTO HOCSINH_LOP VALUES ('THHS89', 'CSTH9\3', '2324HK1');
INSERT INTO HOCSINH_LOP VALUES ('THHS90', 'CSTH9\3', '2324HK1');
INSERT INTO HOCSINH_LOP VALUES ('THHS91', 'CSTH9\4', '2324HK1');
INSERT INTO HOCSINH_LOP VALUES ('THHS92', 'CSTH9\4', '2324HK1');
INSERT INTO HOCSINH_LOP VALUES ('THHS93', 'CSTH9\4', '2324HK1');
INSERT INTO HOCSINH_LOP VALUES ('THHS94', 'CSTH9\4', '2324HK1');
INSERT INTO HOCSINH_LOP VALUES ('THHS95', 'CSTH9\4', '2324HK1');
INSERT INTO HOCSINH_LOP VALUES ('THHS96', 'CSTH9\5', '2324HK1');
INSERT INTO HOCSINH_LOP VALUES ('THHS97', 'CSTH9\5', '2324HK1');
INSERT INTO HOCSINH_LOP VALUES ('THHS98', 'CSTH9\5', '2324HK1');
INSERT INTO HOCSINH_LOP VALUES ('THHS99', 'CSTH9\5', '2324HK1');
INSERT INTO HOCSINH_LOP VALUES ('THHS100', 'CSTH9\5', '2324HK1');
INSERT INTO DIEMMH VALUES ('THHS1', 'TOAN', '2324HK1', '9', '8', '8.5');
INSERT INTO DIEMMH VALUES ('THHS1', 'NGUVAN', '2324HK1', '7', '10', '8.5');
INSERT INTO DIEMMH VALUES ('THHS1', 'TIENGANH', '2324HK1', '8', '5', '6.5');
INSERT INTO DIEMMH VALUES ('THHS1', 'LICHSU', '2324HK1', '7', '4', '5.5');
INSERT INTO DIEMMH VALUES ('THHS1', 'DIALY', '2324HK1', '6', '5', '5.5');
INSERT INTO DIEMMH VALUES ('THHS1', 'SINHHOC', '2324HK1', '7', '7', '7.0');
INSERT INTO DIEMMH VALUES ('THHS1', 'HOAHOC', '2324HK1', '9', '9', '9.0');
INSERT INTO DIEMMH VALUES ('THHS1', 'VATLY', '2324HK1', '8', '6', '7.0');
INSERT INTO DIEMMH VALUES ('THHS2', 'TOAN', '2324HK1', '8', '6', '7.0');
INSERT INTO DIEMMH VALUES ('THHS2', 'NGUVAN', '2324HK1', '9', '9', '9.0');
INSERT INTO DIEMMH VALUES ('THHS2', 'TIENGANH', '2324HK1', '7', '9', '8.0');
INSERT INTO DIEMMH VALUES ('THHS2', 'LICHSU', '2324HK1', '6', '9', '7.5');
INSERT INTO DIEMMH VALUES ('THHS2', 'DIALY', '2324HK1', '8', '10', '9.0');
INSERT INTO DIEMMH VALUES ('THHS2', 'SINHHOC', '2324HK1', '9', '7', '8.0');
INSERT INTO DIEMMH VALUES ('THHS2', 'HOAHOC', '2324HK1', '7', '5', '6.0');
INSERT INTO DIEMMH VALUES ('THHS2', 'VATLY', '2324HK1', '8', '10', '9.0');
INSERT INTO GIAOVIEN VALUES ('GV01', N'Nguyễn Thị Hằng', '1993-05-12', '0', N'Số nhà 10, đường Trần Hưng Đạo, Phường 1, Thành phố Vĩnh Long', '901234567', 'hang.nguyenthithi@gmail.com', '2015-01-01', 'THCSTD', 'DH', 'CMCB');
INSERT INTO GIAOVIEN VALUES ('GV02', N'Lê Văn Minh', '1992-08-17', '1', N'Số 20/5, đường Lê Lợi, Phường 2, Thành phố Vĩnh Long', '912345678', 'minh.levan@gmail.com', '2015-01-01', 'THCSTD', 'DH', 'CMTN');
INSERT INTO GIAOVIEN VALUES ('GV03', N'Trần Thị Mai Anh', '1996-06-29', '0', N'Số 30, đường Nguyễn Trãi, Phường 3, Thành phố Vĩnh Long', '976543210', 'maianh.tranthi@gmail.com', '2015-01-01', 'THCSTD', 'DH', 'CMXH');
INSERT INTO GIAOVIEN VALUES ('GV04', N'Phạm Đức Long', '1990-04-23', '1', N'Số 40/2, đường Lý Tự Trọng, Phường 4, Thành phố Vĩnh Long', '987654321', 'long.phamduc@gmail.com', '2015-01-01', 'THCSTD', 'TS', 'CMCB');
INSERT INTO GIAOVIEN VALUES ('GV05', N'Hoàng Thị Hương', '1994-11-10', '0', N'Số 50, đường Hoàng Hoa Thám, Phường 5, Thành phố Vĩnh Long', '932109876', 'huong.hoangthi@gmail.com', '2015-01-01', 'THCSTD', 'DH', 'CMTN');
INSERT INTO GIAOVIEN VALUES ('GV06', N'Vũ Minh Tuấn', '1992-08-02', '1', N'Số 60, đường Lương Văn Can, Phường 6, Thành phố Vĩnh Long', '945678901', 'tuan.vuminh@gmail.com', '2015-01-01', 'THCSTD', 'DH', 'CMXH');
INSERT INTO GIAOVIEN VALUES ('GV07', N'Đặng Quang Huy', '1997-07-30', '1', N'Số 70, đường Trần Phú, Phường 7, Thành phố Vĩnh Long', '965432109', 'huy.dangquang@gmail.com', '2015-01-01', 'THCSTD', 'DH', 'CMCB');
INSERT INTO GIAOVIEN VALUES ('GV08', N'Ngô Thị Hà', '1995-03-14', '0', N'Số 80/3, đường Quang Trung, Phường 8, Thành phố Vĩnh Long', '921098765', 'ha.ngothi@gmail.com', '2015-01-01', 'THCSTD', 'THS', 'CMTN');
INSERT INTO GIAOVIEN VALUES ('GV09', N'Trần Văn Đức', '1998-09-19', '1', N'Số 90, đường Trương Văn Thành, Thành phố Vĩnh Long', '956789012', 'duc.tranvan@gmail.com', '2015-01-01', 'THCSTD', 'DH', 'CMXH');
INSERT INTO GIAOVIEN VALUES ('GV10', N'Lý Thị Lan', '1990-11-26', '0', N'Số 100, đường Lê Duẩn, Thành phố Vĩnh Long', '998765432', 'lan.lythi@gmail.com', '2015-01-01', 'THCSTD', 'DH', 'CMCB');
INSERT INTO GIAOVIEN VALUES ('GV11', N'Trương Minh Hòa', '1999-03-01', '1', N'Số 110/7, đường Nguyễn Thị Minh Khai, Thành phố Vĩnh Long', '909876543', 'hoa.truongminh@gmail.com', '2015-01-01', 'THCSTD', 'DH', 'CMTN');
INSERT INTO GIAOVIEN VALUES ('GV12', N'Lê Thị Thanh Hằng', '1992-05-21', '0', N'Số 120, đường Điện Biên Phủ, Thành phố Vĩnh Long', '910987654', 'hang.lethithanh@gmail.com', '2015-01-01', 'THCSTD', 'DH', 'CMXH');
INSERT INTO GIAOVIEN VALUES ('GV13', N'Phan Văn Hải', '1996-07-09', '1', N'Số 130, đường Nguyễn Công Trứ, Thành phố Vĩnh Long', '976543219', 'hai.phanvan@gmail.com', '2015-01-01', 'THCSTD', 'TS', 'CMCB');
INSERT INTO GIAOVIEN VALUES ('GV14', N'Đinh Thị Thu', '1993-02-11', '0', N'Số 140/1, đường Đồng Khởi, Thành phố Vĩnh Long', '987654320', 'thu.dinhthi@gmail.com', '2015-01-01', 'THCSTD', 'DH', 'CMTN');
INSERT INTO GIAOVIEN VALUES ('GV15', N'Nguyễn Minh Khánh', '1991-09-06', '1', N'Số 150, đường Lê Thánh Tôn, Thành phố Vĩnh Long', '932109876', 'khanh.nguyenminh@gmail.com', '2015-01-01', 'THCSTD', 'DH', 'CMXH');
INSERT INTO GIAOVIEN VALUES ('GV16', N'Bùi Văn Nam', '1994-12-15', '1', N'Số 160, đường Đường số 16, Thành phố Vĩnh Long', '945678901', 'nam.buivan@gmail.com', '2015-01-01', 'THCSTD', 'DH', 'CMCB');
INSERT INTO GIAOVIEN VALUES ('GV17', N'Hoàng Thị Thảo', '1997-08-28', '0', N'Số 170/4, đường Nguyễn Văn Thoại, Thành phố Vĩnh Long', '965432109', 'thao.hoangthi@gmail.com', '2015-01-01', 'THCSTD', 'DH', 'CMTN');
INSERT INTO GIAOVIEN VALUES ('GV18', N'Trần Đức Hải', '1992-04-04', '1', N'Số 180, đường Đường số 18, Thành phố Vĩnh Long', '921098765', 'hai.tranduc@gmail.com', '2015-01-01', 'THCSTD', 'DH', 'CMXH');
INSERT INTO GIAOVIEN VALUES ('GV19', N'Nguyễn Thị Trang', '1995-10-20', '0', N'Số 190, đường Đường số 19, Thành phố Vĩnh Long', '956789012', 'trang.nguyenthithi@gmail.com', '2015-01-01', 'THCSTD', 'THS', 'CMCB');
INSERT INTO GIAOVIEN VALUES ('GV20', N'Lâm Văn Tâm', '1998-06-01', '1', N'Số 200, đường Đường số 20, Thành phố Vĩnh Long', '998765432', 'tam.lamvan@gmail.com', '2015-01-01', 'THCSTD', 'DH', 'CMTN');
INSERT INTO GVCN VALUES ('GV01', 'CSTH6\1', '2324HK1');
INSERT INTO GVCN VALUES ('GV02', 'CSTH6\2', '2324HK1');
INSERT INTO GVCN VALUES ('GV03', 'CSTH6\3', '2324HK1');
INSERT INTO GVCN VALUES ('GV04', 'CSTH6\4', '2324HK1');
INSERT INTO GVCN VALUES ('GV05', 'CSTH6\5', '2324HK1');
INSERT INTO GVCN VALUES ('GV06', 'CSTH7\1', '2324HK1');
INSERT INTO GVCN VALUES ('GV07', 'CSTH7\2', '2324HK1');
INSERT INTO GVCN VALUES ('GV08', 'CSTH7\3', '2324HK1');
INSERT INTO GVCN VALUES ('GV09', 'CSTH7\4', '2324HK1');
INSERT INTO GVCN VALUES ('GV10', 'CSTH7\5', '2324HK1');
INSERT INTO GVCN VALUES ('GV11', 'CSTH8\1', '2324HK1');
INSERT INTO GVCN VALUES ('GV12', 'CSTH8\2', '2324HK1');
INSERT INTO GVCN VALUES ('GV13', 'CSTH8\3', '2324HK1');
INSERT INTO GVCN VALUES ('GV14', 'CSTH8\4', '2324HK1');
INSERT INTO GVCN VALUES ('GV15', 'CSTH8\5', '2324HK1');
INSERT INTO GVCN VALUES ('GV16', 'CSTH9\1', '2324HK1');
INSERT INTO GVCN VALUES ('GV17', 'CSTH9\2', '2324HK1');
INSERT INTO GVCN VALUES ('GV18', 'CSTH9\3', '2324HK1');
INSERT INTO GVCN VALUES ('GV19', 'CSTH9\4', '2324HK1');
INSERT INTO GVCN VALUES ('GV20', 'CSTH9\5', '2324HK1');
INSERT INTO PHANCONGGVBM VALUES ('CSTH6\1', 'TOAN', '2324HK1', 'GV08');
INSERT INTO PHANCONGGVBM VALUES ('CSTH6\1', 'NGUVAN', '2324HK1', 'GV09');
INSERT INTO PHANCONGGVBM VALUES ('CSTH6\1', 'TIENGANH', '2324HK1', 'GV10');
INSERT INTO PHANCONGGVBM VALUES ('CSTH6\1', 'LICHSU', '2324HK1', 'GV11');
INSERT INTO PHANCONGGVBM VALUES ('CSTH6\1', 'DIALY', '2324HK1', 'GV12');
INSERT INTO PHANCONGGVBM VALUES ('CSTH6\1', 'SINHHOC', '2324HK1', 'GV13');
INSERT INTO PHANCONGGVBM VALUES ('CSTH6\1', 'HOAHOC', '2324HK1', 'GV14');
INSERT INTO PHANCONGGVBM VALUES ('CSTH6\1', 'VATLY', '2324HK1', 'GV15');
INSERT INTO PHANCONGGVBM VALUES ('CSTH6\2', 'TOAN', '2324HK1', 'GV16');
INSERT INTO PHANCONGGVBM VALUES ('CSTH6\2', 'NGUVAN', '2324HK1', 'GV17');
INSERT INTO PHANCONGGVBM VALUES ('CSTH6\2', 'TIENGANH', '2324HK1', 'GV18');
INSERT INTO PHANCONGGVBM VALUES ('CSTH6\2', 'LICHSU', '2324HK1', 'GV19');
INSERT INTO PHANCONGGVBM VALUES ('CSTH6\2', 'DIALY', '2324HK1', 'GV20');
INSERT INTO PHANCONGGVBM VALUES ('CSTH6\2', 'SINHHOC', '2324HK1', 'GV01');
INSERT INTO PHANCONGGVBM VALUES ('CSTH6\2', 'HOAHOC', '2324HK1', 'GV02');
INSERT INTO PHANCONGGVBM VALUES ('CSTH6\2', 'VATLY', '2324HK1', 'GV03');
INSERT INTO HOCBA VALUES ('THHS1', '2324HK1', 7.6, N'Tốt', N'Khá');
INSERT INTO HOCBA VALUES ('THHS2', '2324HK1', 7.8, N'Tốt', N'Khá');
INSERT INTO LOAIKHENTHUONG VALUES ('KT1', N'Học Sinh Khá');
INSERT INTO LOAIKHENTHUONG VALUES ('KT2', N'Học Sinh Khá');
INSERT INTO HSKHENTHUONG VALUES ('KT1', 'THHS1', '2324HK1', N'Bằng Khen');
INSERT INTO HSKHENTHUONG VALUES ('KT2', 'THHS2', '2324HK1', N'Bằng Khen');
INSERT INTO KQCN VALUES ('THHS1', 'CSTH6\1', 2023, 7.6, N'Tốt, Chăm, Ngoan', 'NULL');
INSERT INTO KQCN VALUES ('THHS2', 'CSTH6\1', 2023, 7.8, N'Tốt, Chăm, Ngoan', 'NULL');
INSERT INTO KQHTMHHK VALUES ('THHS1', 'CSTH6\1', '2324HK1', 'TOAN', '9', 9, '9', N'Giỏi', 'NULL');
INSERT INTO KQHTMHHK VALUES ('THHS2', 'CSTH6\1', '2324HK1', 'TOAN', '8', 8, '8', N'Giỏi', 'NULL');
INSERT INTO TRUONG VALUES ('THPTNT', N'THPT Nguyễn Thông', N'12 Đinh Tiên Hoàng, Phường 8, Vĩnh Long', '2703823409', 'c3nguyenthong@vinhlong.edu.vn', 'TPVL', 'THPT');
INSERT INTO LOP VALUES ('NT1207A1', '12', 'THPTNT');
INSERT INTO LOP VALUES ('NT1207A10', '12', 'THPTNT');
INSERT INTO LOP VALUES ('NT1207A11', '12', 'THPTNT');
INSERT INTO LOP VALUES ('NT1207A12', '12', 'THPTNT');
INSERT INTO LOP VALUES ('NT1207A13', '12', 'THPTNT');
INSERT INTO LOP VALUES ('NT1207A2', '12', 'THPTNT');
INSERT INTO LOP VALUES ('NT1207A3', '12', 'THPTNT');
INSERT INTO LOP VALUES ('NT1207A4', '12', 'THPTNT');
INSERT INTO LOP VALUES ('NT1207A5', '12', 'THPTNT');
INSERT INTO LOP VALUES ('NT1207A6', '12', 'THPTNT');
INSERT INTO LOP VALUES ('NT1207A7', '12', 'THPTNT');
INSERT INTO LOP VALUES ('NT1207A8', '12', 'THPTNT');
INSERT INTO LOP VALUES ('NT1108A1', '11', 'THPTNT');
INSERT INTO LOP VALUES ('NT1108A12', '11', 'THPTNT');
INSERT INTO LOP VALUES ('NT1108A13', '11', 'THPTNT');
INSERT INTO LOP VALUES ('NT1108A2', '11', 'THPTNT');
INSERT INTO LOP VALUES ('NT1108A3', '11', 'THPTNT');
INSERT INTO LOP VALUES ('NT1108A4', '11', 'THPTNT');
INSERT INTO LOP VALUES ('NT1108A5', '11', 'THPTNT');
INSERT INTO LOP VALUES ('NT1108A6', '11', 'THPTNT');
INSERT INTO LOP VALUES ('NT1108A7', '11', 'THPTNT');
INSERT INTO LOP VALUES ('NT1108A8', '11', 'THPTNT');
INSERT INTO LOP VALUES ('NT1108A9', '11', 'THPTNT');
INSERT INTO LOP VALUES ('NT1009A1', '10', 'THPTNT');
INSERT INTO LOP VALUES ('NT1009A11', '10', 'THPTNT');
INSERT INTO LOP VALUES ('NT1009A12', '10', 'THPTNT');
INSERT INTO LOP VALUES ('NT1009A13', '10', 'THPTNT');
INSERT INTO LOP VALUES ('NT1009A2', '10', 'THPTNT');
INSERT INTO LOP VALUES ('NT1009A3', '10', 'THPTNT');
INSERT INTO PHUHUYNH VALUES ('PHNT07093', N'Đặng Thị Kim Ngọc', N'Mẹ', N'45/8, Tường Nhơn, Tường Lộc, Tam Bình,  Tỉnh Vĩnh Long', '395886196', 'PHNT07093@gmail.com');
INSERT INTO PHUHUYNH VALUES ('PHNT07095', N'Trần Anh Khoa', 'Cha', N'45/8, Phú Long, Tân Phú, Tam Bình,  Tỉnh Vĩnh Long', '395854727', 'PHNT07095@gmail.com');
INSERT INTO PHUHUYNH VALUES ('PHNT07101', N'Trần Thái Khánh An', 'Cha', N'45/8, Danh Tấm, Hậu Lộc, Tam Bình,  Tỉnh Vĩnh Long', '395476993', 'PHNT07101@gmail.com');
INSERT INTO PHUHUYNH VALUES ('PHNT07107', N'Lương Dương Gia Ngọc', N'Mẹ', N'155/20, Tân Khánh,  Hiếu Phụng, Huyện Vũng Liêm,  Tỉnh Vĩnh Long', '395424546', 'PHNT07107@gmail.com');
INSERT INTO PHUHUYNH VALUES ('PHNT07116', N'Lê Trương Cát Tường', 'Cha', N'165/17, Thanh Khê,  Thanh Bình, Huyện Vũng Liêm,  Tỉnh Vĩnh Long', '394969899', 'PHNT07116@gmail.com');
INSERT INTO PHUHUYNH VALUES ('PHNT07099', N'Nguyễn Trần Trâm Anh', N'Mẹ', N'45/8, 6, Hậu Lộc, Tam Bình,  Tỉnh Vĩnh Long', '394954109', 'PHNT07099@gmail.com');
INSERT INTO PHUHUYNH VALUES ('PHNT07100', N'Võ Thị Quỳnh Hương', N'Mẹ', N'45/8, 6, Hậu Lộc, Tam Bình,  Tỉnh Vĩnh Long', '394323092', 'PHNT07100@gmail.com');
INSERT INTO PHUHUYNH VALUES ('PHNT07096', N'Huỳnh Ái Khuyên', N'Mẹ', N'45/8, Phú Long, Tân Phú, Tam Bình,  Tỉnh Vĩnh Long', '394239827', 'PHNT07096@gmail.com');
INSERT INTO PHUHUYNH VALUES ('PHNT07091', N'Lê Nguyễn Tường Khắc Nguyên', N'Mẹ', N'45/8, Mỹ Phú 1, Tường Lộc, Tam Bình,  Tỉnh Vĩnh Long', '393965161', 'PHNT07091@gmail.com');
INSERT INTO PHUHUYNH VALUES ('PHNT07092', N'Trần Mai Hoa', N'Mẹ', N'45/8, Tường Nhơn, Tường Lộc, Tam Bình,  Tỉnh Vĩnh Long', '393900297', 'PHNT07092@gmail.com');
INSERT INTO PHUHUYNH VALUES ('PHNT07106', N'Lê Thị Hồng Thảo', N'Mẹ', N'89/13, Quang Thạnh,  Hiếu Phụng, Huyện Vũng Liêm,  Tỉnh Vĩnh Long', '393722142', 'PHNT07106@gmail.com');
INSERT INTO PHUHUYNH VALUES ('PHNT07113', N'Huỳnh Thị Mai Quỳnh', N'Mẹ', N'23/30, Trung Trị,  Trung Hiệp, Huyện Vũng Liêm,  Tỉnh Vĩnh Long', '392936198', 'PHNT07113@gmail.com');
INSERT INTO PHUHUYNH VALUES ('PHNT07117', N'Phạm Thị Thu Nguyệt', N'Mẹ', N'108/33, Thanh Khê,  Thanh Bình, Huyện Vũng Liêm,  Tỉnh Vĩnh Long', '392662833', 'PHNT07117@gmail.com');
INSERT INTO PHUHUYNH VALUES ('PHNT07108', N'Trần Thanh Nhựt Linh', 'Cha', N'120/20, Tân Khánh,  Hiếu Phụng, Huyện Vũng Liêm,  Tỉnh Vĩnh Long', '389649972', 'PHNT07108@gmail.com');
INSERT INTO PHUHUYNH VALUES ('PHNT07109', N'Nguyễn Chí Khanh', 'Cha', N'189/30, Bình Phụng,  Trung Hiệp, Huyện Vũng Liêm,  Tỉnh Vĩnh Long', '389555481', 'PHNT07109@gmail.com');
INSERT INTO PHUHUYNH VALUES ('PHNT07110', N'Dương Thành Đạt', 'Cha', N'85/48, Bình Phụng,  Trung Hiệp, Huyện Vũng Liêm,  Tỉnh Vĩnh Long', '389552373', 'PHNT07110@gmail.com');
INSERT INTO PHUHUYNH VALUES ('PHNT07111', N'Nguyễn Thị Kim Chi', N'Mẹ', N'149/28, Bình Phụng,  Trung Hiệp, Huyện Vũng Liêm,  Tỉnh Vĩnh Long', '389512732', 'PHNT07111@gmail.com');
INSERT INTO PHUHUYNH VALUES ('PHNT07112', N'Võ Hoàng Khả Nhi', N'Mẹ', N'183/18, Trung Trị,  Trung Hiệp, Huyện Vũng Liêm,  Tỉnh Vĩnh Long', '388388049', 'PHNT07112@gmail.com');
INSERT INTO PHUHUYNH VALUES ('PHNT07115', N'Lê Phương Thảo', N'Mẹ', N'80/26, Thanh Khê,  Thanh Bình, Huyện Vũng Liêm,  Tỉnh Vĩnh Long', '386802280', 'PHNT07115@gmail.com');
INSERT INTO PHUHUYNH VALUES ('PHNT07119', N'Nguyễn Như Ý', N'Mẹ', N'96/49, Thái An,  Thanh Bình, Huyện Vũng Liêm,  Tỉnh Vĩnh Long', '383984209', 'PHNT07119@gmail.com');
INSERT INTO PHUHUYNH VALUES ('PHNT07120', N'Lê Nhật Trường', 'Cha', N'30/43, Thái An,  Thanh Bình, Huyện Vũng Liêm,  Tỉnh Vĩnh Long', '383864524', 'PHNT07120@gmail.com');
INSERT INTO PHUHUYNH VALUES ('PHNT07089', N'Phan Tâm Tâm', N'Mẹ', N'82/25,  Sóc Hoang, Mỹ Hòa, Thị xã Bình Minh,  Tỉnh Vĩnh Long', '382961875', 'PHNT07089@gmail.com');
INSERT INTO PHUHUYNH VALUES ('PHNT07090', N'Phạm Thị Ngọc Duyên', N'Mẹ', N'45/8, Mỹ Phú 1, Tường Lộc, Tam Bình,  Tỉnh Vĩnh Long', '382953745', 'PHNT07090@gmail.com');
INSERT INTO PHUHUYNH VALUES ('PHNT07088', N'Đặng Quang Vinh', 'Cha', N'33/15,  Sóc Hoang, Mỹ Hòa, Thị xã Bình Minh,  Tỉnh Vĩnh Long', '382928499', 'PHNT07088@gmail.com');
INSERT INTO PHUHUYNH VALUES ('PHNT07094', N'Nguyễn Phan Nhựt Anh', 'Cha', N'45/8, Phú Long, Tân Phú, Tam Bình,  Tỉnh Vĩnh Long', '382903099', 'PHNT07094@gmail.com');
INSERT INTO PHUHUYNH VALUES ('PHNT07102', N'Nguyễn Ngọc Thùy Trang', N'Mẹ', N'45/8, Danh Tấm, Hậu Lộc, Tam Bình,  Tỉnh Vĩnh Long', '377645025', 'PHNT07102@gmail.com');
INSERT INTO PHUHUYNH VALUES ('PHNT07103', N'Đặng Tố Quyên', N'Mẹ', N'45/8, Danh Tấm, Hậu Lộc, Tam Bình,  Tỉnh Vĩnh Long', '376103973', 'PHNT07103@gmail.com');
INSERT INTO PHUHUYNH VALUES ('PHNT07118', N'Ngô Thị Thu Hường', N'Mẹ', N'55/23, Thái An,  Thanh Bình, Huyện Vũng Liêm,  Tỉnh Vĩnh Long', '375687201', 'PHNT07118@gmail.com');
INSERT INTO PHUHUYNH VALUES ('PHNT07098', N'Huỳnh Anh Huy', 'Cha', N'45/8,  Phú Thành, Tân Phú, Tam Bình,  Tỉnh Vĩnh Long', '374862668', 'PHNT07098@gmail.com');
INSERT INTO PHUHUYNH VALUES ('PHNT07097', N'Nguyễn Ngọc Mai', N'Mẹ', N'45/8,  Phú Thành, Tân Phú, Tam Bình,  Tỉnh Vĩnh Long', '374847560', 'PHNT07097@gmail.com');
INSERT INTO PHUHUYNH VALUES ('PHNT07105', N'Đỗ Phùng Thúy Hoa', N'Mẹ', N'69/31, Quang Thạnh,  Hiếu Phụng, Huyện Vũng Liêm,  Tỉnh Vĩnh Long', '374748217', 'PHNT07105@gmail.com');
INSERT INTO PHUHUYNH VALUES ('PHNT07104', N'Phạm Thị Kim Lan', N'Mẹ', N'96/11, Quang Thạnh,  Hiếu Phụng, Huyện Vũng Liêm, Tỉnh Vĩnh Long', '374049484', 'PHNT07104@gmail.com');
INSERT INTO PHUHUYNH VALUES ('PHNT07114', N'Đinh Nguyễn Thanh Tuyền', N'Mẹ', N'116/34, Thanh Khê,  Thanh Bình, Huyện Vũng Liêm,  Tỉnh Vĩnh Long', '374044700', 'PHNT07114@gmail.com');
INSERT INTO PHUHUYNH VALUES ('PHNT08060', N'Phan Thị Bích Ngọc', N'Mẹ', N'115/4 ,Tân Hòa ,Tân Hạnh , Long Hồ,  Tỉnh Vĩnh Long', '372894200', 'PHNT08060@gmail.com');
INSERT INTO PHUHUYNH VALUES ('PHNT08064', N'Thái Thiên Thành', 'Cha', N'18/28 ,Hòa Phú ,Hòa Ninh , Long Hồ,  Tỉnh Vĩnh Long', '372815503', 'PHNT08064@gmail.com');
INSERT INTO PHUHUYNH VALUES ('PHNT08065', N'Bùi Ngọc Phụng Hoàng', N'Mẹ', N'98/29 ,Hà Lợi ,Hòa Ninh , Long Hồ,  Tỉnh Vĩnh Long', '372618324', 'PHNT08065@gmail.com');
INSERT INTO PHUHUYNH VALUES ('PHNT08069', N'Trần Lê Hoàng Long', 'Cha', N'21/37 ,Bình Thuận 1 ,Hòa Ninh , Long Hồ,  Tỉnh Vĩnh Long', '372199412', 'PHNT08069@gmail.com');
INSERT INTO PHUHUYNH VALUES ('PHNT08074', N'Ngô Hải Trung', 'Cha', N'59/16 ,Khóm 6 ,Thị trấn Long Hồ , Long Hồ,  Tỉnh Vĩnh Long', '372117716', 'PHNT08074@gmail.com');
INSERT INTO PHUHUYNH VALUES ('PHNT08053', N'Ngô Hoàng Vân', N'Mẹ', N'65/9 ,Tân Bình ,Tân Hạnh , Long Hồ,  Tỉnh Vĩnh Long', '372094211', 'PHNT08053@gmail.com');
INSERT INTO PHUHUYNH VALUES ('PHNT08062', N'Quang Nguyễn Huỳnh Như', N'Mẹ', N'54/13 ,Hòa Phú ,Hòa Ninh , Long Hồ,  Tỉnh Vĩnh Long', '369869989', 'PHNT08062@gmail.com');
INSERT INTO PHUHUYNH VALUES ('PHNT08067', N'Nguyễn Trung Trực', 'Cha', N'1/5 ,Hà Lợi ,Hòa Ninh , Long Hồ,  Tỉnh Vĩnh Long', '369300245', 'PHNT08067@gmail.com');
INSERT INTO PHUHUYNH VALUES ('PHNT08071', N'Lê Kim Yến', N'Mẹ', N'53/50 ,Bình Thuận 2 ,Hòa Ninh , Long Hồ,  Tỉnh Vĩnh Long', '368811155', 'PHNT08071@gmail.com');
INSERT INTO PHUHUYNH VALUES ('PHNT08078', N'Phạm Lê Điền Trực', 'Cha', N'106/26, Phước Tiến, Đông Thạnh, Thị xã Bình Minh,  Tỉnh Vĩnh Long', '368545910', 'PHNT08078@gmail.com');
INSERT INTO PHUHUYNH VALUES ('PHNT08058', N'Đặng Ngọc Quế Anh', N'Mẹ', N'152/18 ,Tân Hòa ,Tân Hạnh , Long Hồ,  Tỉnh Vĩnh Long', '367948320', 'PHNT08058@gmail.com');
INSERT INTO PHUHUYNH VALUES ('PHNT08061', N'Trần Ngọc Trâm', N'Mẹ', N'119/7 ,Tân Hòa ,Tân Hạnh , Long Hồ,  Tỉnh Vĩnh Long', '367885969', 'PHNT08061@gmail.com');
INSERT INTO PHUHUYNH VALUES ('PHNT08077', N'Trần Đức Tân', 'Cha', N'67/7, Phước Tiến, Đông Thạnh, Thị xã Bình Minh,  Tỉnh Vĩnh Long', '366997239', 'PHNT08077@gmail.com');
INSERT INTO PHUHUYNH VALUES ('PHNT08081', N'Trần Thị Tú Anh', N'Mẹ', N'53/15, Thuận Nghĩa, Thuận An, Thị xã Bình Minh,  Tỉnh Vĩnh Long', '366884649', 'PHNT08081@gmail.com');
INSERT INTO PHUHUYNH VALUES ('PHNT08085', N'Nguyễn Thị Kim Hồng', N'Mẹ', N'26/7, Bào Sen, Mỹ Hòa, Thị xã Bình Minh,  Tỉnh Vĩnh Long', '366726553', 'PHNT08085@gmail.com');
INSERT INTO PHUHUYNH VALUES ('PHNT08055', N'Đỗ Phi Long', 'Cha', N'158/29 ,Tân Nhơn ,Tân Hạnh , Long Hồ,  Tỉnh Vĩnh Long', '364816715', 'PHNT08055@gmail.com');
INSERT INTO PHUHUYNH VALUES ('PHNT08056', N'Phạm Minh Tần', 'Cha', N'153/14 ,Tân Nhơn ,Tân Hạnh , Long Hồ,  Tỉnh Vĩnh Long', '363968783', 'PHNT08056@gmail.com');
INSERT INTO PHUHUYNH VALUES ('PHNT08063', N'Phan Gia Khánh', N'Mẹ', N'43/5 ,Hòa Phú ,Hòa Ninh , Long Hồ,  Tỉnh Vĩnh Long', '363942242', 'PHNT08063@gmail.com');
INSERT INTO PHUHUYNH VALUES ('PHNT08075', N'Phạm Bảo Ngân', N'Mẹ', N'99/18, Thạnh Long, Đông Thạnh, Thị xã Bình Minh,  Tỉnh Vĩnh Long', '363213296', 'PHNT08075@gmail.com');
INSERT INTO PHUHUYNH VALUES ('PHNT08079', N'Trần Thanh Liêm', 'Cha', N'108/1, Phước Tiến, Đông Thạnh, Thị xã Bình Minh,  Tỉnh Vĩnh Long', '362937518', 'PHNT08079@gmail.com');
INSERT INTO PHUHUYNH VALUES ('PHNT08080', N'Cao Phước Liêm', 'Cha', N'116/2, Thuận Nghĩa, Thuận An, Thị xã Bình Minh,  Tỉnh Vĩnh Long', '303916025', 'PHNT08080@gmail.com');
INSERT INTO PHUHUYNH VALUES ('PHNT08051', N'Nguyễn Phước Thọ', 'Cha', N'116/22 ,Phước Long ,Lộc Hòa , Long Hồ,  Tỉnh Vĩnh Long', '303674750', 'PHNT08051@gmail.com');
INSERT INTO PHUHUYNH VALUES ('PHNT08068', N'Phan Tuấn Đạt', 'Cha', N'160/18 ,Bình Thuận 1 ,Hòa Ninh , Long Hồ,  Tỉnh Vĩnh Long', '303271004', 'PHNT08068@gmail.com');
INSERT INTO PHUHUYNH VALUES ('PHNT08070', N'Lê Thị Thu Kiều', N'Mẹ', N'84/37 ,Bình Thuận 2 ,Hòa Ninh , Long Hồ,  Tỉnh Vĩnh Long', '303174809', 'PHNT08070@gmail.com');
INSERT INTO PHUHUYNH VALUES ('PHNT08072', N'Nguyễn Ngọc Thảo Vân', N'Mẹ', N'145/44 ,Khóm 2 ,Thị trấn Long Hồ , Long Hồ,  Tỉnh Vĩnh Long', '306998956', 'PHNT08072@gmail.com');
INSERT INTO PHUHUYNH VALUES ('PHNT08083', N'Phạm Thị Kim Ngọc', N'Mẹ', N'18/13, Thuận Thới, Thuận An, Thị xã Bình Minh,  Tỉnh Vĩnh Long', '306803694', 'PHNT08083@gmail.com');
INSERT INTO PHUHUYNH VALUES ('PHNT08084', N'Phan Ngọc Huỳnh Như', N'Mẹ', N'146/20, Thuận Thới, Thuận An, Thị xã Bình Minh,  Tỉnh Vĩnh Long', '306626729', 'PHNT08084@gmail.com');
INSERT INTO PHUHUYNH VALUES ('PHNT08087', N'Kôi Văn Toàn', 'Cha', N'43/16,  Sóc Hoang, Mỹ Hòa, Thị xã Bình Minh,  Tỉnh Vĩnh Long', '306531125', 'PHNT08087@gmail.com');
INSERT INTO PHUHUYNH VALUES ('PHNT08054', N'Trần Nguyên Trúc Duyên', N'Mẹ', N'88/9 ,Tân Bình ,Tân Hạnh , Long Hồ,  Tỉnh Vĩnh Long', '306438557', 'PHNT08054@gmail.com');
INSERT INTO PHUHUYNH VALUES ('PHNT08057', N'Huỳnh Thanh Thư', N'Mẹ', N'164/35 ,Tân Nhơn ,Tân Hạnh , Long Hồ,  Tỉnh Vĩnh Long', '309709038', 'PHNT08057@gmail.com');
INSERT INTO PHUHUYNH VALUES ('PHNT08052', N'Thái Khả Hân', N'Mẹ', N'127/3 ,Tân Bình ,Tân Hạnh , Long Hồ,  Tỉnh Vĩnh Long', '304199649', 'PHNT08052@gmail.com');
INSERT INTO PHUHUYNH VALUES ('PHNT08059', N'Lê Thị Kiều Tiên', N'Mẹ', N'74/8 ,Tân Hòa ,Tân Hạnh , Long Hồ,  Tỉnh Vĩnh Long', '303566749', 'PHNT08059@gmail.com');
INSERT INTO PHUHUYNH VALUES ('PHNT08066', N'Nguyễn Lê Gia Hưng', 'Cha', N'78/50 ,Hà Lợi ,Hòa Ninh , Long Hồ,  Tỉnh Vĩnh Long', '303511370', 'PHNT08066@gmail.com');
INSERT INTO PHUHUYNH VALUES ('PHNT08076', N'Phạm Minh Hậu', 'Cha', N'146/26, Thạnh Long, Đông Thạnh, Thị xã Bình Minh,  Tỉnh Vĩnh Long', '985875097', 'PHNT08076@gmail.com');
INSERT INTO PHUHUYNH VALUES ('PHNT08082', N'Đỗ Thị Thúy An', N'Mẹ', N'65/12, Thuận Nghĩa, Thuận An, Thị xã Bình Minh,  Tỉnh Vĩnh Long', '985874317', 'PHNT08082@gmail.com');
INSERT INTO PHUHUYNH VALUES ('PHNT08073', N'Nguyễn Thành Nhơn', 'Cha', N'141/1 ,Khóm 2 ,Thị trấn Long Hồ , Long Hồ,  Tỉnh Vĩnh Long', '982121250', 'PHNT08073@gmail.com');
INSERT INTO PHUHUYNH VALUES ('PHNT08086', N'Nguyễn Anh Thư', N'Mẹ', N'60/19, Bào Sen, Mỹ Hòa, Thị xã Bình Minh,  Tỉnh Vĩnh Long', '968812381', 'PHNT08086@gmail.com');
INSERT INTO PHUHUYNH VALUES ('PHNT09043', N'Nguyễn Kim Nguyên', N'Mẹ', N'42/40 ,An Hiệp ,Lộc Hòa , Long Hồ,  Tỉnh Vĩnh Long', '964361377', 'PHNT09043@gmail.com');
INSERT INTO PHUHUYNH VALUES ('PHNT09022', N'Nguyễn Lê Bích Ngân', N'Mẹ', N'số 55, Phường 2, Thành phố Vĩnh Long,  Tỉnh Vĩnh Long', '963648425', 'PHNT09022@gmail.com');
INSERT INTO PHUHUYNH VALUES ('PHNT09029', N'Phan Trung Kiên', 'Cha', N'số 89, Phường 2, Thành phố Vĩnh Long,  Tỉnh Vĩnh Long', '963441182', 'PHNT09029@gmail.com');
INSERT INTO PHUHUYNH VALUES ('PHNT09039', N'Lê Thị Thùy Trang', N'Mẹ', N'số 16, Phường 8, Thành phố Vĩnh Long,  Tỉnh Vĩnh Long', '399666213', 'PHNT09039@gmail.com');
INSERT INTO PHUHUYNH VALUES ('PHNT09014', N'Nguyễn Quang Thái', 'Cha', N'số 64, Phường 9, Thành phố Vĩnh Long,  Tỉnh Vĩnh Long', '397978902', 'PHNT09014@gmail.com');
INSERT INTO PHUHUYNH VALUES ('PHNT09027', N'Lại Thị Diệu', N'Mẹ', N'số 33, Phường 2, Thành phố Vĩnh Long,  Tỉnh Vĩnh Long', '392903834', 'PHNT09027@gmail.com');
INSERT INTO PHUHUYNH VALUES ('PHNT09033', N'Nguyễn Lê Phương Thi', N'Mẹ', N'số 82, Phường 8, Thành phố Vĩnh Long,  Tỉnh Vĩnh Long', '392848753', 'PHNT09033@gmail.com');
INSERT INTO PHUHUYNH VALUES ('PHNT09040', N'Lê Thị Ngọc Trang', N'Mẹ', N'số 45, Phường 8, Thành phố Vĩnh Long,  Tỉnh Vĩnh Long', '389084241', 'PHNT09040@gmail.com');
INSERT INTO PHUHUYNH VALUES ('PHNT09046', N'Tăng Tuấn Kiệt', 'Cha', N'11/26 ,Long Bình ,Lộc Hòa , Long Hồ,  Tỉnh Vĩnh Long', '387442788', 'PHNT09046@gmail.com');
INSERT INTO PHUHUYNH VALUES ('PHNT09015', N'Nguyễn Thanh Tài', 'Cha', N'số 15, Phường 9, Thành phố Vĩnh Long,  Tỉnh Vĩnh Long', '386669610', 'PHNT09015@gmail.com');
INSERT INTO PHUHUYNH VALUES ('PHNT09023', N'Trần Ngọc Anh Thuy', N'Mẹ', N'số 38, Phường 2, Thành phố Vĩnh Long,  Tỉnh Vĩnh Long', '386258146', 'PHNT09023@gmail.com');
INSERT INTO PHUHUYNH VALUES ('PHNT09028', N'Phạm Thị Mai Thi', N'Mẹ', N'số 73, Phường 2, Thành phố Vĩnh Long,  Tỉnh Vĩnh Long', '385528372', 'PHNT09028@gmail.com');
INSERT INTO PHUHUYNH VALUES ('PHNT09034', N'Nguyễn Phạm Mai Thi', N'Mẹ', N'số 95, Phường 8, Thành phố Vĩnh Long,  Tỉnh Vĩnh Long', '384627797', 'PHNT09034@gmail.com');
INSERT INTO PHUHUYNH VALUES ('PHNT09036', N'Nguyễn Hồ Vĩnh Châu', 'Cha', N'số 22, Phường 8, Thành phố Vĩnh Long,  Tỉnh Vĩnh Long', '378532833', 'PHNT09036@gmail.com');
INSERT INTO PHUHUYNH VALUES ('PHNT09021', N'Nguyễn Cao Tiến Phúc', 'Cha', N'số 59, Phường 9, Thành phố Vĩnh Long,  Tỉnh Vĩnh Long', '378197337', 'PHNT09021@gmail.com');
INSERT INTO PHUHUYNH VALUES ('PHNT09024', N'Mai Kiều Mỹ', N'Mẹ', N'số 19, Phường 2, Thành phố Vĩnh Long,  Tỉnh Vĩnh Long', '377194459', 'PHNT09024@gmail.com');
INSERT INTO PHUHUYNH VALUES ('PHNT09025', N'Trịnh Thu Thảo', N'Mẹ', N'số 36, Phường 2, Thành phố Vĩnh Long,  Tỉnh Vĩnh Long', '377191949', 'PHNT09025@gmail.com');
INSERT INTO PHUHUYNH VALUES ('PHNT09031', N'Nguyễn Tuyết Nhi', N'Mẹ', N'số 60, Phường 2, Thành phố Vĩnh Long,  Tỉnh Vĩnh Long', '375829912', 'PHNT09031@gmail.com');
INSERT INTO PHUHUYNH VALUES ('PHNT09032', N'Nguyễn Kiều Phương', N'Mẹ', N'số 76, Phường 8, Thành phố Vĩnh Long,  Tỉnh Vĩnh Long', '375724759', 'PHNT09032@gmail.com');
INSERT INTO PHUHUYNH VALUES ('PHNT09030', N'Trần Minh Trí', 'Cha', N'số 11, Phường 2, Thành phố Vĩnh Long,  Tỉnh Vĩnh Long', '375080119', 'PHNT09030@gmail.com');
INSERT INTO PHUHUYNH VALUES ('PHNT09037', N'Nguyễn Phúc Khang', 'Cha', N'số 1, Phường 8, Thành phố Vĩnh Long,  Tỉnh Vĩnh Long', '374514928', 'PHNT09037@gmail.com');
INSERT INTO PHUHUYNH VALUES ('PHNT09041', N'Lê Thị Xuân Thơm', N'Mẹ', N'số 35, Phường 8, Thành phố Vĩnh Long,  Tỉnh Vĩnh Long', '374220219', 'PHNT09041@gmail.com');
INSERT INTO PHUHUYNH VALUES ('PHNT09017', N'Huỳnh Tuấn Thông', 'Cha', N'số 52, Phường 9, Thành phố Vĩnh Long,  Tỉnh Vĩnh Long', '369509561', 'PHNT09017@gmail.com');
INSERT INTO PHUHUYNH VALUES ('PHNT09047', N'Lê Lam Linh', N'Mẹ', N'28/20 ,Long Bình ,Lộc Hòa , Long Hồ,  Tỉnh Vĩnh Long', '368336173', 'PHNT09047@gmail.com');
INSERT INTO PHUHUYNH VALUES ('PHNT09048', N'Lê Quốc Thông', 'Cha', N'32/43 ,Phước Long ,Lộc Hòa , Long Hồ,  Tỉnh Vĩnh Long', '367745081', 'PHNT09048@gmail.com');
INSERT INTO PHUHUYNH VALUES ('PHNT09012', N'Nguyễn Thiên An', 'Cha', N'số 20, Phường 9, Thành phố Vĩnh Long,  Tỉnh Vĩnh Long', '367627159', 'PHNT09012@gmail.com');
INSERT INTO PHUHUYNH VALUES ('PHNT09013', N'Huỳnh Ngọc Vân Nhi', N'Mẹ', N'số 74, Phường 9, Thành phố Vĩnh Long,  Tỉnh Vĩnh Long', '367529943', 'PHNT09013@gmail.com');
INSERT INTO PHUHUYNH VALUES ('PHNT09045', N'Trần Thị Thanh Thảo', N'Mẹ', N'198/16 ,Long Bình ,Lộc Hòa , Long Hồ,  Tỉnh Vĩnh Long', '367177787', 'PHNT09045@gmail.com');
INSERT INTO PHUHUYNH VALUES ('PHNT09018', N'Nguyễn Minh Trường', 'Cha', N'số 13, Phường 9, Thành phố Vĩnh Long,  Tỉnh Vĩnh Long', '366595124', 'PHNT09018@gmail.com');
INSERT INTO PHUHUYNH VALUES ('PHNT09042', N'Lê Thị Lan Anh', N'Mẹ', N'120/3 ,An Hiệp ,Lộc Hòa , Long Hồ,  Tỉnh Vĩnh Long', '365454285', 'PHNT09042@gmail.com');
INSERT INTO PHUHUYNH VALUES ('PHNT09049', N'Phạm Phương Thảo', N'Mẹ', N'29/16 ,Phước Long ,Lộc Hòa , Long Hồ,  Tỉnh Vĩnh Long', '363886437', 'PHNT09049@gmail.com');
INSERT INTO PHUHUYNH VALUES ('PHNT09050', N'Trần Thanh Thảo', N'Mẹ', N'92/47 ,Phước Long ,Lộc Hòa , Long Hồ,  Tỉnh Vĩnh Long', '362533843', 'PHNT09050@gmail.com');
INSERT INTO PHUHUYNH VALUES ('PHNT09016', N'Liễu Phước Hưng', 'Cha', N'số 61, Phường 9, Thành phố Vĩnh Long,  Tỉnh Vĩnh Long', '362301621', 'PHNT09016@gmail.com');
INSERT INTO PHUHUYNH VALUES ('PHNT09019', N'Ngô Đặng Ngọc Hà', N'Mẹ', N'số 66, Phường 9, Thành phố Vĩnh Long,  Tỉnh Vĩnh Long', '359731665', 'PHNT09019@gmail.com');
INSERT INTO PHUHUYNH VALUES ('PHNT09020', N'Lê Minh Quang', 'Cha', N'số 48, Phường 9, Thành phố Vĩnh Long,  Tỉnh Vĩnh Long', '357742417', 'PHNT09020@gmail.com');
INSERT INTO PHUHUYNH VALUES ('PHNT09026', N'Lê Nguyễn Ái Nhân', 'Cha', N'số 3, Phường 2, Thành phố Vĩnh Long,  Tỉnh Vĩnh Long', '357606440', 'PHNT09026@gmail.com');
INSERT INTO PHUHUYNH VALUES ('PHNT09035', N'Ung Nhật Tiến', 'Cha', N'số 44, Phường 8, Thành phố Vĩnh Long,  Tỉnh Vĩnh Long', '356697624', 'PHNT09035@gmail.com');
INSERT INTO PHUHUYNH VALUES ('PHNT09038', N'Lê Thái Ngọc', N'Mẹ', N'số 96, Phường 8, Thành phố Vĩnh Long,  Tỉnh Vĩnh Long', '356286214', 'PHNT09038@gmail.com');
INSERT INTO PHUHUYNH VALUES ('PHNT09044', N'Lê Hồng Như', N'Mẹ', N'153/49 ,An Hiệp ,Lộc Hòa , Long Hồ,  Tỉnh Vĩnh Long', '356030092', 'PHNT09044@gmail.com');
INSERT INTO HOCSINH VALUES ('THPTNT07093', N'Nguyễn Tiến Khoa', '2007-10-07', '1', N'45/8, Tường Nhơn, Tường Lộc, Tam Bình,  Tỉnh Vĩnh Long', 'VL');
INSERT INTO HOCSINH VALUES ('THPTNT07095', N'Trương Thế Anh', '2007-08-14', '1', N'45/8, Phú Long, Tân Phú, Tam Bình,  Tỉnh Vĩnh Long', 'VL');
INSERT INTO HOCSINH VALUES ('THPTNT07101', N'Nguyễn Thị Sông Hương', '2007-08-10', '0', N'45/8, Danh Tấm, Hậu Lộc, Tam Bình,  Tỉnh Vĩnh Long', 'VL');
INSERT INTO HOCSINH VALUES ('THPTNT07107', N'Nguyễn Phan Tường Vy', '2007-01-15', '0', N'155/20, Tân Khánh,  Hiếu Phụng, Huyện Vũng Liêm,  Tỉnh Vĩnh Long', 'VL');
INSERT INTO HOCSINH VALUES ('THPTNT07116', N'Phạm Hoàng Ngân Gia Ngọc', '2007-11-18', '0', N'165/17, Thanh Khê,  Thanh Bình, Huyện Vũng Liêm,  Tỉnh Vĩnh Long', 'VL');
INSERT INTO HOCSINH VALUES ('THPTNT07099', N'Lê Thị Ngọc Diệp', '2007-06-04', '0', N'45/8, 6, Hậu Lộc, Tam Bình,  Tỉnh Vĩnh Long', 'VL');
INSERT INTO HOCSINH VALUES ('THPTNT07100', N'Nguyễn Quốc Phong', '2007-09-28', '1', N'45/8, 6, Hậu Lộc, Tam Bình,  Tỉnh Vĩnh Long', 'VL');
INSERT INTO HOCSINH VALUES ('THPTNT07096', N'Trần Nguyễn Hoàng Minh Anh', '2007-10-30', '1', N'45/8, Phú Long, Tân Phú, Tam Bình,  Tỉnh Vĩnh Long', 'VL');
INSERT INTO HOCSINH VALUES ('THPTNT07091', N'Nguyễn Phương Lan', '2007-03-11', '0', N'45/8, Mỹ Phú 1, Tường Lộc, Tam Bình,  Tỉnh Vĩnh Long', 'VL');
INSERT INTO HOCSINH VALUES ('THPTNT07092', N'Võ Thanh Tín', '2007-10-06', '1', N'45/8, Tường Nhơn, Tường Lộc, Tam Bình,  Tỉnh Vĩnh Long', 'VL');
INSERT INTO HOCSINH VALUES ('THPTNT07106', N'Đặng Nguyễn Khánh Ly', '2007-03-26', '0', N'89/13, Quang Thạnh,  Hiếu Phụng, Huyện Vũng Liêm,  Tỉnh Vĩnh Long', 'VL');
INSERT INTO HOCSINH VALUES ('THPTNT07113', N'Lê Bằng Phi', '2007-05-11', '1', N'23/30, Trung Trị,  Trung Hiệp, Huyện Vũng Liêm,  Tỉnh Vĩnh Long', 'VL');
INSERT INTO HOCSINH VALUES ('THPTNT07117', N'Trần Nguyễn Kim Ngân', '2007-07-04', '0', N'108/33, Thanh Khê,  Thanh Bình, Huyện Vũng Liêm,  Tỉnh Vĩnh Long', 'VL');
INSERT INTO HOCSINH VALUES ('THPTNT07108', N'Huỳnh Thị Thanh Hiền', '2007-12-05', '0', N'120/20, Tân Khánh,  Hiếu Phụng, Huyện Vũng Liêm,  Tỉnh Vĩnh Long', 'VL');
INSERT INTO HOCSINH VALUES ('THPTNT07109', N'Nguyễn Hoàng', '2007-06-09', '1', N'189/30, Bình Phụng,  Trung Hiệp, Huyện Vũng Liêm,  Tỉnh Vĩnh Long', 'VL');
INSERT INTO HOCSINH VALUES ('THPTNT07110', N'Nguyễn Gia Huy', '2007-11-07', '1', N'85/48, Bình Phụng,  Trung Hiệp, Huyện Vũng Liêm,  Tỉnh Vĩnh Long', 'VL');
INSERT INTO HOCSINH VALUES ('THPTNT07111', N'Trương Thị Huỳnh Như', '2007-10-10', '0', N'149/28, Bình Phụng,  Trung Hiệp, Huyện Vũng Liêm,  Tỉnh Vĩnh Long', 'VL');
INSERT INTO HOCSINH VALUES ('THPTNT07112', N'La Tuyết Ngân', '2007-10-18', '0', N'183/18, Trung Trị,  Trung Hiệp, Huyện Vũng Liêm,  Tỉnh Vĩnh Long', 'VL');
INSERT INTO HOCSINH VALUES ('THPTNT07115', N'Trần Dương Quế Anh', '2007-08-28', '0', N'80/26, Thanh Khê,  Thanh Bình, Huyện Vũng Liêm,  Tỉnh Vĩnh Long', 'VL');
INSERT INTO HOCSINH VALUES ('THPTNT07119', N'Trần Cẩm Tiên', '2007-09-24', '0', N'96/49, Thái An,  Thanh Bình, Huyện Vũng Liêm,  Tỉnh Vĩnh Long', 'VL');
INSERT INTO HOCSINH VALUES ('THPTNT07120', N'Danh Thị Ngọc Trinh', '2007-03-08', '0', N'30/43, Thái An,  Thanh Bình, Huyện Vũng Liêm,  Tỉnh Vĩnh Long', 'VL');
INSERT INTO HOCSINH VALUES ('THPTNT07089', N'Phùng Lâm Điền', '2007-11-04', '1', N'82/25,  Sóc Hoang, Mỹ Hòa, Thị xã Bình Minh,  Tỉnh Vĩnh Long', 'VL');
INSERT INTO HOCSINH VALUES ('THPTNT07090', N'Hà Mẫn Nghi', '2007-10-17', '0', N'45/8, Mỹ Phú 1, Tường Lộc, Tam Bình,  Tỉnh Vĩnh Long', 'VL');
INSERT INTO HOCSINH VALUES ('THPTNT07088', N'Trần Thị Ngọc Quí', '2007-08-11', '0', N'33/15,  Sóc Hoang, Mỹ Hòa, Thị xã Bình Minh,  Tỉnh Vĩnh Long', 'VL');
INSERT INTO HOCSINH VALUES ('THPTNT07094', N'Dương Hoàng Anh Tuấn', '2007-03-17', '1', N'45/8, Phú Long, Tân Phú, Tam Bình,  Tỉnh Vĩnh Long', 'VL');
INSERT INTO HOCSINH VALUES ('THPTNT07102', N'Trần Nguyễn Kim Khánh', '2007-09-18', '0', N'45/8, Danh Tấm, Hậu Lộc, Tam Bình,  Tỉnh Vĩnh Long', 'VL');
INSERT INTO HOCSINH VALUES ('THPTNT07103', N'Nguyễn Thị Ngọc Huyền', '2007-09-09', '0', N'45/8, Danh Tấm, Hậu Lộc, Tam Bình,  Tỉnh Vĩnh Long', 'VL');
INSERT INTO HOCSINH VALUES ('THPTNT07118', N'Võ Thanh An', '2007-04-08', '1', N'55/23, Thái An,  Thanh Bình, Huyện Vũng Liêm,  Tỉnh Vĩnh Long', 'VL');
INSERT INTO HOCSINH VALUES ('THPTNT07098', N'Nguyễn Quế Trân', '2007-12-20', '0', N'45/8,  Phú Thành, Tân Phú, Tam Bình,  Tỉnh Vĩnh Long', 'VL');
INSERT INTO HOCSINH VALUES ('THPTNT07097', N'Hồ Thị Bảo Ngọc', '2007-09-03', '0', N'45/8,  Phú Thành, Tân Phú, Tam Bình,  Tỉnh Vĩnh Long', 'VL');
INSERT INTO HOCSINH VALUES ('THPTNT07105', N'Trần Nguyễn Ngân Trâm', '2007-07-20', '0', N'69/31, Quang Thạnh,  Hiếu Phụng, Huyện Vũng Liêm,  Tỉnh Vĩnh Long', 'VL');
INSERT INTO HOCSINH VALUES ('THPTNT07104', N'Huỳnh Thị Minh Thư', '2007-07-10', '0', N'96/11, Quang Thạnh,  Hiếu Phụng, Huyện Vũng Liêm, Tỉnh Vĩnh Long', 'VL');
INSERT INTO HOCSINH VALUES ('THPTNT07114', N'Phùng Mỹ Hân', '2007-04-07', '0', N'116/34, Thanh Khê,  Thanh Bình, Huyện Vũng Liêm,  Tỉnh Vĩnh Long', 'CT');
INSERT INTO HOCSINH VALUES ('THPTNT08060', N'Phan Minh Phương', '2008-04-05', '1', N'115/4 ,Tân Hòa ,Tân Hạnh , Long Hồ,  Tỉnh Vĩnh Long', 'CT');
INSERT INTO HOCSINH VALUES ('THPTNT08064', N'Đào Ngọc Thảo Quyên', '2008-06-28', '0', N'18/28 ,Hòa Phú ,Hòa Ninh , Long Hồ,  Tỉnh Vĩnh Long', 'CT');
INSERT INTO HOCSINH VALUES ('THPTNT08065', N'Nguyễn Thị Như Ý', '2008-12-02', '0', N'98/29 ,Hà Lợi ,Hòa Ninh , Long Hồ,  Tỉnh Vĩnh Long', 'CT');
INSERT INTO HOCSINH VALUES ('THPTNT08069', N'Ngô Nguyễn Thanh Lâm', '2008-12-09', '1', N'21/37 ,Bình Thuận 1 ,Hòa Ninh , Long Hồ,  Tỉnh Vĩnh Long', 'CT');
INSERT INTO HOCSINH VALUES ('THPTNT08074', N'Nguyễn Vũ Trà My', '2008-03-10', '0', N'59/16 ,Khóm 6 ,Thị trấn Long Hồ , Long Hồ,  Tỉnh Vĩnh Long', 'CT');
INSERT INTO HOCSINH VALUES ('THPTNT08053', N'Nguyễn Lê Phương Quỳnh', '2008-03-05', '0', N'65/9 ,Tân Bình ,Tân Hạnh , Long Hồ,  Tỉnh Vĩnh Long', 'CT');
INSERT INTO HOCSINH VALUES ('THPTNT08062', N'La Mỹ Hương', '2008-11-09', '0', N'54/13 ,Hòa Phú ,Hòa Ninh , Long Hồ,  Tỉnh Vĩnh Long', 'CT');
INSERT INTO HOCSINH VALUES ('THPTNT08067', N'Nguyễn Thanh Huyền', '2008-09-04', '0', N'1/5 ,Hà Lợi ,Hòa Ninh , Long Hồ,  Tỉnh Vĩnh Long', 'CT');
INSERT INTO HOCSINH VALUES ('THPTNT08071', N'Nguyễn Đặng Cẩm Chi', '2008-12-11', '0', N'53/50 ,Bình Thuận 2 ,Hòa Ninh , Long Hồ,  Tỉnh Vĩnh Long', 'CT');
INSERT INTO HOCSINH VALUES ('THPTNT08078', N'Lê Đỗ Phương Uyên', '2008-02-16', '0', N'106/26, Phước Tiến, Đông Thạnh, Thị xã Bình Minh,  Tỉnh Vĩnh Long', 'CT');
INSERT INTO HOCSINH VALUES ('THPTNT08058', N'Lê Bùi Duy Khánh', '2008-01-11', '1', N'152/18 ,Tân Hòa ,Tân Hạnh , Long Hồ,  Tỉnh Vĩnh Long', 'CT');
INSERT INTO HOCSINH VALUES ('THPTNT08061', N'Phan Thành Tân', '2008-07-10', '1', N'119/7 ,Tân Hòa ,Tân Hạnh , Long Hồ,  Tỉnh Vĩnh Long', 'CT');
INSERT INTO HOCSINH VALUES ('THPTNT08077', N'Lương Ngọc Quỳnh Như', '2008-06-10', '0', N'67/7, Phước Tiến, Đông Thạnh, Thị xã Bình Minh,  Tỉnh Vĩnh Long', 'CT');
INSERT INTO HOCSINH VALUES ('THPTNT08081', N'Trần Hoàng Phúc', '2008-11-22', '1', N'53/15, Thuận Nghĩa, Thuận An, Thị xã Bình Minh,  Tỉnh Vĩnh Long', 'CT');
INSERT INTO HOCSINH VALUES ('THPTNT08085', N'Nguyễn Hoàng Minh', '2008-12-21', '1', N'26/7, Bào Sen, Mỹ Hòa, Thị xã Bình Minh,  Tỉnh Vĩnh Long', 'CT');
INSERT INTO HOCSINH VALUES ('THPTNT08055', N'Lê Nguyễn Phúc Khang', '2008-01-05', '1', N'158/29 ,Tân Nhơn ,Tân Hạnh , Long Hồ,  Tỉnh Vĩnh Long', 'CT');
INSERT INTO HOCSINH VALUES ('THPTNT08056', N'Nguyễn Thị Phi Yến', '2008-03-08', '0', N'153/14 ,Tân Nhơn ,Tân Hạnh , Long Hồ,  Tỉnh Vĩnh Long', 'CT');
INSERT INTO HOCSINH VALUES ('THPTNT08063', N'Phan Thị Ngọc Huệ', '2008-10-13', '0', N'43/5 ,Hòa Phú ,Hòa Ninh , Long Hồ,  Tỉnh Vĩnh Long', 'CT');
INSERT INTO HOCSINH VALUES ('THPTNT08075', N'Đào Thiên Phúc', '2008-07-19', '1', N'99/18, Thạnh Long, Đông Thạnh, Thị xã Bình Minh,  Tỉnh Vĩnh Long', 'CT');
INSERT INTO HOCSINH VALUES ('THPTNT08079', N'Phạm Ngọc Trâm', '2008-08-31', '0', N'108/1, Phước Tiến, Đông Thạnh, Thị xã Bình Minh,  Tỉnh Vĩnh Long', 'CT');
INSERT INTO HOCSINH VALUES ('THPTNT08080', N'Lê Xuân Nhã', '2008-08-27', '1', N'116/2, Thuận Nghĩa, Thuận An, Thị xã Bình Minh,  Tỉnh Vĩnh Long', 'CT');
INSERT INTO HOCSINH VALUES ('THPTNT08051', N'Nguyễn Minh Thư', '2008-08-06', '0', N'116/22 ,Phước Long ,Lộc Hòa , Long Hồ,  Tỉnh Vĩnh Long', 'CT');
INSERT INTO HOCSINH VALUES ('THPTNT08068', N'Trình Tú Trinh', '2008-06-04', '0', N'160/18 ,Bình Thuận 1 ,Hòa Ninh , Long Hồ,  Tỉnh Vĩnh Long', 'CT');
INSERT INTO HOCSINH VALUES ('THPTNT08070', N'Nguyễn Thị Mỹ Cẩm', '2008-07-29', '0', N'84/37 ,Bình Thuận 2 ,Hòa Ninh , Long Hồ,  Tỉnh Vĩnh Long', 'CT');
INSERT INTO HOCSINH VALUES ('THPTNT08072', N'Nguyễn Ngọc Minh Hân', '2008-05-04', '0', N'145/44 ,Khóm 2 ,Thị trấn Long Hồ , Long Hồ,  Tỉnh Vĩnh Long', 'CT');
INSERT INTO HOCSINH VALUES ('THPTNT08083', N'Phạm Thị Cẩm Tú', '2008-11-22', '0', N'18/13, Thuận Thới, Thuận An, Thị xã Bình Minh,  Tỉnh Vĩnh Long', 'CT');
INSERT INTO HOCSINH VALUES ('THPTNT08084', N'Nguyễn Thị Ngọc Loan', '2008-08-08', '0', N'146/20, Thuận Thới, Thuận An, Thị xã Bình Minh,  Tỉnh Vĩnh Long', 'CT');
INSERT INTO HOCSINH VALUES ('THPTNT08087', N'Nguyễn Trường Thành', '2008-08-29', '1', N'43/16,  Sóc Hoang, Mỹ Hòa, Thị xã Bình Minh,  Tỉnh Vĩnh Long', 'CT');
INSERT INTO HOCSINH VALUES ('THPTNT08054', N'Trần Thị Mỹ Huyền', '2008-02-11', '0', N'88/9 ,Tân Bình ,Tân Hạnh , Long Hồ,  Tỉnh Vĩnh Long', 'CT');
INSERT INTO HOCSINH VALUES ('THPTNT08057', N'Trần Gia Thuận', '2008-12-26', '1', N'164/35 ,Tân Nhơn ,Tân Hạnh , Long Hồ,  Tỉnh Vĩnh Long', 'CT');
INSERT INTO HOCSINH VALUES ('THPTNT08052', N'Hà Thị Thùy Dương', '2008-10-17', '0', N'127/3 ,Tân Bình ,Tân Hạnh , Long Hồ,  Tỉnh Vĩnh Long', 'CT');
INSERT INTO HOCSINH VALUES ('THPTNT08059', N'Dương Thành Lợi', '2008-04-23', '1', N'74/8 ,Tân Hòa ,Tân Hạnh , Long Hồ,  Tỉnh Vĩnh Long', 'CT');
INSERT INTO HOCSINH VALUES ('THPTNT08066', N'Trần Kim Ngân', '2008-10-21', '0', N'78/50 ,Hà Lợi ,Hòa Ninh , Long Hồ,  Tỉnh Vĩnh Long', 'CT');
INSERT INTO HOCSINH VALUES ('THPTNT08076', N'Phạm Nguyễn Vĩnh An', '2008-08-24', '1', N'146/26, Thạnh Long, Đông Thạnh, Thị xã Bình Minh,  Tỉnh Vĩnh Long', 'CT');
INSERT INTO HOCSINH VALUES ('THPTNT08082', N'Phạm Dương Ánh Huyền', '2008-03-08', '0', N'65/12, Thuận Nghĩa, Thuận An, Thị xã Bình Minh,  Tỉnh Vĩnh Long', 'CT');
INSERT INTO HOCSINH VALUES ('THPTNT08073', N'Trần Thị Thu Tiên', '2008-02-04', '0', N'141/1 ,Khóm 2 ,Thị trấn Long Hồ , Long Hồ,  Tỉnh Vĩnh Long', 'HCM');
INSERT INTO HOCSINH VALUES ('THPTNT08086', N'Nguyễn Nhứt Duy', '2008-03-28', '1', N'60/19, Bào Sen, Mỹ Hòa, Thị xã Bình Minh,  Tỉnh Vĩnh Long', 'HCM');
INSERT INTO HOCSINH VALUES ('THPTNT09043', N'Lê Thị Trúc Phương', '2009-06-04', '0', N'42/40 ,An Hiệp ,Lộc Hòa , Long Hồ,  Tỉnh Vĩnh Long', 'HCM');
INSERT INTO HOCSINH VALUES ('THPTNT09022', N'Trương Huỳnh Thúy Vi', '2009-01-31', '0', N'số 55, Phường 2, Thành phố Vĩnh Long,  Tỉnh Vĩnh Long', 'HCM');
INSERT INTO HOCSINH VALUES ('THPTNT09029', N'Nguyễn Thị Phương Đào', '2009-11-22', '0', N'số 89, Phường 2, Thành phố Vĩnh Long,  Tỉnh Vĩnh Long', 'HCM');
INSERT INTO HOCSINH VALUES ('THPTNT09039', N'Nguyễn Đoàn Gia Hân', '2009-12-30', '0', N'số 16, Phường 8, Thành phố Vĩnh Long,  Tỉnh Vĩnh Long', 'HCM');
INSERT INTO HOCSINH VALUES ('THPTNT09014', N'Hồ Khánh Linh', '2009-11-26', '0', N'số 64, Phường 9, Thành phố Vĩnh Long,  Tỉnh Vĩnh Long', 'HCM');
INSERT INTO HOCSINH VALUES ('THPTNT09027', N'Phạm Ngọc Khánh Phương', '2009-07-16', '1', N'số 33, Phường 2, Thành phố Vĩnh Long,  Tỉnh Vĩnh Long', 'HCM');
INSERT INTO HOCSINH VALUES ('THPTNT09033', N'Trần Thị Yến Nhi', '2009-07-10', '0', N'số 82, Phường 8, Thành phố Vĩnh Long,  Tỉnh Vĩnh Long', 'SD');
INSERT INTO HOCSINH VALUES ('THPTNT09040', N'Nguyễn Ngọc Khánh Linh', '2009-07-24', '0', N'số 45, Phường 8, Thành phố Vĩnh Long,  Tỉnh Vĩnh Long', 'SD');
INSERT INTO HOCSINH VALUES ('THPTNT09046', N'Hồ Lưu Bảo Ngọc', '2009-08-13', '0', N'11/26 ,Long Bình ,Lộc Hòa , Long Hồ,  Tỉnh Vĩnh Long', 'SD');
INSERT INTO HOCSINH VALUES ('THPTNT09015', N'Trần Chấn Duy', '2009-01-30', '1', N'số 15, Phường 9, Thành phố Vĩnh Long,  Tỉnh Vĩnh Long', 'SD');
INSERT INTO HOCSINH VALUES ('THPTNT09023', N'Trần Mạnh Cường', '2009-02-21', '1', N'số 38, Phường 2, Thành phố Vĩnh Long,  Tỉnh Vĩnh Long', 'SD');
INSERT INTO HOCSINH VALUES ('THPTNT09028', N'Nguyễn Hồ Thanh Tuyền', '2009-09-12', '0', N'số 73, Phường 2, Thành phố Vĩnh Long,  Tỉnh Vĩnh Long', 'SD');
INSERT INTO HOCSINH VALUES ('THPTNT09034', N'Trần Trung Hiếu', '2009-11-23', '1', N'số 95, Phường 8, Thành phố Vĩnh Long,  Tỉnh Vĩnh Long', 'SD');
INSERT INTO HOCSINH VALUES ('THPTNT09036', N'Trần Nguyễn Hoàng Chương', '2009-12-31', '1', N'số 22, Phường 8, Thành phố Vĩnh Long,  Tỉnh Vĩnh Long', 'SD');
INSERT INTO HOCSINH VALUES ('THPTNT09021', N'Huỳnh Võ Mỹ Duyên', '2009-08-03', '0', N'số 59, Phường 9, Thành phố Vĩnh Long,  Tỉnh Vĩnh Long', 'SD');
INSERT INTO HOCSINH VALUES ('THPTNT09024', N'Nguyễn Châu Hoàng Thái', '2009-01-20', '1', N'số 19, Phường 2, Thành phố Vĩnh Long,  Tỉnh Vĩnh Long', 'LA');
INSERT INTO HOCSINH VALUES ('THPTNT09025', N'Nguyễn Thị Trà My', '2009-08-14', '0', N'số 36, Phường 2, Thành phố Vĩnh Long,  Tỉnh Vĩnh Long', 'LA');
INSERT INTO HOCSINH VALUES ('THPTNT09031', N'Chế Thu Huyền', '2009-01-02', '0', N'số 60, Phường 2, Thành phố Vĩnh Long,  Tỉnh Vĩnh Long', 'LA');
INSERT INTO HOCSINH VALUES ('THPTNT09032', N'Lê Huỳnh Anh Thư', '2009-08-19', '0', N'số 76, Phường 8, Thành phố Vĩnh Long,  Tỉnh Vĩnh Long', 'LA');
INSERT INTO HOCSINH VALUES ('THPTNT09030', N'Nguyễn Lý Nhật Minh', '2009-11-07', '1', N'số 11, Phường 2, Thành phố Vĩnh Long,  Tỉnh Vĩnh Long', 'LA');
INSERT INTO HOCSINH VALUES ('THPTNT09037', N'Phan Khánh Tín', '2009-08-15', '1', N'số 1, Phường 8, Thành phố Vĩnh Long,  Tỉnh Vĩnh Long', 'LA');
INSERT INTO HOCSINH VALUES ('THPTNT09041', N'Nguyễn Thành Thái', '2009-12-15', '1', N'số 35, Phường 8, Thành phố Vĩnh Long,  Tỉnh Vĩnh Long', 'LA');
INSERT INTO HOCSINH VALUES ('THPTNT09017', N'Khương Hữu Hải  u', '2009-03-05', '1', N'số 52, Phường 9, Thành phố Vĩnh Long,  Tỉnh Vĩnh Long', 'LA');
INSERT INTO HOCSINH VALUES ('THPTNT09047', N'Nguyễn Võ Thanh Quang', '2009-11-17', '1', N'28/20 ,Long Bình ,Lộc Hòa , Long Hồ,  Tỉnh Vĩnh Long', 'LA');
INSERT INTO HOCSINH VALUES ('THPTNT09048', N'Phạm Tấn Tài', '2009-10-03', '1', N'32/43 ,Phước Long ,Lộc Hòa , Long Hồ,  Tỉnh Vĩnh Long', 'LA');
INSERT INTO HOCSINH VALUES ('THPTNT09012', N'Huỳnh Hữu Tài', '2009-01-25', '1', N'số 20, Phường 9, Thành phố Vĩnh Long,  Tỉnh Vĩnh Long', 'LA');
INSERT INTO HOCSINH VALUES ('THPTNT09013', N'Nguyễn Thanh Bình', '2009-02-02', '1', N'số 74, Phường 9, Thành phố Vĩnh Long,  Tỉnh Vĩnh Long', 'LA');
INSERT INTO HOCSINH VALUES ('THPTNT09045', N'Nguyễn Kim Ngọc', '2009-02-28', '0', N'198/16 ,Long Bình ,Lộc Hòa , Long Hồ,  Tỉnh Vĩnh Long', 'LA');
INSERT INTO HOCSINH VALUES ('THPTNT09018', N'Nguyễn Quốc Trung', '2009-07-02', '1', N'số 13, Phường 9, Thành phố Vĩnh Long,  Tỉnh Vĩnh Long', 'LA');
INSERT INTO HOCSINH VALUES ('THPTNT09042', N'Nguyễn Lê Anh Hào', '2009-01-27', '1', N'120/3 ,An Hiệp ,Lộc Hòa , Long Hồ,  Tỉnh Vĩnh Long', 'LA');
INSERT INTO HOCSINH VALUES ('THPTNT09049', N'Bùi Trọng Tín', '2009-03-04', '1', N'29/16 ,Phước Long ,Lộc Hòa , Long Hồ,  Tỉnh Vĩnh Long', 'LA');
INSERT INTO HOCSINH VALUES ('THPTNT09050', N'Trần Đặng Minh Thắng', '2009-12-17', '1', N'92/47 ,Phước Long ,Lộc Hòa , Long Hồ,  Tỉnh Vĩnh Long', 'LA');
INSERT INTO HOCSINH VALUES ('THPTNT09016', N'Lê Thị Hồng Như', '2009-07-31', '0', N'số 61, Phường 9, Thành phố Vĩnh Long,  Tỉnh Vĩnh Long', 'LA');
INSERT INTO HOCSINH VALUES ('THPTNT09019', N'Trần Thanh Tín', '2009-12-30', '1', N'số 66, Phường 9, Thành phố Vĩnh Long,  Tỉnh Vĩnh Long', 'LA');
INSERT INTO HOCSINH VALUES ('THPTNT09020', N'Đỗ Lê Minh', '2009-10-29', '1', N'số 48, Phường 9, Thành phố Vĩnh Long,  Tỉnh Vĩnh Long', 'LA');
INSERT INTO HOCSINH VALUES ('THPTNT09026', N'Lê Ngọc Khánh Huy', '2009-10-31', '1', N'số 3, Phường 2, Thành phố Vĩnh Long,  Tỉnh Vĩnh Long', 'LA');
INSERT INTO HOCSINH VALUES ('THPTNT09035', N'Lê Ngọc Cẩm Tiên', '2009-06-14', '0', N'số 44, Phường 8, Thành phố Vĩnh Long,  Tỉnh Vĩnh Long', 'LA');
INSERT INTO HOCSINH VALUES ('THPTNT09038', N'Trần Trọng Đại', '2009-06-24', '1', N'số 96, Phường 8, Thành phố Vĩnh Long,  Tỉnh Vĩnh Long', 'LA');
INSERT INTO HOCSINH VALUES ('THPTNT09044', N'Nguyễn Tấn Phú', '2009-12-14', '1', N'153/49 ,An Hiệp ,Lộc Hòa , Long Hồ,  Tỉnh Vĩnh Long', 'LA');
INSERT INTO PH_HS VALUES ('PHNT07093', 'THPTNT07093');
INSERT INTO PH_HS VALUES ('PHNT07095', 'THPTNT07095');
INSERT INTO PH_HS VALUES ('PHNT07101', 'THPTNT07101');
INSERT INTO PH_HS VALUES ('PHNT07107', 'THPTNT07107');
INSERT INTO PH_HS VALUES ('PHNT07116', 'THPTNT07116');
INSERT INTO PH_HS VALUES ('PHNT07099', 'THPTNT07099');
INSERT INTO PH_HS VALUES ('PHNT07100', 'THPTNT07100');
INSERT INTO PH_HS VALUES ('PHNT07096', 'THPTNT07096');
INSERT INTO PH_HS VALUES ('PHNT07091', 'THPTNT07091');
INSERT INTO PH_HS VALUES ('PHNT07092', 'THPTNT07092');
INSERT INTO PH_HS VALUES ('PHNT07106', 'THPTNT07106');
INSERT INTO PH_HS VALUES ('PHNT07113', 'THPTNT07113');
INSERT INTO PH_HS VALUES ('PHNT07117', 'THPTNT07117');
INSERT INTO PH_HS VALUES ('PHNT07108', 'THPTNT07108');
INSERT INTO PH_HS VALUES ('PHNT07109', 'THPTNT07109');
INSERT INTO PH_HS VALUES ('PHNT07110', 'THPTNT07110');
INSERT INTO PH_HS VALUES ('PHNT07111', 'THPTNT07111');
INSERT INTO PH_HS VALUES ('PHNT07112', 'THPTNT07112');
INSERT INTO PH_HS VALUES ('PHNT07115', 'THPTNT07115');
INSERT INTO PH_HS VALUES ('PHNT07119', 'THPTNT07119');
INSERT INTO PH_HS VALUES ('PHNT07120', 'THPTNT07120');
INSERT INTO PH_HS VALUES ('PHNT07089', 'THPTNT07089');
INSERT INTO PH_HS VALUES ('PHNT07090', 'THPTNT07090');
INSERT INTO PH_HS VALUES ('PHNT07088', 'THPTNT07088');
INSERT INTO PH_HS VALUES ('PHNT07094', 'THPTNT07094');
INSERT INTO PH_HS VALUES ('PHNT07102', 'THPTNT07102');
INSERT INTO PH_HS VALUES ('PHNT07103', 'THPTNT07103');
INSERT INTO PH_HS VALUES ('PHNT07118', 'THPTNT07118');
INSERT INTO PH_HS VALUES ('PHNT07098', 'THPTNT07098');
INSERT INTO PH_HS VALUES ('PHNT07097', 'THPTNT07097');
INSERT INTO PH_HS VALUES ('PHNT07105', 'THPTNT07105');
INSERT INTO PH_HS VALUES ('PHNT07104', 'THPTNT07104');
INSERT INTO PH_HS VALUES ('PHNT07114', 'THPTNT07114');
INSERT INTO PH_HS VALUES ('PHNT08060', 'THPTNT08060');
INSERT INTO PH_HS VALUES ('PHNT08064', 'THPTNT08064');
INSERT INTO PH_HS VALUES ('PHNT08065', 'THPTNT08065');
INSERT INTO PH_HS VALUES ('PHNT08069', 'THPTNT08069');
INSERT INTO PH_HS VALUES ('PHNT08074', 'THPTNT08074');
INSERT INTO PH_HS VALUES ('PHNT08053', 'THPTNT08053');
INSERT INTO PH_HS VALUES ('PHNT08062', 'THPTNT08062');
INSERT INTO PH_HS VALUES ('PHNT08067', 'THPTNT08067');
INSERT INTO PH_HS VALUES ('PHNT08071', 'THPTNT08071');
INSERT INTO PH_HS VALUES ('PHNT08078', 'THPTNT08078');
INSERT INTO PH_HS VALUES ('PHNT08058', 'THPTNT08058');
INSERT INTO PH_HS VALUES ('PHNT08061', 'THPTNT08061');
INSERT INTO PH_HS VALUES ('PHNT08077', 'THPTNT08077');
INSERT INTO PH_HS VALUES ('PHNT08081', 'THPTNT08081');
INSERT INTO PH_HS VALUES ('PHNT08085', 'THPTNT08085');
INSERT INTO PH_HS VALUES ('PHNT08055', 'THPTNT08055');
INSERT INTO PH_HS VALUES ('PHNT08056', 'THPTNT08056');
INSERT INTO PH_HS VALUES ('PHNT08063', 'THPTNT08063');
INSERT INTO PH_HS VALUES ('PHNT08075', 'THPTNT08075');
INSERT INTO PH_HS VALUES ('PHNT08079', 'THPTNT08079');
INSERT INTO PH_HS VALUES ('PHNT08080', 'THPTNT08080');
INSERT INTO PH_HS VALUES ('PHNT08051', 'THPTNT08051');
INSERT INTO PH_HS VALUES ('PHNT08068', 'THPTNT08068');
INSERT INTO PH_HS VALUES ('PHNT08070', 'THPTNT08070');
INSERT INTO PH_HS VALUES ('PHNT08072', 'THPTNT08072');
INSERT INTO PH_HS VALUES ('PHNT08083', 'THPTNT08083');
INSERT INTO PH_HS VALUES ('PHNT08084', 'THPTNT08084');
INSERT INTO PH_HS VALUES ('PHNT08087', 'THPTNT08087');
INSERT INTO PH_HS VALUES ('PHNT08054', 'THPTNT08054');
INSERT INTO PH_HS VALUES ('PHNT08057', 'THPTNT08057');
INSERT INTO PH_HS VALUES ('PHNT08052', 'THPTNT08052');
INSERT INTO PH_HS VALUES ('PHNT08059', 'THPTNT08059');
INSERT INTO PH_HS VALUES ('PHNT08066', 'THPTNT08066');
INSERT INTO PH_HS VALUES ('PHNT08076', 'THPTNT08076');
INSERT INTO PH_HS VALUES ('PHNT08082', 'THPTNT08082');
INSERT INTO PH_HS VALUES ('PHNT08073', 'THPTNT08073');
INSERT INTO PH_HS VALUES ('PHNT08086', 'THPTNT08086');
INSERT INTO PH_HS VALUES ('PHNT09043', 'THPTNT09043');
INSERT INTO PH_HS VALUES ('PHNT09022', 'THPTNT09022');
INSERT INTO PH_HS VALUES ('PHNT09029', 'THPTNT09029');
INSERT INTO PH_HS VALUES ('PHNT09039', 'THPTNT09039');
INSERT INTO PH_HS VALUES ('PHNT09014', 'THPTNT09014');
INSERT INTO PH_HS VALUES ('PHNT09027', 'THPTNT09027');
INSERT INTO PH_HS VALUES ('PHNT09033', 'THPTNT09033');
INSERT INTO PH_HS VALUES ('PHNT09040', 'THPTNT09040');
INSERT INTO PH_HS VALUES ('PHNT09046', 'THPTNT09046');
INSERT INTO PH_HS VALUES ('PHNT09015', 'THPTNT09015');
INSERT INTO PH_HS VALUES ('PHNT09023', 'THPTNT09023');
INSERT INTO PH_HS VALUES ('PHNT09028', 'THPTNT09028');
INSERT INTO PH_HS VALUES ('PHNT09034', 'THPTNT09034');
INSERT INTO PH_HS VALUES ('PHNT09036', 'THPTNT09036');
INSERT INTO PH_HS VALUES ('PHNT09021', 'THPTNT09021');
INSERT INTO PH_HS VALUES ('PHNT09024', 'THPTNT09024');
INSERT INTO PH_HS VALUES ('PHNT09025', 'THPTNT09025');
INSERT INTO PH_HS VALUES ('PHNT09031', 'THPTNT09031');
INSERT INTO PH_HS VALUES ('PHNT09032', 'THPTNT09032');
INSERT INTO PH_HS VALUES ('PHNT09030', 'THPTNT09030');
INSERT INTO PH_HS VALUES ('PHNT09037', 'THPTNT09037');
INSERT INTO PH_HS VALUES ('PHNT09041', 'THPTNT09041');
INSERT INTO PH_HS VALUES ('PHNT09017', 'THPTNT09017');
INSERT INTO PH_HS VALUES ('PHNT09047', 'THPTNT09047');
INSERT INTO PH_HS VALUES ('PHNT09048', 'THPTNT09048');
INSERT INTO PH_HS VALUES ('PHNT09012', 'THPTNT09012');
INSERT INTO PH_HS VALUES ('PHNT09013', 'THPTNT09013');
INSERT INTO PH_HS VALUES ('PHNT09045', 'THPTNT09045');
INSERT INTO PH_HS VALUES ('PHNT09018', 'THPTNT09018');
INSERT INTO PH_HS VALUES ('PHNT09042', 'THPTNT09042');
INSERT INTO PH_HS VALUES ('PHNT09049', 'THPTNT09049');
INSERT INTO PH_HS VALUES ('PHNT09050', 'THPTNT09050');
INSERT INTO PH_HS VALUES ('PHNT09016', 'THPTNT09016');
INSERT INTO PH_HS VALUES ('PHNT09019', 'THPTNT09019');
INSERT INTO PH_HS VALUES ('PHNT09020', 'THPTNT09020');
INSERT INTO PH_HS VALUES ('PHNT09026', 'THPTNT09026');
INSERT INTO PH_HS VALUES ('PHNT09035', 'THPTNT09035');
INSERT INTO PH_HS VALUES ('PHNT09038', 'THPTNT09038');
INSERT INTO PH_HS VALUES ('PHNT09044', 'THPTNT09044');
INSERT INTO HOCSINH_LOP VALUES ('THPTNT07093', 'NT1207A1', '2324HK1');
INSERT INTO HOCSINH_LOP VALUES ('THPTNT07095', 'NT1207A1', '2324HK1');
INSERT INTO HOCSINH_LOP VALUES ('THPTNT07101', 'NT1207A1', '2324HK1');
INSERT INTO HOCSINH_LOP VALUES ('THPTNT07107', 'NT1207A1', '2324HK1');
INSERT INTO HOCSINH_LOP VALUES ('THPTNT07116', 'NT1207A1', '2324HK1');
INSERT INTO HOCSINH_LOP VALUES ('THPTNT07099', 'NT1207A10', '2324HK1');
INSERT INTO HOCSINH_LOP VALUES ('THPTNT07100', 'NT1207A10', '2324HK1');
INSERT INTO HOCSINH_LOP VALUES ('THPTNT07096', 'NT1207A11', '2324HK1');
INSERT INTO HOCSINH_LOP VALUES ('THPTNT07091', 'NT1207A12', '2324HK1');
INSERT INTO HOCSINH_LOP VALUES ('THPTNT07092', 'NT1207A12', '2324HK1');
INSERT INTO HOCSINH_LOP VALUES ('THPTNT07106', 'NT1207A12', '2324HK1');
INSERT INTO HOCSINH_LOP VALUES ('THPTNT07113', 'NT1207A12', '2324HK1');
INSERT INTO HOCSINH_LOP VALUES ('THPTNT07117', 'NT1207A12', '2324HK1');
INSERT INTO HOCSINH_LOP VALUES ('THPTNT07108', 'NT1207A13', '2324HK1');
INSERT INTO HOCSINH_LOP VALUES ('THPTNT07109', 'NT1207A13', '2324HK1');
INSERT INTO HOCSINH_LOP VALUES ('THPTNT07110', 'NT1207A13', '2324HK1');
INSERT INTO HOCSINH_LOP VALUES ('THPTNT07111', 'NT1207A13', '2324HK1');
INSERT INTO HOCSINH_LOP VALUES ('THPTNT07112', 'NT1207A2', '2324HK1');
INSERT INTO HOCSINH_LOP VALUES ('THPTNT07115', 'NT1207A2', '2324HK1');
INSERT INTO HOCSINH_LOP VALUES ('THPTNT07119', 'NT1207A2', '2324HK1');
INSERT INTO HOCSINH_LOP VALUES ('THPTNT07120', 'NT1207A2', '2324HK1');
INSERT INTO HOCSINH_LOP VALUES ('THPTNT07089', 'NT1207A3', '2324HK1');
INSERT INTO HOCSINH_LOP VALUES ('THPTNT07090', 'NT1207A3', '2324HK1');
INSERT INTO HOCSINH_LOP VALUES ('THPTNT07088', 'NT1207A4', '2324HK1');
INSERT INTO HOCSINH_LOP VALUES ('THPTNT07094', 'NT1207A4', '2324HK1');
INSERT INTO HOCSINH_LOP VALUES ('THPTNT07102', 'NT1207A4', '2324HK1');
INSERT INTO HOCSINH_LOP VALUES ('THPTNT07103', 'NT1207A4', '2324HK1');
INSERT INTO HOCSINH_LOP VALUES ('THPTNT07118', 'NT1207A4', '2324HK1');
INSERT INTO HOCSINH_LOP VALUES ('THPTNT07098', 'NT1207A5', '2324HK1');
INSERT INTO HOCSINH_LOP VALUES ('THPTNT07097', 'NT1207A6', '2324HK1');
INSERT INTO HOCSINH_LOP VALUES ('THPTNT07105', 'NT1207A7', '2324HK1');
INSERT INTO HOCSINH_LOP VALUES ('THPTNT07104', 'NT1207A8', '2324HK1');
INSERT INTO HOCSINH_LOP VALUES ('THPTNT07114', 'NT1207A8', '2324HK1');
INSERT INTO HOCSINH_LOP VALUES ('THPTNT08060', 'NT1108A1', '2324HK1');
INSERT INTO HOCSINH_LOP VALUES ('THPTNT08064', 'NT1108A1', '2324HK1');
INSERT INTO HOCSINH_LOP VALUES ('THPTNT08065', 'NT1108A1', '2324HK1');
INSERT INTO HOCSINH_LOP VALUES ('THPTNT08069', 'NT1108A1', '2324HK1');
INSERT INTO HOCSINH_LOP VALUES ('THPTNT08074', 'NT1108A1', '2324HK1');
INSERT INTO HOCSINH_LOP VALUES ('THPTNT08053', 'NT1108A12', '2324HK1');
INSERT INTO HOCSINH_LOP VALUES ('THPTNT08062', 'NT1108A12', '2324HK1');
INSERT INTO HOCSINH_LOP VALUES ('THPTNT08067', 'NT1108A12', '2324HK1');
INSERT INTO HOCSINH_LOP VALUES ('THPTNT08071', 'NT1108A12', '2324HK1');
INSERT INTO HOCSINH_LOP VALUES ('THPTNT08078', 'NT1108A12', '2324HK1');
INSERT INTO HOCSINH_LOP VALUES ('THPTNT08058', 'NT1108A13', '2324HK1');
INSERT INTO HOCSINH_LOP VALUES ('THPTNT08061', 'NT1108A13', '2324HK1');
INSERT INTO HOCSINH_LOP VALUES ('THPTNT08077', 'NT1108A13', '2324HK1');
INSERT INTO HOCSINH_LOP VALUES ('THPTNT08081', 'NT1108A13', '2324HK1');
INSERT INTO HOCSINH_LOP VALUES ('THPTNT08085', 'NT1108A13', '2324HK1');
INSERT INTO HOCSINH_LOP VALUES ('THPTNT08055', 'NT1108A2', '2324HK1');
INSERT INTO HOCSINH_LOP VALUES ('THPTNT08056', 'NT1108A3', '2324HK1');
INSERT INTO HOCSINH_LOP VALUES ('THPTNT08063', 'NT1108A3', '2324HK1');
INSERT INTO HOCSINH_LOP VALUES ('THPTNT08075', 'NT1108A3', '2324HK1');
INSERT INTO HOCSINH_LOP VALUES ('THPTNT08079', 'NT1108A3', '2324HK1');
INSERT INTO HOCSINH_LOP VALUES ('THPTNT08080', 'NT1108A3', '2324HK1');
INSERT INTO HOCSINH_LOP VALUES ('THPTNT08051', 'NT1108A4', '2324HK1');
INSERT INTO HOCSINH_LOP VALUES ('THPTNT08068', 'NT1108A4', '2324HK1');
INSERT INTO HOCSINH_LOP VALUES ('THPTNT08070', 'NT1108A4', '2324HK1');
INSERT INTO HOCSINH_LOP VALUES ('THPTNT08072', 'NT1108A4', '2324HK1');
INSERT INTO HOCSINH_LOP VALUES ('THPTNT08083', 'NT1108A4', '2324HK1');
INSERT INTO HOCSINH_LOP VALUES ('THPTNT08084', 'NT1108A4', '2324HK1');
INSERT INTO HOCSINH_LOP VALUES ('THPTNT08087', 'NT1108A4', '2324HK1');
INSERT INTO HOCSINH_LOP VALUES ('THPTNT08054', 'NT1108A5', '2324HK1');
INSERT INTO HOCSINH_LOP VALUES ('THPTNT08057', 'NT1108A6', '2324HK1');
INSERT INTO HOCSINH_LOP VALUES ('THPTNT08052', 'NT1108A7', '2324HK1');
INSERT INTO HOCSINH_LOP VALUES ('THPTNT08059', 'NT1108A7', '2324HK1');
INSERT INTO HOCSINH_LOP VALUES ('THPTNT08066', 'NT1108A7', '2324HK1');
INSERT INTO HOCSINH_LOP VALUES ('THPTNT08076', 'NT1108A7', '2324HK1');
INSERT INTO HOCSINH_LOP VALUES ('THPTNT08082', 'NT1108A8', '2324HK1');
INSERT INTO HOCSINH_LOP VALUES ('THPTNT08073', 'NT1108A9', '2324HK1');
INSERT INTO HOCSINH_LOP VALUES ('THPTNT08086', 'NT1108A9', '2324HK1');
INSERT INTO HOCSINH_LOP VALUES ('THPTNT09043', 'NT1009A1', '2324HK1');
INSERT INTO HOCSINH_LOP VALUES ('THPTNT09022', 'NT1009A11', '2324HK1');
INSERT INTO HOCSINH_LOP VALUES ('THPTNT09029', 'NT1009A11', '2324HK1');
INSERT INTO HOCSINH_LOP VALUES ('THPTNT09039', 'NT1009A11', '2324HK1');
INSERT INTO HOCSINH_LOP VALUES ('THPTNT09014', 'NT1009A12', '2324HK1');
INSERT INTO HOCSINH_LOP VALUES ('THPTNT09027', 'NT1009A12', '2324HK1');
INSERT INTO HOCSINH_LOP VALUES ('THPTNT09033', 'NT1009A12', '2324HK1');
INSERT INTO HOCSINH_LOP VALUES ('THPTNT09040', 'NT1009A12', '2324HK1');
INSERT INTO HOCSINH_LOP VALUES ('THPTNT09046', 'NT1009A12', '2324HK1');
INSERT INTO HOCSINH_LOP VALUES ('THPTNT09015', 'NT1009A13', '2324HK1');
INSERT INTO HOCSINH_LOP VALUES ('THPTNT09023', 'NT1009A13', '2324HK1');
INSERT INTO HOCSINH_LOP VALUES ('THPTNT09028', 'NT1009A13', '2324HK1');
INSERT INTO HOCSINH_LOP VALUES ('THPTNT09034', 'NT1009A13', '2324HK1');
INSERT INTO HOCSINH_LOP VALUES ('THPTNT09036', 'NT1009A13', '2324HK1');
INSERT INTO HOCSINH_LOP VALUES ('THPTNT09021', 'NT1009A2', '2324HK1');
INSERT INTO HOCSINH_LOP VALUES ('THPTNT09024', 'NT1009A2', '2324HK1');
INSERT INTO HOCSINH_LOP VALUES ('THPTNT09025', 'NT1009A2', '2324HK1');
INSERT INTO HOCSINH_LOP VALUES ('THPTNT09031', 'NT1009A2', '2324HK1');
INSERT INTO HOCSINH_LOP VALUES ('THPTNT09032', 'NT1009A2', '2324HK1');
INSERT INTO HOCSINH_LOP VALUES ('THPTNT09030', 'NT1009A3', '2324HK1');
INSERT INTO HOCSINH_LOP VALUES ('THPTNT09037', 'NT1009A3', '2324HK1');
INSERT INTO HOCSINH_LOP VALUES ('THPTNT09041', 'NT1009A3', '2324HK1');
INSERT INTO HOCSINH_LOP VALUES ('THPTNT09017', 'NT1009A1', '2324HK1');
INSERT INTO HOCSINH_LOP VALUES ('THPTNT09047', 'NT1009A1', '2324HK1');
INSERT INTO HOCSINH_LOP VALUES ('THPTNT09048', 'NT1009A1', '2324HK1');
INSERT INTO HOCSINH_LOP VALUES ('THPTNT09012', 'NT1009A11', '2324HK1');
INSERT INTO HOCSINH_LOP VALUES ('THPTNT09013', 'NT1009A11', '2324HK1');
INSERT INTO HOCSINH_LOP VALUES ('THPTNT09045', 'NT1009A11', '2324HK1');
INSERT INTO HOCSINH_LOP VALUES ('THPTNT09018', 'NT1009A2', '2324HK1');
INSERT INTO HOCSINH_LOP VALUES ('THPTNT09042', 'NT1009A2', '2324HK1');
INSERT INTO HOCSINH_LOP VALUES ('THPTNT09049', 'NT1009A2', '2324HK1');
INSERT INTO HOCSINH_LOP VALUES ('THPTNT09050', 'NT1009A2', '2324HK1');
INSERT INTO HOCSINH_LOP VALUES ('THPTNT09016', 'NT1009A3', '2324HK1');
INSERT INTO HOCSINH_LOP VALUES ('THPTNT09019', 'NT1009A3', '2324HK1');
INSERT INTO HOCSINH_LOP VALUES ('THPTNT09020', 'NT1009A3', '2324HK1');
INSERT INTO HOCSINH_LOP VALUES ('THPTNT09026', 'NT1009A3', '2324HK1');
INSERT INTO HOCSINH_LOP VALUES ('THPTNT09035', 'NT1009A3', '2324HK1');
INSERT INTO HOCSINH_LOP VALUES ('THPTNT09038', 'NT1009A3', '2324HK1');
INSERT INTO HOCSINH_LOP VALUES ('THPTNT09044', 'NT1009A3', '2324HK1');
INSERT INTO DIEMMH VALUES ('THPTNT07093', 'TOAN', '2324HK1', '5.5', '6.5', '6.0');
INSERT INTO DIEMMH VALUES ('THPTNT07093', 'NGUVAN', '2324HK1', '8.5', '9.0', '8.75');
INSERT INTO DIEMMH VALUES ('THPTNT07093', 'TIENGANH', '2324HK1', '6.5', '7.0', '6.75');
INSERT INTO DIEMMH VALUES ('THPTNT07093', 'LICHSU', '2324HK1', '10.0', '8.0', '9.0');
INSERT INTO DIEMMH VALUES ('THPTNT07093', 'DIALY', '2324HK1', '7.5', '8.0', '7.75');
INSERT INTO DIEMMH VALUES ('THPTNT07093', 'SINHHOC', '2324HK1', '7.3', '8.0', '7.65');
INSERT INTO DIEMMH VALUES ('THPTNT07093', 'HOAHOC', '2324HK1', '5.2', '6.5', '5.85');
INSERT INTO DIEMMH VALUES ('THPTNT07093', 'VATLY', '2324HK1', '8.2', '7.2', '7.699999999999999');
INSERT INTO DIEMMH VALUES ('THPTNT07095', 'TOAN', '2324HK1', '8.4', '6.1', '7.25');
INSERT INTO DIEMMH VALUES ('THPTNT07095', 'NGUVAN', '2324HK1', '4.3', '7.4', '5.85');
INSERT INTO DIEMMH VALUES ('THPTNT07095', 'TIENGANH', '2324HK1', '7.8', '6.4', '7.1');
INSERT INTO DIEMMH VALUES ('THPTNT07095', 'LICHSU', '2324HK1', '3.5', '9.1', '6.3');
INSERT INTO DIEMMH VALUES ('THPTNT07095', 'DIALY', '2324HK1', '3.2', '4.8', '4.0');
INSERT INTO DIEMMH VALUES ('THPTNT07095', 'SINHHOC', '2324HK1', '8.2', '3.7', '5.949999999999999');
INSERT INTO DIEMMH VALUES ('THPTNT07095', 'HOAHOC', '2324HK1', '7.0', '4.3', '5.65');
INSERT INTO DIEMMH VALUES ('THPTNT07095', 'VATLY', '2324HK1', '7.1', '7.7', '7.4');
INSERT INTO DIEMMH VALUES ('THPTNT07101', 'TOAN', '2324HK1', '4.8', '8.9', '6.85');
INSERT INTO DIEMMH VALUES ('THPTNT07101', 'NGUVAN', '2324HK1', '5.7', '5.4', '5.550000000000001');
INSERT INTO DIEMMH VALUES ('THPTNT07101', 'TIENGANH', '2324HK1', '3.5', '3.9', '3.7');
INSERT INTO DIEMMH VALUES ('THPTNT07101', 'LICHSU', '2324HK1', '6.5', '5.6', '6.05');
INSERT INTO DIEMMH VALUES ('THPTNT07101', 'DIALY', '2324HK1', '7.5', '5.9', '6.7');
INSERT INTO DIEMMH VALUES ('THPTNT07101', 'SINHHOC', '2324HK1', '6.8', '8.7', '7.75');
INSERT INTO DIEMMH VALUES ('THPTNT07101', 'HOAHOC', '2324HK1', '4.5', '6.8', '5.65');
INSERT INTO DIEMMH VALUES ('THPTNT07101', 'VATLY', '2324HK1', '7.7', '5.2', '6.45');
INSERT INTO DIEMMH VALUES ('THPTNT07107', 'TOAN', '2324HK1', '5.1', '4.4', '4.75');
INSERT INTO DIEMMH VALUES ('THPTNT07107', 'NGUVAN', '2324HK1', '8.6', '6.8', '7.699999999999999');
INSERT INTO DIEMMH VALUES ('THPTNT07107', 'TIENGANH', '2324HK1', '4.3', '6.7', '5.5');
INSERT INTO DIEMMH VALUES ('THPTNT07107', 'LICHSU', '2324HK1', '5.5', '3.8', '4.65');
INSERT INTO DIEMMH VALUES ('THPTNT07107', 'DIALY', '2324HK1', '7.6', '5.0', '6.3');
INSERT INTO DIEMMH VALUES ('THPTNT07107', 'SINHHOC', '2324HK1', '8.8', '7.2', '8.0');
INSERT INTO DIEMMH VALUES ('THPTNT07107', 'HOAHOC', '2324HK1', '4.0', '9.3', '6.65');
INSERT INTO DIEMMH VALUES ('THPTNT07107', 'VATLY', '2324HK1', '6.0', '7.0', '6.5');
INSERT INTO DIEMMH VALUES ('THPTNT07116', 'TOAN', '2324HK1', '5.3', '4.8', '5.05');
INSERT INTO DIEMMH VALUES ('THPTNT07116', 'NGUVAN', '2324HK1', '8.0', '3.1', '5.55');
INSERT INTO DIEMMH VALUES ('THPTNT07116', 'TIENGANH', '2324HK1', '3.6', '6.6', '5.1');
INSERT INTO DIEMMH VALUES ('THPTNT07116', 'LICHSU', '2324HK1', '8.5', '5.0', '6.75');
INSERT INTO DIEMMH VALUES ('THPTNT07116', 'DIALY', '2324HK1', '3.3', '8.6', '5.949999999999999');
INSERT INTO DIEMMH VALUES ('THPTNT07116', 'SINHHOC', '2324HK1', '4.7', '7.2', '5.95');
INSERT INTO DIEMMH VALUES ('THPTNT07116', 'HOAHOC', '2324HK1', '6.3', '3.2', '4.75');
INSERT INTO DIEMMH VALUES ('THPTNT07116', 'VATLY', '2324HK1', '5.9', '4.8', '5.35');
INSERT INTO DIEMMH VALUES ('THPTNT07099', 'TOAN', '2324HK1', '8.4', '9.3', '8.850000000000001');
INSERT INTO DIEMMH VALUES ('THPTNT07099', 'NGUVAN', '2324HK1', '9.4', '5.7', '7.550000000000001');
INSERT INTO DIEMMH VALUES ('THPTNT07099', 'TIENGANH', '2324HK1', '8.2', '7.1', '7.6499999999999995');
INSERT INTO DIEMMH VALUES ('THPTNT07099', 'LICHSU', '2324HK1', '6.1', '3.3', '4.699999999999999');
INSERT INTO DIEMMH VALUES ('THPTNT07099', 'DIALY', '2324HK1', '7.7', '9.9', '8.8');
INSERT INTO DIEMMH VALUES ('THPTNT07099', 'SINHHOC', '2324HK1', '5.0', '4.9', '4.95');
INSERT INTO DIEMMH VALUES ('THPTNT07099', 'HOAHOC', '2324HK1', '4.9', '3.1', '4.0');
INSERT INTO DIEMMH VALUES ('THPTNT07099', 'VATLY', '2324HK1', '6.1', '6.9', '6.5');
INSERT INTO DIEMMH VALUES ('THPTNT07100', 'TOAN', '2324HK1', '6.3', '6.0', '6.15');
INSERT INTO DIEMMH VALUES ('THPTNT07100', 'NGUVAN', '2324HK1', '8.3', '9.3', '8.8');
INSERT INTO DIEMMH VALUES ('THPTNT07100', 'TIENGANH', '2324HK1', '6.3', '6.8', '6.55');
INSERT INTO DIEMMH VALUES ('THPTNT07100', 'LICHSU', '2324HK1', '6.0', '6.6', '6.3');
INSERT INTO DIEMMH VALUES ('THPTNT07100', 'DIALY', '2324HK1', '8.8', '4.7', '6.75');
INSERT INTO DIEMMH VALUES ('THPTNT07100', 'SINHHOC', '2324HK1', '5.6', '7.0', '6.3');
INSERT INTO DIEMMH VALUES ('THPTNT07100', 'HOAHOC', '2324HK1', '8.8', '7.3', '8.05');
INSERT INTO DIEMMH VALUES ('THPTNT07100', 'VATLY', '2324HK1', '5.1', '8.6', '6.85');
INSERT INTO DIEMMH VALUES ('THPTNT07096', 'TOAN', '2324HK1', '9.4', '3.8', '6.6');
INSERT INTO DIEMMH VALUES ('THPTNT07096', 'NGUVAN', '2324HK1', '5.1', '3.6', '4.35');
INSERT INTO DIEMMH VALUES ('THPTNT07096', 'TIENGANH', '2324HK1', '8.9', '6.8', '7.85');
INSERT INTO DIEMMH VALUES ('THPTNT07096', 'LICHSU', '2324HK1', '8.2', '4.0', '6.1');
INSERT INTO DIEMMH VALUES ('THPTNT07096', 'DIALY', '2324HK1', '5.1', '9.5', '7.3');
INSERT INTO DIEMMH VALUES ('THPTNT07096', 'SINHHOC', '2324HK1', '5.0', '7.3', '6.15');
INSERT INTO DIEMMH VALUES ('THPTNT07096', 'HOAHOC', '2324HK1', '9.8', '9.9', '9.850000000000001');
INSERT INTO DIEMMH VALUES ('THPTNT07096', 'VATLY', '2324HK1', '8.6', '8.9', '8.75');
INSERT INTO GIAOVIEN VALUES ('NTGV025', N'Thái Bình Dương', '1990-02-19', '1', 'VL', '357782867', 'duongtb@ptnt.edu.vn', '2005-01-01', 'THPTNT', 'DH', 'CMCB');
INSERT INTO GIAOVIEN VALUES ('NTGV026', N'Võ Hoàng Dương', '1990-05-08', '1', 'VL', '357606880', 'duongvh@ptnt.edu.vn', '2005-01-02', 'THPTNT', 'DH', 'CMCB');
INSERT INTO GIAOVIEN VALUES ('NTGV027', N'Đặng Nhật Đan', '1990-08-03', '1', 'VL', '356617628', 'dandn@ptnt.edu.vn', '2005-01-03', 'THPTNT', 'DH', 'CMCB');
INSERT INTO GIAOVIEN VALUES ('NTGV028', N'Huỳnh Tăng Ngọc Điền', '1990-06-27', '1', 'VL', '356286268', 'dienhtn@ptnt.edu.vn', '2005-01-04', 'THPTNT', 'DH', 'CMCB');
INSERT INTO GIAOVIEN VALUES ('NTGV029', N'Dương Khả Hân', '1990-03-02', '0', 'VL', '356030052', 'handk@ptnt.edu.vn', '2005-01-05', 'THPTNT', 'DH', 'CMCB');
INSERT INTO GIAOVIEN VALUES ('NTGV030', N'Dư Nguyễn Quốc Hùng', '1990-03-03', '1', 'VL', '355087300', 'hungdnq@ptnt.edu.vn', '2005-01-06', 'THPTNT', 'DH', 'CMCB');
INSERT INTO GIAOVIEN VALUES ('NTGV031', N'Nguyễn Trương Đình Khả', '1990-09-20', '1', 'VL', '358778862', 'khantd@ptnt.edu.vn', '2005-01-07', 'THPTNT', 'DH', 'CMCB');
INSERT INTO GIAOVIEN VALUES ('NTGV032', N'Lê Duy Khánh', '1990-10-20', '1', 'VL', '358786628', 'khanhld@ptnt.edu.vn', '2005-01-08', 'THPTNT', 'DH', 'CMCB');
INSERT INTO GIAOVIEN VALUES ('NTGV033', N'Lê Quốc Khánh', '1990-09-02', '1', 'VL', '352677260', 'khanhlq@ptnt.edu.vn', '2005-01-09', 'THPTNT', 'DH', 'CMTN');
INSERT INTO GIAOVIEN VALUES ('NTGV034', N'Tống Kim Ngân', '1990-09-30', '0', 'VL', '352526531', 'ngantk@ptnt.edu.vn', '2005-01-10', 'THPTNT', 'DH', 'CMTN');
INSERT INTO GIAOVIEN VALUES ('NTGV035', N'Nguyễn Duy Quân', '1990-03-14', '1', 'VL', '352285100', 'quannd@ptnt.edu.vn', '2005-01-11', 'THPTNT', 'THS', 'CMTN');
INSERT INTO GIAOVIEN VALUES ('NTGV036', N'Nguyễn Mạnh Quân', '1990-05-11', '1', 'VL', '388120201', 'quannm@ptnt.edu.vn', '2005-01-12', 'THPTNT', 'THS', 'CMTN');
INSERT INTO GIAOVIEN VALUES ('NTGV037', N'Võ Thị Ngân Quỳnh', '1990-05-24', '0', 'VL', '385817686', 'quynhvtn@ptnt.edu.vn', '2005-01-13', 'THPTNT', 'THS', 'CMTN');
INSERT INTO GIAOVIEN VALUES ('NTGV038', N'Nguyễn Tiến Tài', '1990-10-09', '1', 'VL', '331711716', 'taint@ptnt.edu.vn', '2005-01-14', 'THPTNT', 'THS', 'CMTN');
INSERT INTO GIAOVIEN VALUES ('NTGV039', N'Nguyễn Hồng Thái', '1990-05-26', '1', 'VL', '331606168', 'thainh@ptnt.edu.vn', '2005-01-15', 'THPTNT', 'THS', 'CMXH');
INSERT INTO GIAOVIEN VALUES ('NTGV040', N'Trần Loan Ngọc Thảo', '1990-11-25', '0', 'VL', '336808010', 'thaotln@ptnt.edu.vn', '2005-01-16', 'THPTNT', 'THS', 'CMXH');
INSERT INTO GIAOVIEN VALUES ('NTGV041', N'Phan Nguyễn Phúc Thịnh', '1990-01-30', '1', 'VL', '336231867', 'thinhpnp@ptnt.edu.vn', '2005-01-17', 'THPTNT', 'THS', 'CMXH');
INSERT INTO GIAOVIEN VALUES ('NTGV042', N'Ngô Thùy Trang', '1990-07-15', '0', 'VL', '335103588', 'trangnt@ptnt.edu.vn', '2005-01-18', 'THPTNT', 'THS', 'CMXH');
INSERT INTO GIAOVIEN VALUES ('NTGV043', N'Trương Đỗ Huế Trân', '1990-01-23', '0', 'VL', '335357881', 'trantdh@ptnt.edu.vn', '2005-01-19', 'THPTNT', 'THS', 'CMTN');
INSERT INTO GIAOVIEN VALUES ('NTGV044', N'Nguyễn Nhật Trường', '1990-08-19', '1', 'VL', '338838658', 'truongnn@ptnt.edu.vn', '2005-01-20', 'THPTNT', 'THS', 'CMTN');
INSERT INTO GIAOVIEN VALUES ('NTGV045', N'Lê Thị Ngọc Tuyền', '1990-12-22', '0', 'VL', '333676660', 'tuyenltn@ptnt.edu.vn', '2005-01-21', 'THPTNT', 'THS', 'CMTN');
INSERT INTO GIAOVIEN VALUES ('NTGV046', N'Nguyễn Thanh Vũ', '1990-11-10', '1', 'VL', '332118588', 'vunt@ptnt.edu.vn', '2005-01-22', 'THPTNT', 'THS', 'CMTN');
INSERT INTO GIAOVIEN VALUES ('NTGV047', N'Nguyễn Ngọc Thảo Vy', '1990-10-18', '0', 'VL', '321685066', 'vynnt@ptnt.edu.vn', '2005-01-23', 'THPTNT', 'THS', 'CMTN');
INSERT INTO GIAOVIEN VALUES ('NTGV048', N'Nguyễn Thị Tường Vy', '1990-12-20', '0', 'VL', '328702525', 'vyntt@ptnt.edu.vn', '2005-01-24', 'THPTNT', 'THS', 'CMXH');
INSERT INTO GIAOVIEN VALUES ('NTGV049', N'Phan Thế Vỷ', '1990-04-05', '1', 'VL', '328225281', 'vy3pt@ptnt.edu.vn', '2005-01-25', 'THPTNT', 'THS', 'CMXH');
INSERT INTO GIAOVIEN VALUES ('NTGV050', N'Phạm Thị Bảo Xuyên', '1990-08-09', '0', 'VL', '327267168', 'xuyenptb@ptnt.edu.vn', '2005-01-26', 'THPTNT', 'THS', 'CMXH');
INSERT INTO GIAOVIEN VALUES ('NTGV051', N'Đặng Thị Cẩm Hằng', '1990-05-02', '0', 'VL', '326826266', 'hangdtc@ptnt.edu.vn', '2005-01-27', 'THPTNT', 'THS', 'CMXH');
INSERT INTO GIAOVIEN VALUES ('NTGV052', N'Nguyễn Trí Hiền', '1990-01-27', '1', 'VL', '326660827', 'hienntr@ptnt.edu.vn', '2005-01-28', 'THPTNT', 'THS', 'CMXH');
INSERT INTO GIAOVIEN VALUES ('NTGV053', N'Nguyễn Dương Thanh Trúc', '1990-12-21', '0', 'VL', '326662361', 'trucndth@ptnt.edu.vn', '2005-01-29', 'THPTNT', 'THS', 'CMXH');
INSERT INTO GVCN VALUES ('NTGV025', 'NT1207A1', '2324HK1');
INSERT INTO GVCN VALUES ('NTGV026', 'NT1207A10', '2324HK1');
INSERT INTO GVCN VALUES ('NTGV027', 'NT1207A11', '2324HK1');
INSERT INTO GVCN VALUES ('NTGV028', 'NT1207A12', '2324HK1');
INSERT INTO GVCN VALUES ('NTGV029', 'NT1207A13', '2324HK1');
INSERT INTO GVCN VALUES ('NTGV030', 'NT1207A2', '2324HK1');
INSERT INTO GVCN VALUES ('NTGV031', 'NT1207A3', '2324HK1');
INSERT INTO GVCN VALUES ('NTGV032', 'NT1207A4', '2324HK1');
INSERT INTO GVCN VALUES ('NTGV033', 'NT1207A5', '2324HK1');
INSERT INTO GVCN VALUES ('NTGV034', 'NT1207A6', '2324HK1');
INSERT INTO GVCN VALUES ('NTGV035', 'NT1207A7', '2324HK1');
INSERT INTO GVCN VALUES ('NTGV036', 'NT1207A8', '2324HK1');
INSERT INTO GVCN VALUES ('NTGV037', 'NT1108A1', '2324HK1');
INSERT INTO GVCN VALUES ('NTGV038', 'NT1108A12', '2324HK1');
INSERT INTO GVCN VALUES ('NTGV039', 'NT1108A13', '2324HK1');
INSERT INTO GVCN VALUES ('NTGV040', 'NT1108A2', '2324HK1');
INSERT INTO GVCN VALUES ('NTGV041', 'NT1108A3', '2324HK1');
INSERT INTO GVCN VALUES ('NTGV042', 'NT1108A4', '2324HK1');
INSERT INTO GVCN VALUES ('NTGV043', 'NT1108A5', '2324HK1');
INSERT INTO GVCN VALUES ('NTGV044', 'NT1108A6', '2324HK1');
INSERT INTO GVCN VALUES ('NTGV045', 'NT1108A7', '2324HK1');
INSERT INTO GVCN VALUES ('NTGV046', 'NT1108A8', '2324HK1');
INSERT INTO GVCN VALUES ('NTGV047', 'NT1108A9', '2324HK1');
INSERT INTO GVCN VALUES ('NTGV048', 'NT1009A1', '2324HK1');
INSERT INTO GVCN VALUES ('NTGV049', 'NT1009A11', '2324HK1');
INSERT INTO GVCN VALUES ('NTGV050', 'NT1009A12', '2324HK1');
INSERT INTO GVCN VALUES ('NTGV051', 'NT1009A13', '2324HK1');
INSERT INTO GVCN VALUES ('NTGV052', 'NT1009A2', '2324HK1');
INSERT INTO GVCN VALUES ('NTGV053', 'NT1009A3', '2324HK1');
INSERT INTO PHANCONGGVBM VALUES ('NT1207A1', 'TOAN', '2324HK1', 'NTGV025');
INSERT INTO PHANCONGGVBM VALUES ('NT1207A1', 'NGUVAN', '2324HK1', 'NTGV026');
INSERT INTO PHANCONGGVBM VALUES ('NT1207A1', 'TIENGANH', '2324HK1', 'NTGV027');
INSERT INTO PHANCONGGVBM VALUES ('NT1207A1', 'LICHSU', '2324HK1', 'NTGV048');
INSERT INTO PHANCONGGVBM VALUES ('NT1207A1', 'DIALY', '2324HK1', 'NTGV049');
INSERT INTO PHANCONGGVBM VALUES ('NT1207A1', 'SINHHOC', '2324HK1', 'NTGV043');
INSERT INTO PHANCONGGVBM VALUES ('NT1207A1', 'HOAHOC', '2324HK1', 'NTGV044');
INSERT INTO PHANCONGGVBM VALUES ('NT1207A1', 'VATLY', '2324HK1', 'NTGV045');
INSERT INTO PHANCONGGVBM VALUES ('NT1207A10', 'TOAN', '2324HK1', 'NTGV028');
INSERT INTO PHANCONGGVBM VALUES ('NT1207A10', 'NGUVAN', '2324HK1', 'NTGV029');
INSERT INTO PHANCONGGVBM VALUES ('NT1207A10', 'TIENGANH', '2324HK1', 'NTGV030');
INSERT INTO PHANCONGGVBM VALUES ('NT1207A10', 'LICHSU', '2324HK1', 'NTGV050');
INSERT INTO PHANCONGGVBM VALUES ('NT1207A10', 'DIALY', '2324HK1', 'NTGV051');
INSERT INTO PHANCONGGVBM VALUES ('NT1207A10', 'SINHHOC', '2324HK1', 'NTGV043');
INSERT INTO PHANCONGGVBM VALUES ('NT1207A10', 'HOAHOC', '2324HK1', 'NTGV046');
INSERT INTO PHANCONGGVBM VALUES ('NT1207A10', 'VATLY', '2324HK1', 'NTGV047');
INSERT INTO PHANCONGGVBM VALUES ('NT1207A11', 'TOAN', '2324HK1', 'NTGV031');
INSERT INTO PHANCONGGVBM VALUES ('NT1207A11', 'NGUVAN', '2324HK1', 'NTGV032');
INSERT INTO PHANCONGGVBM VALUES ('NT1207A11', 'TIENGANH', '2324HK1', 'NTGV048');
INSERT INTO PHANCONGGVBM VALUES ('NT1207A11', 'LICHSU', '2324HK1', 'NTGV052');
INSERT INTO PHANCONGGVBM VALUES ('NT1207A11', 'DIALY', '2324HK1', 'NTGV053');
INSERT INTO PHANCONGGVBM VALUES ('NT1207A11', 'SINHHOC', '2324HK1', 'NTGV043');
INSERT INTO PHANCONGGVBM VALUES ('NT1207A11', 'HOAHOC', '2324HK1', 'NTGV044');
INSERT INTO PHANCONGGVBM VALUES ('NT1207A11', 'VATLY', '2324HK1', 'NTGV045');
INSERT INTO PHANCONGGVBM VALUES ('NT1207A12', 'TOAN', '2324HK1', 'NTGV049');
INSERT INTO PHANCONGGVBM VALUES ('NT1207A12', 'NGUVAN', '2324HK1', 'NTGV050');
INSERT INTO PHANCONGGVBM VALUES ('NT1207A12', 'TIENGANH', '2324HK1', 'NTGV051');
INSERT INTO PHANCONGGVBM VALUES ('NT1207A12', 'LICHSU', '2324HK1', 'NTGV048');
INSERT INTO PHANCONGGVBM VALUES ('NT1207A12', 'DIALY', '2324HK1', 'NTGV049');
INSERT INTO PHANCONGGVBM VALUES ('NT1207A12', 'SINHHOC', '2324HK1', 'NTGV043');
INSERT INTO PHANCONGGVBM VALUES ('NT1207A12', 'HOAHOC', '2324HK1', 'NTGV046');
INSERT INTO PHANCONGGVBM VALUES ('NT1207A12', 'VATLY', '2324HK1', 'NTGV047');
INSERT INTO PHANCONGGVBM VALUES ('NT1207A13', 'TOAN', '2324HK1', 'NTGV052');
INSERT INTO PHANCONGGVBM VALUES ('NT1207A13', 'NGUVAN', '2324HK1', 'NTGV053');
INSERT INTO PHANCONGGVBM VALUES ('NT1207A13', 'TIENGANH', '2324HK1', 'NTGV025');
INSERT INTO PHANCONGGVBM VALUES ('NT1207A13', 'LICHSU', '2324HK1', 'NTGV050');
INSERT INTO PHANCONGGVBM VALUES ('NT1207A13', 'DIALY', '2324HK1', 'NTGV051');
INSERT INTO PHANCONGGVBM VALUES ('NT1207A13', 'SINHHOC', '2324HK1', 'NTGV043');
INSERT INTO PHANCONGGVBM VALUES ('NT1207A13', 'HOAHOC', '2324HK1', 'NTGV044');
INSERT INTO PHANCONGGVBM VALUES ('NT1207A13', 'VATLY', '2324HK1', 'NTGV045');
INSERT INTO PHANCONGGVBM VALUES ('NT1207A2', 'TOAN', '2324HK1', 'NTGV026');
INSERT INTO PHANCONGGVBM VALUES ('NT1207A2', 'NGUVAN', '2324HK1', 'NTGV027');
INSERT INTO PHANCONGGVBM VALUES ('NT1207A2', 'TIENGANH', '2324HK1', 'NTGV028');
INSERT INTO PHANCONGGVBM VALUES ('NT1207A2', 'LICHSU', '2324HK1', 'NTGV052');
INSERT INTO PHANCONGGVBM VALUES ('NT1207A2', 'DIALY', '2324HK1', 'NTGV053');
INSERT INTO PHANCONGGVBM VALUES ('NT1207A2', 'SINHHOC', '2324HK1', 'NTGV043');
INSERT INTO PHANCONGGVBM VALUES ('NT1207A2', 'HOAHOC', '2324HK1', 'NTGV046');
INSERT INTO PHANCONGGVBM VALUES ('NT1207A2', 'VATLY', '2324HK1', 'NTGV047');
INSERT INTO PHANCONGGVBM VALUES ('NT1207A3', 'TOAN', '2324HK1', 'NTGV029');
INSERT INTO PHANCONGGVBM VALUES ('NT1207A3', 'NGUVAN', '2324HK1', 'NTGV030');
INSERT INTO PHANCONGGVBM VALUES ('NT1207A3', 'TIENGANH', '2324HK1', 'NTGV031');
INSERT INTO PHANCONGGVBM VALUES ('NT1207A3', 'LICHSU', '2324HK1', 'NTGV048');
INSERT INTO PHANCONGGVBM VALUES ('NT1207A3', 'DIALY', '2324HK1', 'NTGV049');
INSERT INTO PHANCONGGVBM VALUES ('NT1207A3', 'SINHHOC', '2324HK1', 'NTGV043');
INSERT INTO PHANCONGGVBM VALUES ('NT1207A3', 'HOAHOC', '2324HK1', 'NTGV044');
INSERT INTO PHANCONGGVBM VALUES ('NT1207A3', 'VATLY', '2324HK1', 'NTGV045');
INSERT INTO PHANCONGGVBM VALUES ('NT1207A4', 'TOAN', '2324HK1', 'NTGV032');
INSERT INTO PHANCONGGVBM VALUES ('NT1207A4', 'NGUVAN', '2324HK1', 'NTGV048');
INSERT INTO PHANCONGGVBM VALUES ('NT1207A4', 'TIENGANH', '2324HK1', 'NTGV049');
INSERT INTO PHANCONGGVBM VALUES ('NT1207A4', 'LICHSU', '2324HK1', 'NTGV050');
INSERT INTO PHANCONGGVBM VALUES ('NT1207A4', 'DIALY', '2324HK1', 'NTGV051');
INSERT INTO PHANCONGGVBM VALUES ('NT1207A4', 'SINHHOC', '2324HK1', 'NTGV043');
INSERT INTO PHANCONGGVBM VALUES ('NT1207A4', 'HOAHOC', '2324HK1', 'NTGV046');
INSERT INTO PHANCONGGVBM VALUES ('NT1207A4', 'VATLY', '2324HK1', 'NTGV047');
INSERT INTO PHANCONGGVBM VALUES ('NT1207A5', 'TOAN', '2324HK1', 'NTGV050');
INSERT INTO PHANCONGGVBM VALUES ('NT1207A5', 'NGUVAN', '2324HK1', 'NTGV051');
INSERT INTO PHANCONGGVBM VALUES ('NT1207A5', 'TIENGANH', '2324HK1', 'NTGV052');
INSERT INTO PHANCONGGVBM VALUES ('NT1207A5', 'LICHSU', '2324HK1', 'NTGV052');
INSERT INTO PHANCONGGVBM VALUES ('NT1207A5', 'DIALY', '2324HK1', 'NTGV053');
INSERT INTO PHANCONGGVBM VALUES ('NT1207A5', 'SINHHOC', '2324HK1', 'NTGV043');
INSERT INTO PHANCONGGVBM VALUES ('NT1207A5', 'HOAHOC', '2324HK1', 'NTGV044');
INSERT INTO PHANCONGGVBM VALUES ('NT1207A5', 'VATLY', '2324HK1', 'NTGV045');
INSERT INTO PHANCONGGVBM VALUES ('NT1207A6', 'TOAN', '2324HK1', 'NTGV053');
INSERT INTO PHANCONGGVBM VALUES ('NT1207A6', 'NGUVAN', '2324HK1', 'NTGV025');
INSERT INTO PHANCONGGVBM VALUES ('NT1207A6', 'TIENGANH', '2324HK1', 'NTGV026');
INSERT INTO PHANCONGGVBM VALUES ('NT1207A6', 'LICHSU', '2324HK1', 'NTGV048');
INSERT INTO PHANCONGGVBM VALUES ('NT1207A6', 'DIALY', '2324HK1', 'NTGV049');
INSERT INTO PHANCONGGVBM VALUES ('NT1207A6', 'SINHHOC', '2324HK1', 'NTGV043');
INSERT INTO PHANCONGGVBM VALUES ('NT1207A6', 'HOAHOC', '2324HK1', 'NTGV046');
INSERT INTO PHANCONGGVBM VALUES ('NT1207A6', 'VATLY', '2324HK1', 'NTGV047');
INSERT INTO PHANCONGGVBM VALUES ('NT1207A7', 'TOAN', '2324HK1', 'NTGV027');
INSERT INTO PHANCONGGVBM VALUES ('NT1207A7', 'NGUVAN', '2324HK1', 'NTGV028');
INSERT INTO PHANCONGGVBM VALUES ('NT1207A7', 'TIENGANH', '2324HK1', 'NTGV029');
INSERT INTO PHANCONGGVBM VALUES ('NT1207A7', 'LICHSU', '2324HK1', 'NTGV050');
INSERT INTO PHANCONGGVBM VALUES ('NT1207A7', 'DIALY', '2324HK1', 'NTGV051');
INSERT INTO PHANCONGGVBM VALUES ('NT1207A7', 'SINHHOC', '2324HK1', 'NTGV043');
INSERT INTO PHANCONGGVBM VALUES ('NT1207A7', 'HOAHOC', '2324HK1', 'NTGV044');
INSERT INTO PHANCONGGVBM VALUES ('NT1207A7', 'VATLY', '2324HK1', 'NTGV045');
INSERT INTO PHANCONGGVBM VALUES ('NT1207A8', 'TOAN', '2324HK1', 'NTGV030');
INSERT INTO PHANCONGGVBM VALUES ('NT1207A8', 'NGUVAN', '2324HK1', 'NTGV031');
INSERT INTO PHANCONGGVBM VALUES ('NT1207A8', 'TIENGANH', '2324HK1', 'NTGV032');
INSERT INTO PHANCONGGVBM VALUES ('NT1207A8', 'LICHSU', '2324HK1', 'NTGV052');
INSERT INTO PHANCONGGVBM VALUES ('NT1207A8', 'DIALY', '2324HK1', 'NTGV053');
INSERT INTO PHANCONGGVBM VALUES ('NT1207A8', 'SINHHOC', '2324HK1', 'NTGV044');
INSERT INTO PHANCONGGVBM VALUES ('NT1207A8', 'HOAHOC', '2324HK1', 'NTGV046');
INSERT INTO PHANCONGGVBM VALUES ('NT1207A8', 'VATLY', '2324HK1', 'NTGV047');
INSERT INTO PHANCONGGVBM VALUES ('NT1108A1', 'TOAN', '2324HK1', 'NTGV048');
INSERT INTO PHANCONGGVBM VALUES ('NT1108A1', 'NGUVAN', '2324HK1', 'NTGV049');
INSERT INTO PHANCONGGVBM VALUES ('NT1108A1', 'TIENGANH', '2324HK1', 'NTGV050');
INSERT INTO PHANCONGGVBM VALUES ('NT1108A1', 'LICHSU', '2324HK1', 'NTGV048');
INSERT INTO PHANCONGGVBM VALUES ('NT1108A1', 'DIALY', '2324HK1', 'NTGV049');
INSERT INTO PHANCONGGVBM VALUES ('NT1108A1', 'SINHHOC', '2324HK1', 'NTGV043');
INSERT INTO PHANCONGGVBM VALUES ('NT1108A1', 'HOAHOC', '2324HK1', 'NTGV044');
INSERT INTO PHANCONGGVBM VALUES ('NT1108A1', 'VATLY', '2324HK1', 'NTGV045');
INSERT INTO PHANCONGGVBM VALUES ('NT1108A12', 'TOAN', '2324HK1', 'NTGV051');
INSERT INTO PHANCONGGVBM VALUES ('NT1108A12', 'NGUVAN', '2324HK1', 'NTGV052');
INSERT INTO PHANCONGGVBM VALUES ('NT1108A12', 'TIENGANH', '2324HK1', 'NTGV053');
INSERT INTO PHANCONGGVBM VALUES ('NT1108A12', 'LICHSU', '2324HK1', 'NTGV050');
INSERT INTO PHANCONGGVBM VALUES ('NT1108A12', 'DIALY', '2324HK1', 'NTGV051');
INSERT INTO PHANCONGGVBM VALUES ('NT1108A12', 'SINHHOC', '2324HK1', 'NTGV044');
INSERT INTO PHANCONGGVBM VALUES ('NT1108A12', 'HOAHOC', '2324HK1', 'NTGV046');
INSERT INTO PHANCONGGVBM VALUES ('NT1108A12', 'VATLY', '2324HK1', 'NTGV047');
INSERT INTO PHANCONGGVBM VALUES ('NT1108A13', 'TOAN', '2324HK1', 'NTGV025');
INSERT INTO PHANCONGGVBM VALUES ('NT1108A13', 'NGUVAN', '2324HK1', 'NTGV026');
INSERT INTO PHANCONGGVBM VALUES ('NT1108A13', 'TIENGANH', '2324HK1', 'NTGV027');
INSERT INTO PHANCONGGVBM VALUES ('NT1108A13', 'LICHSU', '2324HK1', 'NTGV052');
INSERT INTO PHANCONGGVBM VALUES ('NT1108A13', 'DIALY', '2324HK1', 'NTGV053');
INSERT INTO PHANCONGGVBM VALUES ('NT1108A13', 'SINHHOC', '2324HK1', 'NTGV043');
INSERT INTO PHANCONGGVBM VALUES ('NT1108A13', 'HOAHOC', '2324HK1', 'NTGV044');
INSERT INTO PHANCONGGVBM VALUES ('NT1108A13', 'VATLY', '2324HK1', 'NTGV045');
INSERT INTO PHANCONGGVBM VALUES ('NT1108A2', 'TOAN', '2324HK1', 'NTGV028');
INSERT INTO PHANCONGGVBM VALUES ('NT1108A2', 'NGUVAN', '2324HK1', 'NTGV029');
INSERT INTO PHANCONGGVBM VALUES ('NT1108A2', 'TIENGANH', '2324HK1', 'NTGV030');
INSERT INTO PHANCONGGVBM VALUES ('NT1108A2', 'LICHSU', '2324HK1', 'NTGV048');
INSERT INTO PHANCONGGVBM VALUES ('NT1108A2', 'DIALY', '2324HK1', 'NTGV049');
INSERT INTO PHANCONGGVBM VALUES ('NT1108A2', 'SINHHOC', '2324HK1', 'NTGV044');
INSERT INTO PHANCONGGVBM VALUES ('NT1108A2', 'HOAHOC', '2324HK1', 'NTGV046');
INSERT INTO PHANCONGGVBM VALUES ('NT1108A2', 'VATLY', '2324HK1', 'NTGV047');
INSERT INTO PHANCONGGVBM VALUES ('NT1108A3', 'TOAN', '2324HK1', 'NTGV031');
INSERT INTO PHANCONGGVBM VALUES ('NT1108A3', 'NGUVAN', '2324HK1', 'NTGV032');
INSERT INTO PHANCONGGVBM VALUES ('NT1108A3', 'TIENGANH', '2324HK1', 'NTGV048');
INSERT INTO PHANCONGGVBM VALUES ('NT1108A3', 'LICHSU', '2324HK1', 'NTGV050');
INSERT INTO PHANCONGGVBM VALUES ('NT1108A3', 'DIALY', '2324HK1', 'NTGV051');
INSERT INTO PHANCONGGVBM VALUES ('NT1108A3', 'SINHHOC', '2324HK1', 'NTGV043');
INSERT INTO PHANCONGGVBM VALUES ('NT1108A3', 'HOAHOC', '2324HK1', 'NTGV044');
INSERT INTO PHANCONGGVBM VALUES ('NT1108A3', 'VATLY', '2324HK1', 'NTGV045');
INSERT INTO PHANCONGGVBM VALUES ('NT1108A4', 'TOAN', '2324HK1', 'NTGV049');
INSERT INTO PHANCONGGVBM VALUES ('NT1108A4', 'NGUVAN', '2324HK1', 'NTGV050');
INSERT INTO PHANCONGGVBM VALUES ('NT1108A4', 'TIENGANH', '2324HK1', 'NTGV051');
INSERT INTO PHANCONGGVBM VALUES ('NT1108A4', 'LICHSU', '2324HK1', 'NTGV052');
INSERT INTO PHANCONGGVBM VALUES ('NT1108A4', 'DIALY', '2324HK1', 'NTGV053');
INSERT INTO PHANCONGGVBM VALUES ('NT1108A4', 'SINHHOC', '2324HK1', 'NTGV044');
INSERT INTO PHANCONGGVBM VALUES ('NT1108A4', 'HOAHOC', '2324HK1', 'NTGV046');
INSERT INTO PHANCONGGVBM VALUES ('NT1108A4', 'VATLY', '2324HK1', 'NTGV047');
INSERT INTO PHANCONGGVBM VALUES ('NT1108A5', 'TOAN', '2324HK1', 'NTGV051');
INSERT INTO PHANCONGGVBM VALUES ('NT1108A5', 'NGUVAN', '2324HK1', 'NTGV052');
INSERT INTO PHANCONGGVBM VALUES ('NT1108A5', 'TIENGANH', '2324HK1', 'NTGV053');
INSERT INTO PHANCONGGVBM VALUES ('NT1108A5', 'LICHSU', '2324HK1', 'NTGV048');
INSERT INTO PHANCONGGVBM VALUES ('NT1108A5', 'DIALY', '2324HK1', 'NTGV049');
INSERT INTO PHANCONGGVBM VALUES ('NT1108A5', 'SINHHOC', '2324HK1', 'NTGV043');
INSERT INTO PHANCONGGVBM VALUES ('NT1108A5', 'HOAHOC', '2324HK1', 'NTGV044');
INSERT INTO PHANCONGGVBM VALUES ('NT1108A5', 'VATLY', '2324HK1', 'NTGV045');
INSERT INTO PHANCONGGVBM VALUES ('NT1108A6', 'TOAN', '2324HK1', 'NTGV048');
INSERT INTO PHANCONGGVBM VALUES ('NT1108A6', 'NGUVAN', '2324HK1', 'NTGV049');
INSERT INTO PHANCONGGVBM VALUES ('NT1108A6', 'TIENGANH', '2324HK1', 'NTGV050');
INSERT INTO PHANCONGGVBM VALUES ('NT1108A6', 'LICHSU', '2324HK1', 'NTGV050');
INSERT INTO PHANCONGGVBM VALUES ('NT1108A6', 'DIALY', '2324HK1', 'NTGV051');
INSERT INTO PHANCONGGVBM VALUES ('NT1108A6', 'SINHHOC', '2324HK1', 'NTGV044');
INSERT INTO PHANCONGGVBM VALUES ('NT1108A6', 'HOAHOC', '2324HK1', 'NTGV046');
INSERT INTO PHANCONGGVBM VALUES ('NT1108A6', 'VATLY', '2324HK1', 'NTGV047');
INSERT INTO PHANCONGGVBM VALUES ('NT1108A7', 'TOAN', '2324HK1', 'NTGV030');
INSERT INTO PHANCONGGVBM VALUES ('NT1108A7', 'NGUVAN', '2324HK1', 'NTGV031');
INSERT INTO PHANCONGGVBM VALUES ('NT1108A7', 'TIENGANH', '2324HK1', 'NTGV032');
INSERT INTO PHANCONGGVBM VALUES ('NT1108A7', 'LICHSU', '2324HK1', 'NTGV052');
INSERT INTO PHANCONGGVBM VALUES ('NT1108A7', 'DIALY', '2324HK1', 'NTGV053');
INSERT INTO PHANCONGGVBM VALUES ('NT1108A7', 'SINHHOC', '2324HK1', 'NTGV043');
INSERT INTO PHANCONGGVBM VALUES ('NT1108A7', 'HOAHOC', '2324HK1', 'NTGV044');
INSERT INTO PHANCONGGVBM VALUES ('NT1108A7', 'VATLY', '2324HK1', 'NTGV045');
INSERT INTO PHANCONGGVBM VALUES ('NT1108A8', 'TOAN', '2324HK1', 'NTGV027');
INSERT INTO PHANCONGGVBM VALUES ('NT1108A8', 'NGUVAN', '2324HK1', 'NTGV028');
INSERT INTO PHANCONGGVBM VALUES ('NT1108A8', 'TIENGANH', '2324HK1', 'NTGV029');
INSERT INTO PHANCONGGVBM VALUES ('NT1108A8', 'LICHSU', '2324HK1', 'NTGV048');
INSERT INTO PHANCONGGVBM VALUES ('NT1108A8', 'DIALY', '2324HK1', 'NTGV049');
INSERT INTO PHANCONGGVBM VALUES ('NT1108A8', 'SINHHOC', '2324HK1', 'NTGV045');
INSERT INTO PHANCONGGVBM VALUES ('NT1108A8', 'HOAHOC', '2324HK1', 'NTGV046');
INSERT INTO PHANCONGGVBM VALUES ('NT1108A8', 'VATLY', '2324HK1', 'NTGV047');
INSERT INTO PHANCONGGVBM VALUES ('NT1108A9', 'TOAN', '2324HK1', 'NTGV025');
INSERT INTO PHANCONGGVBM VALUES ('NT1108A9', 'NGUVAN', '2324HK1', 'NTGV026');
INSERT INTO PHANCONGGVBM VALUES ('NT1108A9', 'TIENGANH', '2324HK1', 'NTGV053');
INSERT INTO PHANCONGGVBM VALUES ('NT1108A9', 'LICHSU', '2324HK1', 'NTGV050');
INSERT INTO PHANCONGGVBM VALUES ('NT1108A9', 'DIALY', '2324HK1', 'NTGV051');
INSERT INTO PHANCONGGVBM VALUES ('NT1108A9', 'SINHHOC', '2324HK1', 'NTGV043');
INSERT INTO PHANCONGGVBM VALUES ('NT1108A9', 'HOAHOC', '2324HK1', 'NTGV044');
INSERT INTO PHANCONGGVBM VALUES ('NT1108A9', 'VATLY', '2324HK1', 'NTGV045');
INSERT INTO PHANCONGGVBM VALUES ('NT1009A1', 'TOAN', '2324HK1', 'NTGV050');
INSERT INTO PHANCONGGVBM VALUES ('NT1009A1', 'NGUVAN', '2324HK1', 'NTGV051');
INSERT INTO PHANCONGGVBM VALUES ('NT1009A1', 'TIENGANH', '2324HK1', 'NTGV052');
INSERT INTO PHANCONGGVBM VALUES ('NT1009A1', 'LICHSU', '2324HK1', 'NTGV052');
INSERT INTO PHANCONGGVBM VALUES ('NT1009A1', 'DIALY', '2324HK1', 'NTGV053');
INSERT INTO PHANCONGGVBM VALUES ('NT1009A1', 'SINHHOC', '2324HK1', 'NTGV045');
INSERT INTO PHANCONGGVBM VALUES ('NT1009A1', 'HOAHOC', '2324HK1', 'NTGV046');
INSERT INTO PHANCONGGVBM VALUES ('NT1009A1', 'VATLY', '2324HK1', 'NTGV047');
INSERT INTO PHANCONGGVBM VALUES ('NT1009A11', 'TOAN', '2324HK1', 'NTGV032');
INSERT INTO PHANCONGGVBM VALUES ('NT1009A11', 'NGUVAN', '2324HK1', 'NTGV048');
INSERT INTO PHANCONGGVBM VALUES ('NT1009A11', 'TIENGANH', '2324HK1', 'NTGV049');
INSERT INTO PHANCONGGVBM VALUES ('NT1009A11', 'LICHSU', '2324HK1', 'NTGV048');
INSERT INTO PHANCONGGVBM VALUES ('NT1009A11', 'DIALY', '2324HK1', 'NTGV049');
INSERT INTO PHANCONGGVBM VALUES ('NT1009A11', 'SINHHOC', '2324HK1', 'NTGV043');
INSERT INTO PHANCONGGVBM VALUES ('NT1009A11', 'HOAHOC', '2324HK1', 'NTGV044');
INSERT INTO PHANCONGGVBM VALUES ('NT1009A11', 'VATLY', '2324HK1', 'NTGV045');
INSERT INTO PHANCONGGVBM VALUES ('NT1009A12', 'TOAN', '2324HK1', 'NTGV029');
INSERT INTO PHANCONGGVBM VALUES ('NT1009A12', 'NGUVAN', '2324HK1', 'NTGV030');
INSERT INTO PHANCONGGVBM VALUES ('NT1009A12', 'TIENGANH', '2324HK1', 'NTGV031');
INSERT INTO PHANCONGGVBM VALUES ('NT1009A12', 'LICHSU', '2324HK1', 'NTGV050');
INSERT INTO PHANCONGGVBM VALUES ('NT1009A12', 'DIALY', '2324HK1', 'NTGV051');
INSERT INTO PHANCONGGVBM VALUES ('NT1009A12', 'SINHHOC', '2324HK1', 'NTGV045');
INSERT INTO PHANCONGGVBM VALUES ('NT1009A12', 'HOAHOC', '2324HK1', 'NTGV046');
INSERT INTO PHANCONGGVBM VALUES ('NT1009A12', 'VATLY', '2324HK1', 'NTGV047');
INSERT INTO PHANCONGGVBM VALUES ('NT1009A13', 'TOAN', '2324HK1', 'NTGV026');
INSERT INTO PHANCONGGVBM VALUES ('NT1009A13', 'NGUVAN', '2324HK1', 'NTGV027');
INSERT INTO PHANCONGGVBM VALUES ('NT1009A13', 'TIENGANH', '2324HK1', 'NTGV028');
INSERT INTO PHANCONGGVBM VALUES ('NT1009A13', 'LICHSU', '2324HK1', 'NTGV052');
INSERT INTO PHANCONGGVBM VALUES ('NT1009A13', 'DIALY', '2324HK1', 'NTGV053');
INSERT INTO PHANCONGGVBM VALUES ('NT1009A13', 'SINHHOC', '2324HK1', 'NTGV043');
INSERT INTO PHANCONGGVBM VALUES ('NT1009A13', 'HOAHOC', '2324HK1', 'NTGV044');
INSERT INTO PHANCONGGVBM VALUES ('NT1009A13', 'VATLY', '2324HK1', 'NTGV045');
INSERT INTO PHANCONGGVBM VALUES ('NT1009A2', 'TOAN', '2324HK1', 'NTGV025');
INSERT INTO PHANCONGGVBM VALUES ('NT1009A2', 'NGUVAN', '2324HK1', 'NTGV052');
INSERT INTO PHANCONGGVBM VALUES ('NT1009A2', 'TIENGANH', '2324HK1', 'NTGV053');
INSERT INTO PHANCONGGVBM VALUES ('NT1009A2', 'LICHSU', '2324HK1', 'NTGV048');
INSERT INTO PHANCONGGVBM VALUES ('NT1009A2', 'DIALY', '2324HK1', 'NTGV049');
INSERT INTO PHANCONGGVBM VALUES ('NT1009A2', 'SINHHOC', '2324HK1', 'NTGV045');
INSERT INTO PHANCONGGVBM VALUES ('NT1009A2', 'HOAHOC', '2324HK1', 'NTGV046');
INSERT INTO PHANCONGGVBM VALUES ('NT1009A2', 'VATLY', '2324HK1', 'NTGV047');
INSERT INTO PHANCONGGVBM VALUES ('NT1009A3', 'TOAN', '2324HK1', 'NTGV049');
INSERT INTO PHANCONGGVBM VALUES ('NT1009A3', 'NGUVAN', '2324HK1', 'NTGV050');
INSERT INTO PHANCONGGVBM VALUES ('NT1009A3', 'TIENGANH', '2324HK1', 'NTGV051');
INSERT INTO PHANCONGGVBM VALUES ('NT1009A3', 'LICHSU', '2324HK1', 'NTGV050');
INSERT INTO PHANCONGGVBM VALUES ('NT1009A3', 'DIALY', '2324HK1', 'NTGV051');
INSERT INTO PHANCONGGVBM VALUES ('NT1009A3', 'SINHHOC', '2324HK1', 'NTGV043');
INSERT INTO PHANCONGGVBM VALUES ('NT1009A3', 'HOAHOC', '2324HK1', 'NTGV044');
INSERT INTO PHANCONGGVBM VALUES ('NT1009A3', 'VATLY', '2324HK1', 'NTGV045');
INSERT INTO HOCBA VALUES ('THPTNT07093', '2324HK1', '7.43', N'Tốt', N'Khá');
INSERT INTO HOCBA VALUES ('THPTNT07095', '2324HK1', '6.19', N'Khá', N'Trung bình');
INSERT INTO HOCBA VALUES ('THPTNT07101', '2324HK1', '6.09', N'Khá', N'Trung bình');
INSERT INTO HOCBA VALUES ('THPTNT07107', '2324HK1', '6.25', N'Khá', N'Trung bình');
INSERT INTO HOCBA VALUES ('THPTNT07116', '2324HK1', '5.6', N'Khá', N'Trung bình');
INSERT INTO HOCBA VALUES ('THPTNT07099', '2324HK1', '6.6', N'Tốt', N'Khá');
INSERT INTO HOCBA VALUES ('THPTNT07100', '2324HK1', '6.9', N'Tốt', N'Khá');
INSERT INTO HOCBA VALUES ('THPTNT07096', '2324HK1', '7.1', N'Tốt', N'Khá');
INSERT INTO LOAIKHENTHUONG VALUES ('KTHSG', N'Khen thưởng học sinh giỏi');
INSERT INTO LOAIKHENTHUONG VALUES ('KTHSK', N'Khen thưởng học sinh khá');
INSERT INTO LOAIKHENTHUONG VALUES ('KTHKT', N'Khen thưởng hạnh kiểm tốt');
INSERT INTO HSKHENTHUONG VALUES ('KTHSK', 'THPTNT07093', '2324HK1', N'Giấy Khen');
INSERT INTO HSKHENTHUONG VALUES ('KTHSK', 'THPTNT07099', '2324HK1', N'Giấy Khen');
INSERT INTO HSKHENTHUONG VALUES ('KTHSK', 'THPTNT07100', '2324HK1', N'Giấy Khen');
INSERT INTO HSKHENTHUONG VALUES ('KTHSK', 'THPTNT07096', '2324HK1', N'Giấy Khen');
INSERT INTO HSKHENTHUONG VALUES ('KTHKT', 'THPTNT07093', '2324HK1', N'Giấy Khen');
INSERT INTO HSKHENTHUONG VALUES ('KTHKT', 'THPTNT07099', '2324HK1', N'Giấy Khen');
INSERT INTO HSKHENTHUONG VALUES ('KTHKT', 'THPTNT07100', '2324HK1', N'Giấy Khen');
INSERT INTO HSKHENTHUONG VALUES ('KTHKT', 'THPTNT07096', '2324HK1', N'Giấy Khen');
INSERT INTO KQCN VALUES ('THPTNT07093', 'NT1207A1', '2023', '7.43', NULL, NULL);
INSERT INTO KQCN VALUES ('THPTNT07095', 'NT1207A1', '2023', '6.19', NULL, NULL);
INSERT INTO KQCN VALUES ('THPTNT07101', 'NT1207A1', '2023', '6.09', NULL, NULL);
INSERT INTO KQCN VALUES ('THPTNT07107', 'NT1207A1', '2023', '6.25', NULL, NULL);
INSERT INTO KQCN VALUES ('THPTNT07116', 'NT1207A1', '2023', '5.6', NULL, NULL);
INSERT INTO KQCN VALUES ('THPTNT07099', 'NT1207A10', '2023', '6.6', NULL, NULL);
INSERT INTO KQCN VALUES ('THPTNT07100', 'NT1207A10', '2023', '6.9', NULL, NULL);
INSERT INTO KQCN VALUES ('THPTNT07096', 'NT1207A11', '2023', '7.1', NULL, NULL);
INSERT INTO KQHTMHHK VALUES ('THPTNT07093', 'NT1207A1', '2324HK1', 'TOAN', '5.5', '6.5', '6.0', NULL, NULL);
INSERT INTO KQHTMHHK VALUES ('THPTNT07093', 'NT1207A1', '2324HK1', 'NGUVAN', '8.5', '9.0', '8.75', NULL, NULL);
INSERT INTO KQHTMHHK VALUES ('THPTNT07093', 'NT1207A1', '2324HK1', 'TIENGANH', '6.5', '7.0', '6.75', NULL, NULL);
INSERT INTO KQHTMHHK VALUES ('THPTNT07093', 'NT1207A1', '2324HK1', 'LICHSU', '10.0', '8.0', '9.0', NULL, NULL);
INSERT INTO KQHTMHHK VALUES ('THPTNT07093', 'NT1207A1', '2324HK1', 'DIALY', '7.5', '8.0', '7.75', NULL, NULL);
INSERT INTO KQHTMHHK VALUES ('THPTNT07093', 'NT1207A1', '2324HK1', 'SINHHOC', '7.3', '8.0', '7.65', NULL, NULL);
INSERT INTO KQHTMHHK VALUES ('THPTNT07093', 'NT1207A1', '2324HK1', 'HOAHOC', '5.2', '6.5', '5.85', NULL, NULL);
INSERT INTO KQHTMHHK VALUES ('THPTNT07093', 'NT1207A1', '2324HK1', 'VATLY', '8.2', '7.2', '7.699999999999999', NULL, NULL);
INSERT INTO KQHTMHHK VALUES ('THPTNT07095', 'NT1207A1', '2324HK1', 'TOAN', '8.4', '6.1', '7.25', NULL, NULL);
INSERT INTO KQHTMHHK VALUES ('THPTNT07095', 'NT1207A1', '2324HK1', 'NGUVAN', '4.3', '7.4', '5.85', NULL, NULL);
INSERT INTO KQHTMHHK VALUES ('THPTNT07095', 'NT1207A1', '2324HK1', 'TIENGANH', '7.8', '6.4', '7.1', NULL, NULL);
INSERT INTO KQHTMHHK VALUES ('THPTNT07095', 'NT1207A1', '2324HK1', 'LICHSU', '3.5', '9.1', '6.3', NULL, NULL);
INSERT INTO KQHTMHHK VALUES ('THPTNT07095', 'NT1207A1', '2324HK1', 'DIALY', '3.2', '4.8', '4.0', NULL, NULL);
INSERT INTO KQHTMHHK VALUES ('THPTNT07095', 'NT1207A1', '2324HK1', 'SINHHOC', '8.2', '3.7', '5.949999999999999', NULL, NULL);
INSERT INTO KQHTMHHK VALUES ('THPTNT07095', 'NT1207A1', '2324HK1', 'HOAHOC', '7.0', '4.3', '5.65', NULL, NULL);
INSERT INTO KQHTMHHK VALUES ('THPTNT07095', 'NT1207A1', '2324HK1', 'VATLY', '7.1', '7.7', '7.4', NULL, NULL);
INSERT INTO KQHTMHHK VALUES ('THPTNT07101', 'NT1207A1', '2324HK1', 'TOAN', '4.8', '8.9', '6.85', NULL, NULL);
INSERT INTO KQHTMHHK VALUES ('THPTNT07101', 'NT1207A1', '2324HK1', 'NGUVAN', '5.7', '5.4', '5.550000000000001', NULL, NULL);
INSERT INTO KQHTMHHK VALUES ('THPTNT07101', 'NT1207A1', '2324HK1', 'TIENGANH', '3.5', '3.9', '3.7', NULL, NULL);
INSERT INTO KQHTMHHK VALUES ('THPTNT07101', 'NT1207A1', '2324HK1', 'LICHSU', '6.5', '5.6', '6.05', NULL, NULL);
INSERT INTO KQHTMHHK VALUES ('THPTNT07101', 'NT1207A1', '2324HK1', 'DIALY', '7.5', '5.9', '6.7', NULL, NULL);
INSERT INTO KQHTMHHK VALUES ('THPTNT07101', 'NT1207A1', '2324HK1', 'SINHHOC', '6.8', '8.7', '7.75', NULL, NULL);
INSERT INTO KQHTMHHK VALUES ('THPTNT07101', 'NT1207A1', '2324HK1', 'HOAHOC', '4.5', '6.8', '5.65', NULL, NULL);
INSERT INTO KQHTMHHK VALUES ('THPTNT07101', 'NT1207A1', '2324HK1', 'VATLY', '7.7', '5.2', '6.45', NULL, NULL);
INSERT INTO KQHTMHHK VALUES ('THPTNT07107', 'NT1207A1', '2324HK1', 'TOAN', '5.1', '4.4', '4.75', NULL, NULL);
INSERT INTO KQHTMHHK VALUES ('THPTNT07107', 'NT1207A1', '2324HK1', 'NGUVAN', '8.6', '6.8', '7.699999999999999', NULL, NULL);
INSERT INTO KQHTMHHK VALUES ('THPTNT07107', 'NT1207A1', '2324HK1', 'TIENGANH', '4.3', '6.7', '5.5', NULL, NULL);
INSERT INTO KQHTMHHK VALUES ('THPTNT07107', 'NT1207A1', '2324HK1', 'LICHSU', '5.5', '3.8', '4.65', NULL, NULL);
INSERT INTO KQHTMHHK VALUES ('THPTNT07107', 'NT1207A1', '2324HK1', 'DIALY', '7.6', '5.0', '6.3', NULL, NULL);
INSERT INTO KQHTMHHK VALUES ('THPTNT07107', 'NT1207A1', '2324HK1', 'SINHHOC', '8.8', '7.2', '8.0', NULL, NULL);
INSERT INTO KQHTMHHK VALUES ('THPTNT07107', 'NT1207A1', '2324HK1', 'HOAHOC', '4.0', '9.3', '6.65', NULL, NULL);
INSERT INTO KQHTMHHK VALUES ('THPTNT07107', 'NT1207A1', '2324HK1', 'VATLY', '6.0', '7.0', '6.5', NULL, NULL);
INSERT INTO KQHTMHHK VALUES ('THPTNT07116', 'NT1207A1', '2324HK1', 'TOAN', '5.3', '4.8', '5.05', NULL, NULL);
INSERT INTO KQHTMHHK VALUES ('THPTNT07116', 'NT1207A1', '2324HK1', 'NGUVAN', '8.0', '3.1', '5.55', NULL, NULL);
INSERT INTO KQHTMHHK VALUES ('THPTNT07116', 'NT1207A1', '2324HK1', 'TIENGANH', '3.6', '6.6', '5.1', NULL, NULL);
INSERT INTO KQHTMHHK VALUES ('THPTNT07116', 'NT1207A1', '2324HK1', 'LICHSU', '8.5', '5.0', '6.75', NULL, NULL);
INSERT INTO KQHTMHHK VALUES ('THPTNT07116', 'NT1207A1', '2324HK1', 'DIALY', '3.3', '8.6', '5.949999999999999', NULL, NULL);
INSERT INTO KQHTMHHK VALUES ('THPTNT07116', 'NT1207A1', '2324HK1', 'SINHHOC', '4.7', '7.2', '5.95', NULL, NULL);
INSERT INTO KQHTMHHK VALUES ('THPTNT07116', 'NT1207A1', '2324HK1', 'HOAHOC', '6.3', '3.2', '4.75', NULL, NULL);
INSERT INTO KQHTMHHK VALUES ('THPTNT07116', 'NT1207A1', '2324HK1', 'VATLY', '5.9', '4.8', '5.35', NULL, NULL);
INSERT INTO KQHTMHHK VALUES ('THPTNT07099', 'NT1207A10', '2324HK1', 'TOAN', '8.4', '9.3', '8.850000000000001', NULL, NULL);
INSERT INTO KQHTMHHK VALUES ('THPTNT07099', 'NT1207A10', '2324HK1', 'NGUVAN', '9.4', '5.7', '7.550000000000001', NULL, NULL);
INSERT INTO KQHTMHHK VALUES ('THPTNT07099', 'NT1207A10', '2324HK1', 'TIENGANH', '8.2', '7.1', '7.6499999999999995', NULL, NULL);
INSERT INTO KQHTMHHK VALUES ('THPTNT07099', 'NT1207A10', '2324HK1', 'LICHSU', '6.1', '3.3', '4.699999999999999', NULL, NULL);
INSERT INTO KQHTMHHK VALUES ('THPTNT07099', 'NT1207A10', '2324HK1', 'DIALY', '7.7', '9.9', '8.8', NULL, NULL);
INSERT INTO KQHTMHHK VALUES ('THPTNT07099', 'NT1207A10', '2324HK1', 'SINHHOC', '5.0', '4.9', '4.95', NULL, NULL);
INSERT INTO KQHTMHHK VALUES ('THPTNT07099', 'NT1207A10', '2324HK1', 'HOAHOC', '4.9', '3.1', '4.0', NULL, NULL);
INSERT INTO KQHTMHHK VALUES ('THPTNT07099', 'NT1207A10', '2324HK1', 'VATLY', '6.1', '6.9', '6.5', NULL, NULL);
INSERT INTO KQHTMHHK VALUES ('THPTNT07100', 'NT1207A10', '2324HK1', 'TOAN', '6.3', '6.0', '6.15', NULL, NULL);
INSERT INTO KQHTMHHK VALUES ('THPTNT07100', 'NT1207A10', '2324HK1', 'NGUVAN', '8.3', '9.3', '8.8', NULL, NULL);
INSERT INTO KQHTMHHK VALUES ('THPTNT07100', 'NT1207A10', '2324HK1', 'TIENGANH', '6.3', '6.8', '6.55', NULL, NULL);
INSERT INTO KQHTMHHK VALUES ('THPTNT07100', 'NT1207A10', '2324HK1', 'LICHSU', '6.0', '6.6', '6.3', NULL, NULL);
INSERT INTO KQHTMHHK VALUES ('THPTNT07100', 'NT1207A10', '2324HK1', 'DIALY', '8.8', '4.7', '6.75', NULL, NULL);
INSERT INTO KQHTMHHK VALUES ('THPTNT07100', 'NT1207A10', '2324HK1', 'SINHHOC', '5.6', '7.0', '6.3', NULL, NULL);
INSERT INTO KQHTMHHK VALUES ('THPTNT07100', 'NT1207A10', '2324HK1', 'HOAHOC', '8.8', '7.3', '8.05', NULL, NULL);
INSERT INTO KQHTMHHK VALUES ('THPTNT07100', 'NT1207A10', '2324HK1', 'VATLY', '5.1', '8.6', '6.85', NULL, NULL);
INSERT INTO KQHTMHHK VALUES ('THPTNT07096', 'NT1207A11', '2324HK1', 'TOAN', '9.4', '3.8', '6.6', NULL, NULL);
INSERT INTO KQHTMHHK VALUES ('THPTNT07096', 'NT1207A11', '2324HK1', 'NGUVAN', '5.1', '3.6', '4.35', NULL, NULL);
INSERT INTO KQHTMHHK VALUES ('THPTNT07096', 'NT1207A11', '2324HK1', 'TIENGANH', '8.9', '6.8', '7.85', NULL, NULL);
INSERT INTO KQHTMHHK VALUES ('THPTNT07096', 'NT1207A11', '2324HK1', 'LICHSU', '8.2', '4.0', '6.1', NULL, NULL);
INSERT INTO KQHTMHHK VALUES ('THPTNT07096', 'NT1207A11', '2324HK1', 'DIALY', '5.1', '9.5', '7.3', NULL, NULL);
INSERT INTO KQHTMHHK VALUES ('THPTNT07096', 'NT1207A11', '2324HK1', 'SINHHOC', '5.0', '7.3', '6.15', NULL, NULL);
INSERT INTO KQHTMHHK VALUES ('THPTNT07096', 'NT1207A11', '2324HK1', 'HOAHOC', '9.8', '9.9', '9.850000000000001', NULL, NULL);
INSERT INTO KQHTMHHK VALUES ('THPTNT07096', 'NT1207A11', '2324HK1', 'VATLY', '8.6', '8.9', '8.75', NULL, NULL);
INSERT INTO TRUONG VALUES ('THPTHN', N'Trường THPT Hiếu Nhơn', N'ĐT906, Hiếu Nhơn, Vũng Liêm, Vĩnh Long', '2703987344', 'c3hieunhon@gmail.com', 'HVL', 'THPT');
INSERT INTO LOP VALUES ('10A1', '10', 'THPTHN');
INSERT INTO LOP VALUES ('10A2', '10', 'THPTHN');
INSERT INTO LOP VALUES ('10A3', '10', 'THPTHN');
INSERT INTO LOP VALUES ('10A4', '10', 'THPTHN');
INSERT INTO LOP VALUES ('10A5', '10', 'THPTHN');
INSERT INTO LOP VALUES ('10A6', '10', 'THPTHN');
INSERT INTO LOP VALUES ('11A1', '11', 'THPTHN');
INSERT INTO LOP VALUES ('11A2', '11', 'THPTHN');
INSERT INTO LOP VALUES ('11A3', '11', 'THPTHN');
INSERT INTO LOP VALUES ('11A4', '11', 'THPTHN');
INSERT INTO LOP VALUES ('11A5', '11', 'THPTHN');
INSERT INTO LOP VALUES ('11A6', '11', 'THPTHN');
INSERT INTO LOP VALUES ('12A1', '12', 'THPTHN');
INSERT INTO LOP VALUES ('12A2', '12', 'THPTHN');
INSERT INTO LOP VALUES ('12A3', '12', 'THPTHN');
INSERT INTO LOP VALUES ('12A4', '12', 'THPTHN');
INSERT INTO LOP VALUES ('12A5', '12', 'THPTHN');
INSERT INTO LOP VALUES ('12A6', '12', 'THPTHN');
INSERT INTO PHUHUYNH VALUES ('PHHN1', N'Lều Tuấn Tài', N'Bố ', N'Ấp Trung Hòa, Trung An, Vũng Liêm Vĩnh Long', '516045492', 'leutuantai1234@gmail.com');
INSERT INTO PHUHUYNH VALUES ('PHHN2', N'Nguyễn Văn Dũng', N'Bố ', N'Ấp Hiếu Minh B,Hiếu Nhơn, Vũng Liêm, Vĩnh Long', '907746643', 'nguyenvandung5678@gmail.com');
INSERT INTO PHUHUYNH VALUES ('PHHN3', N'Phạm Văn Hên', N'Bố ', N'Ấp Hiếu Minh B,Hiếu Nhơn, Vũng Liêm, Vĩnh Long', '409402208', 'phamvanhen9012@gmail.com');
INSERT INTO PHUHUYNH VALUES ('PHHN4', N'Bùi Thị Trúc', N'Bố ', N'Ấp Hiếu Minh B,Hiếu Nhơn, Vũng Liêm, Vĩnh Long', '639749173', 'buithitrucafgh@gmail.com');
INSERT INTO PHUHUYNH VALUES ('PHHN5', N'Phạm Hồng Mai', N'Mẹ', N'Ấp Trung Hòa, Trung An, Vũng Liêm Vĩnh Long', '817259088', 'phamhongmaijkl@gmail.com');
INSERT INTO PHUHUYNH VALUES ('PHHN6', N'Nguyễn Anh Tú', N'Bố ', N'DT906, Hiếu Thuận, Vũng Liêm, Vĩnh Long', '291478186', 'nguyenanhtumno@gmail.com');
INSERT INTO PHUHUYNH VALUES ('PHHN7', N'Dương Văn Tám', N'Bố ', N'Ấp Hiếu Thủ, Hiếu Nhơn, Vũng Liêm, Vĩnh Long', '492705781', 'duongvantam12345@gmail.com');
INSERT INTO PHUHUYNH VALUES ('PHHN8', N'Nguyễn Mạnh Hải', N'Bố ', N'Ấp Trung Hòa, Trung An, Vũng Liêm Vĩnh Long', '214184293', 'nguyenmanhhai67890@gmail.com');
INSERT INTO PHUHUYNH VALUES ('PHHN9', N'Phạm Cẩm Tú', N'Mẹ ', N'Ấp An Lạc, Trung An, Vũng Liêm, Vĩnh Long', '777261782', 'phamcamtu78901@gmail.com');
INSERT INTO PHUHUYNH VALUES ('PHHN10', N'Nguyễn Thùy Linh', N'Bố ', N'Ấp Hiếu Thủ, Hiếu Nhơn, Vũng Liêm, Vĩnh Long', '68290702', 'nguyenthuylinh23456@gmail.com');
INSERT INTO PHUHUYNH VALUES ('PHHN11', N'Lưu Bá Kiến', N'Bố ', N'Ấp Hiếu Minh B,Hiếu Nhơn, Vũng Liêm, Vĩnh Long', '150283897', 'luubakien56789@gmail.com');
INSERT INTO PHUHUYNH VALUES ('PHHN12', N'Nguyễn Hữu Đằng', N'Bố ', N'Ấp Hiếu Hòa A, Hiếu Nhơn, Vũng Liêm, Vĩnh Long', '301967687', 'nguyenhuudang01234@gmail.com');
INSERT INTO PHUHUYNH VALUES ('PHHN13', N'Phạm Bích Hồng', N'Mẹ', N'Ấp Trung Hòa, Trung An, Vũng Liêm Vĩnh Long', '891709335', 'phambichhong67890@gmail.com');
INSERT INTO PHUHUYNH VALUES ('PHHN14', N'Nguyễn Đức Dũng', N'Bố ', N'Ấp Hiếu Hòa B, Hiếu Nhơn, Vũng Liêm, Vĩnh Long', '538658553', 'nguyenducdung56789@gmail.com');
INSERT INTO PHUHUYNH VALUES ('PHHN15', N'Vũ Đức Kiên', N'Bố ', N'Ấp Hiếu Minh B,Hiếu Nhơn, Vũng Liêm, Vĩnh Long', '225171219', 'vuduckien01234@gmail.com');
INSERT INTO PHUHUYNH VALUES ('PHHN16', N'Phan Thục Ðoan', N'Mẹ', N'Ấp Ngã Phú, Hiếu Nhơn, Vũng Liêm, Vĩnh Long', '54347421', 'phanthucdoan90123@gmail.com');
INSERT INTO PHUHUYNH VALUES ('PHHN17', N'Lê Minh Khôi', N'Bố ', N'DT906, Hiếu Thuận, Vũng Liêm, Vĩnh Long', '205021912', 'leminhkhoi23456@gmail.com');
INSERT INTO PHUHUYNH VALUES ('PHHN18', N'Nguyễn Minh Vương', N'Bố ', N'Ấp An Lạc, Trung An, Vũng Liêm, Vĩnh Long', '302848246', 'nguyenminhvuong78901@gmail.com');
INSERT INTO PHUHUYNH VALUES ('PHHN19', N'Bùi Tấn Tú', N'Bố ', N'Ấp Ngã Phú, Hiếu Nhơn, Vũng Liêm, Vĩnh Long', '17251452', 'buitantu12345@gmail.com');
INSERT INTO PHUHUYNH VALUES ('PHHN20', N'Nguyễn Minh Duy', N'Bố ', N'Ấp Hiếu Hòa B, Hiếu Nhơn, Vũng Liêm, Vĩnh Long', '619986420', 'nguyenminhduy67890@gmail.com');
INSERT INTO PHUHUYNH VALUES ('PHHN21', N'Đỗ Diễm Phượng', N'Mẹ ', N'Ấp An Lạc, Trung An, Vũng Liêm, Vĩnh Long', '801047084', 'dodiemphuong56789@gmail.com');
INSERT INTO PHUHUYNH VALUES ('PHHN22', N'Phạm Mỹ Hiệp', N'Mẹ', N'Ấp Hiếu Hòa A, Hiếu Nhơn, Vũng Liêm, Vĩnh Long', '166971383', 'phammyhiep01234@gmail.com');
INSERT INTO PHUHUYNH VALUES ('PHHN23', N'Trịnh Xuân Quyết', N'Bố ', N'Ấp Ngã Phú, Hiếu Nhơn, Vũng Liêm, Vĩnh Long', '531168528', 'trinhxuanquyet90123@gmail.com');
INSERT INTO PHUHUYNH VALUES ('PHHN24', N'Nguyễn Kiến Tạo', N'Bố ', N'Ấp An Lạc, Trung An, Vũng Liêm, Vĩnh Long', '179345281', 'nguyenkientao23456@gmail.com');
INSERT INTO PHUHUYNH VALUES ('PHHN25', N'Phạm Văn Hai', N'Bố ', N'Ấp Hiếu Thủ, Hiếu Nhơn, Vũng Liêm, Vĩnh Long', '93670138', 'phamvanhai78901@gmail.com');
INSERT INTO PHUHUYNH VALUES ('PHHN26', N'Võ Ánh Hoa', N'Mẹ', N'Ấp Hiếu Hòa B, Hiếu Nhơn, Vũng Liêm, Vĩnh Long', '420471377', 'voanhhoa45678@gmail.com');
INSERT INTO PHUHUYNH VALUES ('PHHN27', N'Hoàng Anh Tuấn', N'Bố ', N'Ấp Hiếu Hòa B, Hiếu Nhơn, Vũng Liêm, Vĩnh Long', '875251299', 'hoanganhtuan89012@gmail.com');
INSERT INTO PHUHUYNH VALUES ('PHHN28', N'Mai Thành Công', N'Bố ', N'Ấp Hiếu Thủ, Hiếu Nhơn, Vũng Liêm, Vĩnh Long', '394808117', 'maithanhcong12345@gmail.com');
INSERT INTO PHUHUYNH VALUES ('PHHN29', N'Lê Tiến Lên', N'Bố ', N'Ấp Ngã Phú, Hiếu Nhơn, Vũng Liêm, Vĩnh Long', '51909336', 'letienlen67890@gmail.com');
INSERT INTO PHUHUYNH VALUES ('PHHN30', N'Trần Xuân Hoàng', N'Bố ', N'Ấp Trung Hòa, Trung An, Vũng Liêm Vĩnh Long', '588033657', 'tranxuanhoang23456@gmail.com');
INSERT INTO PHUHUYNH VALUES ('PHHN31', N'Lê Văn Khanh', N'Bố ', N'Ấp Ngã Phú, Hiếu Nhơn, Vũng Liêm, Vĩnh Long', '788476399', 'levankhanh78901@gmail.com');
INSERT INTO PHUHUYNH VALUES ('PHHN32', N'Dương Phú', N'Bố ', N'Ấp An Lạc, Trung An, Vũng Liêm, Vĩnh Long', '814344316', 'duongphu01234@gmail.com');
INSERT INTO PHUHUYNH VALUES ('PHHN33', N'Hồ Cẩm Ly', N'mẹ', N'Ấp Hiếu Hòa A, Hiếu Nhơn, Vũng Liêm, Vĩnh Long', '825956483', 'hocamly56789@gmail.com');
INSERT INTO PHUHUYNH VALUES ('PHHN34', N'Đặng Thành Đạt', N'Bố ', N'Ấp Ngã Phú, Hiếu Nhơn, Vũng Liêm, Vĩnh Long', '541088187', 'dangthanhdat90123@gmail.com');
INSERT INTO PHUHUYNH VALUES ('PHHN35', N'Nguyễn Hữu Bình', N'Bố ', N'Ấp Hiếu Minh B,Hiếu Nhơn, Vũng Liêm, Vĩnh Long', '671159727', 'nguyenhuubinh23456@gmail.com');
INSERT INTO PHUHUYNH VALUES ('PHHN36', N'Nguyễn Hòa Giang', N'Bố ', N'Ấp Hiếu Hòa A, Hiếu Nhơn, Vũng Liêm, Vĩnh Long', '961256052', 'nguyenhoagiang78901@gmail.com');
INSERT INTO PHUHUYNH VALUES ('PHHN37', N'Phạm Ðông Dương', N'Bố ', N'Ấp Hiếu Minh B,Hiếu Nhơn, Vũng Liêm, Vĩnh Long', '817265460', 'phamdongduong12345@gmail.com');
INSERT INTO PHUHUYNH VALUES ('PHHN38', N'Phạm Nhất', N'Bố ', N'Ấp Hiếu Minh B,Hiếu Nhơn, Vũng Liêm, Vĩnh Long', '246682970', 'phamnhat67890@gmail.com');
INSERT INTO PHUHUYNH VALUES ('PHHN39', N'Phạm Bích Quyên', N'Mẹ', N'Ấp Hiếu Minh B,Hiếu Nhơn, Vũng Liêm, Vĩnh Long', '456172105', 'phambichquyen01234@gmail.com');
INSERT INTO PHUHUYNH VALUES ('PHHN40', N'Hồ Thanh Phú', N'Bố ', N'DT906, Hiếu Thuận, Vũng Liêm, Vĩnh Long', '346279315', 'hothanhphu56789@gmail.com');
INSERT INTO PHUHUYNH VALUES ('PHHN41', N'Ngô Hữu Cương', N'Bố ', N'Ấp Trung Hòa, Trung An, Vũng Liêm Vĩnh Long', '118209596', 'ngohuucuong89012@gmail.com');
INSERT INTO PHUHUYNH VALUES ('PHHN42', N'Ngô Ngọc Lân', N'Bố ', N'Ấp Hiếu Minh B,Hiếu Nhơn, Vũng Liêm, Vĩnh Long', '790303023', 'ngongoclan12345@gmail.com');
INSERT INTO PHUHUYNH VALUES ('PHHN43', N'Nguyễn Phú Hưng', N'Bố ', N'Ấp Hiếu Hòa B, Hiếu Nhơn, Vũng Liêm, Vĩnh Long', '282448845', 'nguyenphuhung67890@gmail.com');
INSERT INTO PHUHUYNH VALUES ('PHHN44', N'Nguyễn Việt Dũng', N'Bố ', N'Ấp Hiếu Hòa A, Hiếu Nhơn, Vũng Liêm, Vĩnh Long', '885398029', 'nguyenvietdung01234@gmail.com');
INSERT INTO PHUHUYNH VALUES ('PHHN45', N'Nguyễn Mạnh Thắng', N'Bố ', N'Ấp Hiếu Thủ, Hiếu Nhơn, Vũng Liêm, Vĩnh Long', '877299096', 'nguyenmanhthang90123@gmail.com');
INSERT INTO PHUHUYNH VALUES ('PHHN46', N'Nguyễn Ðình Dương', N'Bố ', N'Ấp Hiếu Thủ, Hiếu Nhơn, Vũng Liêm, Vĩnh Long', '479555372', 'nguyendinhduong23456@gmail.com');
INSERT INTO PHUHUYNH VALUES ('PHHN47', N'Hồ Vân Thúy', N'Mẹ', N'Ấp Hiếu Minh B,Hiếu Nhơn, Vũng Liêm, Vĩnh Long', '10601294', 'hovanthuy78901@gmail.com');
INSERT INTO PHUHUYNH VALUES ('PHHN48', N'Lê Tuấn Huỳnh', N'Bố ', N'DT906, Hiếu Thuận, Vũng Liêm, Vĩnh Long', '472501616', 'letuanhuynh12345@gmail.com');
INSERT INTO PHUHUYNH VALUES ('PHHN49', N'Nguyễn Thanh Hải', N'Bố ', N'Ấp Hiếu Hòa B, Hiếu Nhơn, Vũng Liêm, Vĩnh Long', '805520933', 'nguyenthanhhai67890@gmail.com');
INSERT INTO PHUHUYNH VALUES ('PHHN50', N'Nguyễn Anh Sơn', N'Bố ', N'Ấp Trung Hòa, Trung An, Vũng Liêm Vĩnh Long', '47512898', 'nguyenanhson01234@gmail.com');
INSERT INTO PHUHUYNH VALUES ('PHHN51', N'Trần Sơn', N'Bố ', N'Ấp Hiếu Minh B,Hiếu Nhơn, Vũng Liêm, Vĩnh Long', '177699831', 'transon56789@gmail.com');
INSERT INTO PHUHUYNH VALUES ('PHHN52', N'Nguyễn Khánh Sơn', N'Bố ', N'DT906, Hiếu Thuận, Vũng Liêm, Vĩnh Long', '900891449', 'nguyenkhanhson90123@gmail.com');
INSERT INTO PHUHUYNH VALUES ('PHHN53', N'Lê Bích Loan', N'Mẹ', N'Ấp Hiếu Hòa B, Hiếu Nhơn, Vũng Liêm, Vĩnh Long', '660548422', 'lebichloan23456@gmail.com');
INSERT INTO PHUHUYNH VALUES ('PHHN54', N'Trần Tuấn Hải', N'Bố ', N'Ấp Hiếu Hòa B, Hiếu Nhơn, Vũng Liêm, Vĩnh Long', '872700016', 'trantuanhai78901@gmail.com');
INSERT INTO PHUHUYNH VALUES ('PHHN55', N'Đào Văn Thắng', N'Bố ', N'Ấp Hiếu Minh B,Hiếu Nhơn, Vũng Liêm, Vĩnh Long', '357869322', 'daovanthang12345@gmail.com');
INSERT INTO PHUHUYNH VALUES ('PHHN56', N'Lê Hồng Hạnh', N'mẹ', N'Ấp Hiếu Hòa A, Hiếu Nhơn, Vũng Liêm, Vĩnh Long', '659149598', 'lehonghanh67890@gmail.com');
INSERT INTO PHUHUYNH VALUES ('PHHN57', N'Nguyễn Minh Nghĩa', N'Bố ', N'Ấp Ngã Phú, Hiếu Nhơn, Vũng Liêm, Vĩnh Long', '446983905', 'nguyenminhnghia01234@gmail.com');
INSERT INTO PHUHUYNH VALUES ('PHHN58', N'Mạc Thiên Phú', N'Bố ', N'Ấp Hiếu Minh B,Hiếu Nhơn, Vũng Liêm, Vĩnh Long', '824407018', 'macthienphu56789@gmail.com');
INSERT INTO PHUHUYNH VALUES ('PHHN59', N'Nghiêm Văn Lanh', N'Bố ', N'Ấp An Lạc, Trung An, Vũng Liêm, Vĩnh Long', '329104737', 'nghiemvanlanh89012@gmail.com');
INSERT INTO PHUHUYNH VALUES ('PHHN60', N'Huỳnh Kim Hoa', N'mẹ', N'Ấp Hiếu Thủ, Hiếu Nhơn, Vũng Liêm, Vĩnh Long', '87458811', 'huynhkimhoa23456@gmail.com');
INSERT INTO HOCSINH VALUES ('86206450103', N'Lều Ngọc An', '2006-06-10', '2', N'Ấp Trung Hòa, Trung An, Vũng Liêm Vĩnh Long', 'VL');
INSERT INTO HOCSINH VALUES ('86306232227', N'Nguyễn Ngọc Trâm Anh', '2006-11-27', '3', N'Ấp Hiếu Minh B,Hiếu Nhơn, Vũng Liêm, Vĩnh Long', 'VL');
INSERT INTO HOCSINH VALUES ('86306963119', N'Phạm Việt Anh', '2006-10-20', '2', N'Ấp Hiếu Minh B,Hiếu Nhơn, Vũng Liêm, Vĩnh Long', 'VL');
INSERT INTO HOCSINH VALUES ('86306498519', N'Bùi Thị Quỳnh Anh', '2006-01-09', '3', N'Ấp Hiếu Minh B,Hiếu Nhơn, Vũng Liêm, Vĩnh Long', 'VL');
INSERT INTO HOCSINH VALUES ('86306213972', N'Vũ Đức Anh', '2006-08-15', '2', N'Ấp Trung Hòa, Trung An, Vũng Liêm Vĩnh Long', 'VL');
INSERT INTO HOCSINH VALUES ('86306691533', N'Nguyễn Phùng Linh Chi', '2006-08-05', '3', N'DT906, Hiếu Thuận, Vũng Liêm, Vĩnh Long', 'VL');
INSERT INTO HOCSINH VALUES ('86306272695', N'Dương Mỹ Dung', '2006-08-29', '3', N'Ấp Hiếu Thủ, Hiếu Nhơn, Vũng Liêm, Vĩnh Long', 'VL');
INSERT INTO HOCSINH VALUES ('86306851907', N'Nguyễn Mạnh Duy', '2006-03-16', '2', N'Ấp Trung Hòa, Trung An, Vũng Liêm Vĩnh Long', 'VL');
INSERT INTO HOCSINH VALUES ('86306522722', N'Phạm Phương Duy', '2006-04-10', '2', N'Ấp An Lạc, Trung An, Vũng Liêm, Vĩnh Long', 'VL');
INSERT INTO HOCSINH VALUES ('86306156242', N'Nguyễn Thùy Dương', '2006-04-29', '3', N'Ấp Hiếu Thủ, Hiếu Nhơn, Vũng Liêm, Vĩnh Long', 'VL');
INSERT INTO HOCSINH VALUES ('86306011719', N'Lưu Minh Hằng', '2006-06-03', '3', N'Ấp Hiếu Minh B,Hiếu Nhơn, Vũng Liêm, Vĩnh Long', 'VL');
INSERT INTO HOCSINH VALUES ('86306719390', N'Nguyễn Hữu Minh Hoàng', '2006-09-27', '2', N'Ấp Hiếu Hòa A, Hiếu Nhơn, Vũng Liêm, Vĩnh Long', 'VL');
INSERT INTO HOCSINH VALUES ('86206777887', N'Nguyễn Huy Hoàng', '2006-09-07', '2', N'Ấp Trung Hòa, Trung An, Vũng Liêm Vĩnh Long', 'VL');
INSERT INTO HOCSINH VALUES ('86206713693', N'Nguyễn Đức Huy', '2006-01-20', '2', N'Ấp Hiếu Hòa B, Hiếu Nhơn, Vũng Liêm, Vĩnh Long', 'VL');
INSERT INTO HOCSINH VALUES ('86206080565', N'Vũ Đức Huy', '2006-10-05', '2', N'Ấp Hiếu Minh B,Hiếu Nhơn, Vũng Liêm, Vĩnh Long', 'VL');
INSERT INTO HOCSINH VALUES ('86206278242', N'Nguyễn Trung Kiên', '2006-10-16', '2', N'Ấp Ngã Phú, Hiếu Nhơn, Vũng Liêm, Vĩnh Long', 'VL');
INSERT INTO HOCSINH VALUES ('86206652945', N'Lê Duy Khiêm', '2006-12-22', '2', N'DT906, Hiếu Thuận, Vũng Liêm, Vĩnh Long', 'VL');
INSERT INTO HOCSINH VALUES ('86306904787', N'Nguyễn Minh Khuê', '2006-03-03', '3', N'Ấp An Lạc, Trung An, Vũng Liêm, Vĩnh Long', 'VL');
INSERT INTO HOCSINH VALUES ('86306611400', N'Bùi Hải Lâm', '2006-08-21', '2', N'Ấp Ngã Phú, Hiếu Nhơn, Vũng Liêm, Vĩnh Long', 'VL');
INSERT INTO HOCSINH VALUES ('86306243714', N'Nguyễn Hà Gia Linh', '2006-09-24', '3', N'Ấp Hiếu Hòa B, Hiếu Nhơn, Vũng Liêm, Vĩnh Long', 'VL');
INSERT INTO HOCSINH VALUES ('86207714615', N'Nguyễn Phúc Lộc', '2007-12-04', '2', N'Ấp An Lạc, Trung An, Vũng Liêm, Vĩnh Long', 'VL');
INSERT INTO HOCSINH VALUES ('86207808567', N'Hoàng Hương Ly', '2007-02-23', '3', N'Ấp Hiếu Hòa A, Hiếu Nhơn, Vũng Liêm, Vĩnh Long', 'VL');
INSERT INTO HOCSINH VALUES ('86207798830', N'Trịnh Xuân Minh', '2007-12-16', '2', N'Ấp Ngã Phú, Hiếu Nhơn, Vũng Liêm, Vĩnh Long', 'VL');
INSERT INTO HOCSINH VALUES ('86207469296', N'Nguyễn Vũ Tiến ', '2007-03-23', '2', N'Ấp An Lạc, Trung An, Vũng Liêm, Vĩnh Long', 'VL');
INSERT INTO HOCSINH VALUES ('86207549383', N'Phạm Thị Hằng Nga', '2007-02-08', '3', N'Ấp Hiếu Thủ, Hiếu Nhơn, Vũng Liêm, Vĩnh Long', 'VL');
INSERT INTO HOCSINH VALUES ('86207262287', N'Hoàng Kim Ngân', '2007-10-03', '3', N'Ấp Hiếu Hòa B, Hiếu Nhơn, Vũng Liêm, Vĩnh Long', 'VL');
INSERT INTO HOCSINH VALUES ('86207744359', N'Hoàng Yến Nhi', '2007-12-09', '3', N'Ấp Hiếu Hòa B, Hiếu Nhơn, Vũng Liêm, Vĩnh Long', 'VL');
INSERT INTO HOCSINH VALUES ('86207842928', N'Mai Ngô Thiên Phú', '2007-12-12', '2', N'Ấp Hiếu Thủ, Hiếu Nhơn, Vũng Liêm, Vĩnh Long', 'VL');
INSERT INTO HOCSINH VALUES ('86207986423', N'Lê Tiến Tâm', '2007-09-21', '2', N'Ấp Ngã Phú, Hiếu Nhơn, Vũng Liêm, Vĩnh Long', 'VL');
INSERT INTO HOCSINH VALUES ('86207460141', N'Trần Xuân Toản', '2007-04-21', '2', N'Ấp Trung Hòa, Trung An, Vũng Liêm Vĩnh Long', 'VL');
INSERT INTO HOCSINH VALUES ('86207710908', N'Lê Minh Tuấn', '2007-09-06', '2', N'Ấp Ngã Phú, Hiếu Nhơn, Vũng Liêm, Vĩnh Long', 'VL');
INSERT INTO HOCSINH VALUES ('86207667685', N'Dương Tất Thành', '2007-04-07', '2', N'Ấp An Lạc, Trung An, Vũng Liêm, Vĩnh Long', 'VL');
INSERT INTO HOCSINH VALUES ('86207888797', N'Lê Cao Thắng', '2007-11-28', '2', N'Ấp Hiếu Hòa A, Hiếu Nhơn, Vũng Liêm, Vĩnh Long', 'VL');
INSERT INTO HOCSINH VALUES ('86307189962', N'Đặng Phương Thúy', '2007-09-17', '3', N'Ấp Ngã Phú, Hiếu Nhơn, Vũng Liêm, Vĩnh Long', 'VL');
INSERT INTO HOCSINH VALUES ('86307055318', N'Nguyễn Thu Trang', '2007-02-18', '3', N'Ấp Hiếu Minh B,Hiếu Nhơn, Vũng Liêm, Vĩnh Long', 'VL');
INSERT INTO HOCSINH VALUES ('86307175465', N'Nguyễn Thùy Trang', '2007-11-05', '3', N'Ấp Hiếu Hòa A, Hiếu Nhơn, Vũng Liêm, Vĩnh Long', 'VL');
INSERT INTO HOCSINH VALUES ('86307943802', N'Phạm Duy Anh', '8/30/2007', '2', N'Ấp Hiếu Minh B,Hiếu Nhơn, Vũng Liêm, Vĩnh Long', 'VL');
INSERT INTO HOCSINH VALUES ('86307327096', N'Phạm Thị Phương Anh', '2007-05-04', '3', N'Ấp Hiếu Minh B,Hiếu Nhơn, Vũng Liêm, Vĩnh Long', 'VL');
INSERT INTO HOCSINH VALUES ('86307458710', N'Trịnh Minh Anh', '2007-07-28', '3', N'Ấp Hiếu Minh B,Hiếu Nhơn, Vũng Liêm, Vĩnh Long', 'VL');
INSERT INTO HOCSINH VALUES ('86307315674', N'Hồ Phương Ánh', '2007-05-27', '3', N'DT906, Hiếu Thuận, Vũng Liêm, Vĩnh Long', 'VL');
INSERT INTO HOCSINH VALUES ('86308154045', N'Ngô Ngọc Bích', '2008-03-15', '3', N'Ấp Trung Hòa, Trung An, Vũng Liêm Vĩnh Long', 'VL');
INSERT INTO HOCSINH VALUES ('86308694168', N'Ngô Khánh Diệp', '2008-10-03', '3', N'Ấp Hiếu Minh B,Hiếu Nhơn, Vũng Liêm, Vĩnh Long', 'VL');
INSERT INTO HOCSINH VALUES ('86308882910', N'Nguyễn Thanh Dương', '2008-12-30', '2', N'Ấp Hiếu Hòa B, Hiếu Nhơn, Vũng Liêm, Vĩnh Long', 'VL');
INSERT INTO HOCSINH VALUES ('86308841669', N'Nguyễn Tấn Dũng', '2008-09-30', '2', N'Ấp Hiếu Hòa A, Hiếu Nhơn, Vũng Liêm, Vĩnh Long', 'VL');
INSERT INTO HOCSINH VALUES ('86308892941', N'Nguyễn Thục Hân', '2008-01-02', '3', N'Ấp Hiếu Thủ, Hiếu Nhơn, Vũng Liêm, Vĩnh Long', 'VL');
INSERT INTO HOCSINH VALUES ('86308285182', N'Nguyễn Tiến Huy Hoàng', '2008-04-06', '2', N'Ấp Hiếu Thủ, Hiếu Nhơn, Vũng Liêm, Vĩnh Long', 'VL');
INSERT INTO HOCSINH VALUES ('86308761181', N'Vũ Duy Hưng', '2008-06-17', '2', N'Ấp Hiếu Minh B,Hiếu Nhơn, Vũng Liêm, Vĩnh Long', 'VL');
INSERT INTO HOCSINH VALUES ('86308420067', N'Lê Tuấn Kiệt', '2008-10-24', '2', N'DT906, Hiếu Thuận, Vũng Liêm, Vĩnh Long', 'VL');
INSERT INTO HOCSINH VALUES ('86308125527', N'Nguyễn Khang', '2008-10-08', '2', N'Ấp Hiếu Hòa B, Hiếu Nhơn, Vũng Liêm, Vĩnh Long', 'VL');
INSERT INTO HOCSINH VALUES ('86308439091', N'Nguyễn Hải Đăng Khoa', '2008-12-21', '2', N'Ấp Trung Hòa, Trung An, Vũng Liêm Vĩnh Long', 'VL');
INSERT INTO HOCSINH VALUES ('86308027689', N'Trần Diệu Linh', '2008-02-11', '3', N'Ấp Hiếu Minh B,Hiếu Nhơn, Vũng Liêm, Vĩnh Long', 'VL');
INSERT INTO HOCSINH VALUES ('86308633597', N'Nguyễn Thị Khánh Linh', '2008-09-14', '3', N'DT906, Hiếu Thuận, Vũng Liêm, Vĩnh Long', 'VL');
INSERT INTO HOCSINH VALUES ('86308336793', N'Đặng Thanh Minh', '2008-10-23', '2', N'Ấp Hiếu Hòa B, Hiếu Nhơn, Vũng Liêm, Vĩnh Long', 'VL');
INSERT INTO HOCSINH VALUES ('86308795923', N'Trần Tuấn Minh', '2008-11-23', '2', N'Ấp Hiếu Hòa B, Hiếu Nhơn, Vũng Liêm, Vĩnh Long', 'VL');
INSERT INTO HOCSINH VALUES ('86308020913', N'Đào Hà My', '2008-01-06', '3', N'Ấp Hiếu Minh B,Hiếu Nhơn, Vũng Liêm, Vĩnh Long', 'VL');
INSERT INTO HOCSINH VALUES ('86308051473', N'Nguyễn Hà My', '2008-11-24', '3', N'Ấp Hiếu Hòa A, Hiếu Nhơn, Vũng Liêm, Vĩnh Long', 'VL');
INSERT INTO HOCSINH VALUES ('86308256497', N'Nguyễn Minh Nghĩa', '2008-05-23', '2', N'Ấp Ngã Phú, Hiếu Nhơn, Vũng Liêm, Vĩnh Long', 'VL');
INSERT INTO HOCSINH VALUES ('86308834663', N'Mạc Yến Nhi', '2008-06-14', '3', N'Ấp Hiếu Minh B,Hiếu Nhơn, Vũng Liêm, Vĩnh Long', 'VL');
INSERT INTO HOCSINH VALUES ('86308512825', N'Nghiêm Yến Nhi', '2008-04-12', '3', N'Ấp An Lạc, Trung An, Vũng Liêm, Vĩnh Long', 'VL');
INSERT INTO HOCSINH VALUES ('86308563965', N'Nguyễn Thị Tuyết Nhi', '2008-10-03', '3', N'Ấp Hiếu Thủ, Hiếu Nhơn, Vũng Liêm, Vĩnh Long', 'VL');
INSERT INTO PH_HS VALUES ('PHHN1', '86206450103');
INSERT INTO PH_HS VALUES ('PHHN2', '86306232227');
INSERT INTO PH_HS VALUES ('PHHN3', '86306963119');
INSERT INTO PH_HS VALUES ('PHHN4', '86306498519');
INSERT INTO PH_HS VALUES ('PHHN5', '86306213972');
INSERT INTO PH_HS VALUES ('PHHN6', '86306691533');
INSERT INTO PH_HS VALUES ('PHHN7', '86306272695');
INSERT INTO PH_HS VALUES ('PHHN8', '86306851907');
INSERT INTO PH_HS VALUES ('PHHN9', '86306522722');
INSERT INTO PH_HS VALUES ('PHHN10', '86306156242');
INSERT INTO PH_HS VALUES ('PHHN11', '86306011719');
INSERT INTO PH_HS VALUES ('PHHN12', '86306719390');
INSERT INTO PH_HS VALUES ('PHHN13', '86206777887');
INSERT INTO PH_HS VALUES ('PHHN14', '86206713693');
INSERT INTO PH_HS VALUES ('PHHN15', '86206080565');
INSERT INTO PH_HS VALUES ('PHHN16', '86206278242');
INSERT INTO PH_HS VALUES ('PHHN17', '86206652945');
INSERT INTO PH_HS VALUES ('PHHN18', '86306904787');
INSERT INTO PH_HS VALUES ('PHHN19', '86306611400');
INSERT INTO PH_HS VALUES ('PHHN20', '86306243714');
INSERT INTO PH_HS VALUES ('PHHN21', '86207714615');
INSERT INTO PH_HS VALUES ('PHHN22', '86207808567');
INSERT INTO PH_HS VALUES ('PHHN23', '86207798830');
INSERT INTO PH_HS VALUES ('PHHN24', '86207469296');
INSERT INTO PH_HS VALUES ('PHHN25', '86207549383');
INSERT INTO PH_HS VALUES ('PHHN26', '86207262287');
INSERT INTO PH_HS VALUES ('PHHN27', '86207744359');
INSERT INTO PH_HS VALUES ('PHHN28', '86207842928');
INSERT INTO PH_HS VALUES ('PHHN29', '86207986423');
INSERT INTO PH_HS VALUES ('PHHN30', '86207460141');
INSERT INTO PH_HS VALUES ('PHHN31', '86207710908');
INSERT INTO PH_HS VALUES ('PHHN32', '86207667685');
INSERT INTO PH_HS VALUES ('PHHN33', '86207888797');
INSERT INTO PH_HS VALUES ('PHHN34', '86307189962');
INSERT INTO PH_HS VALUES ('PHHN35', '86307055318');
INSERT INTO PH_HS VALUES ('PHHN36', '86307175465');
INSERT INTO PH_HS VALUES ('PHHN37', '86307943802');
INSERT INTO PH_HS VALUES ('PHHN38', '86307327096');
INSERT INTO PH_HS VALUES ('PHHN39', '86307458710');
INSERT INTO PH_HS VALUES ('PHHN40', '86307315674');
INSERT INTO PH_HS VALUES ('PHHN41', '86308154045');
INSERT INTO PH_HS VALUES ('PHHN42', '86308694168');
INSERT INTO PH_HS VALUES ('PHHN43', '86308882910');
INSERT INTO PH_HS VALUES ('PHHN44', '86308841669');
INSERT INTO PH_HS VALUES ('PHHN45', '86308892941');
INSERT INTO PH_HS VALUES ('PHHN46', '86308285182');
INSERT INTO PH_HS VALUES ('PHHN47', '86308761181');
INSERT INTO PH_HS VALUES ('PHHN48', '86308420067');
INSERT INTO PH_HS VALUES ('PHHN49', '86308125527');
INSERT INTO PH_HS VALUES ('PHHN50', '86308439091');
INSERT INTO PH_HS VALUES ('PHHN51', '86308027689');
INSERT INTO PH_HS VALUES ('PHHN52', '86308633597');
INSERT INTO PH_HS VALUES ('PHHN53', '86308336793');
INSERT INTO PH_HS VALUES ('PHHN54', '86308795923');
INSERT INTO PH_HS VALUES ('PHHN55', '86308020913');
INSERT INTO PH_HS VALUES ('PHHN56', '86308051473');
INSERT INTO PH_HS VALUES ('PHHN57', '86308256497');
INSERT INTO PH_HS VALUES ('PHHN58', '86308834663');
INSERT INTO PH_HS VALUES ('PHHN59', '86308512825');
INSERT INTO PH_HS VALUES ('PHHN60', '86308563965');
INSERT INTO HOCSINH_LOP VALUES ('86206450103', '10A6', '2324HK1');
INSERT INTO HOCSINH_LOP VALUES ('86306232227', '10A6', '2324HK1');
INSERT INTO HOCSINH_LOP VALUES ('86306963119', '10A6', '2324HK1');
INSERT INTO HOCSINH_LOP VALUES ('86306498519', '10A6', '2324HK1');
INSERT INTO HOCSINH_LOP VALUES ('86306213972', '10A6', '2324HK1');
INSERT INTO HOCSINH_LOP VALUES ('86306691533', '10A6', '2324HK1');
INSERT INTO HOCSINH_LOP VALUES ('86306272695', '10A6', '2324HK1');
INSERT INTO HOCSINH_LOP VALUES ('86306851907', '10A6', '2324HK1');
INSERT INTO HOCSINH_LOP VALUES ('86306522722', '10A6', '2324HK1');
INSERT INTO HOCSINH_LOP VALUES ('86306156242', '10A6', '2324HK1');
INSERT INTO HOCSINH_LOP VALUES ('86306011719', '10A6', '2324HK1');
INSERT INTO HOCSINH_LOP VALUES ('86306719390', '10A6', '2324HK1');
INSERT INTO HOCSINH_LOP VALUES ('86206777887', '10A6', '2324HK1');
INSERT INTO HOCSINH_LOP VALUES ('86206713693', '10A6', '2324HK1');
INSERT INTO HOCSINH_LOP VALUES ('86206080565', '10A6', '2324HK1');
INSERT INTO HOCSINH_LOP VALUES ('86206278242', '10A6', '2324HK1');
INSERT INTO HOCSINH_LOP VALUES ('86206652945', '10A6', '2324HK1');
INSERT INTO HOCSINH_LOP VALUES ('86306904787', '10A6', '2324HK1');
INSERT INTO HOCSINH_LOP VALUES ('86306611400', '10A6', '2324HK1');
INSERT INTO HOCSINH_LOP VALUES ('86306243714', '10A6', '2324HK1');
INSERT INTO HOCSINH_LOP VALUES ('86207714615', '11A2', '2324HK1');
INSERT INTO HOCSINH_LOP VALUES ('86207808567', '11A2', '2324HK1');
INSERT INTO HOCSINH_LOP VALUES ('86207798830', '11A2', '2324HK1');
INSERT INTO HOCSINH_LOP VALUES ('86207469296', '11A2', '2324HK1');
INSERT INTO HOCSINH_LOP VALUES ('86207549383', '11A2', '2324HK1');
INSERT INTO HOCSINH_LOP VALUES ('86207262287', '11A2', '2324HK1');
INSERT INTO HOCSINH_LOP VALUES ('86207744359', '11A2', '2324HK1');
INSERT INTO HOCSINH_LOP VALUES ('86207842928', '11A2', '2324HK1');
INSERT INTO HOCSINH_LOP VALUES ('86207986423', '11A2', '2324HK1');
INSERT INTO HOCSINH_LOP VALUES ('86207460141', '11A2', '2324HK1');
INSERT INTO HOCSINH_LOP VALUES ('86207710908', '11A2', '2324HK1');
INSERT INTO HOCSINH_LOP VALUES ('86207667685', '11A2', '2324HK1');
INSERT INTO HOCSINH_LOP VALUES ('86207888797', '11A2', '2324HK1');
INSERT INTO HOCSINH_LOP VALUES ('86307189962', '11A2', '2324HK1');
INSERT INTO HOCSINH_LOP VALUES ('86307055318', '11A2', '2324HK1');
INSERT INTO HOCSINH_LOP VALUES ('86307175465', '11A2', '2324HK1');
INSERT INTO HOCSINH_LOP VALUES ('86307943802', '11A2', '2324HK1');
INSERT INTO HOCSINH_LOP VALUES ('86307327096', '11A2', '2324HK1');
INSERT INTO HOCSINH_LOP VALUES ('86307458710', '11A2', '2324HK1');
INSERT INTO HOCSINH_LOP VALUES ('86307315674', '11A2', '2324HK1');
INSERT INTO HOCSINH_LOP VALUES ('86308154045', '12A2', '2324HK1');
INSERT INTO HOCSINH_LOP VALUES ('86308694168', '12A2', '2324HK1');
INSERT INTO HOCSINH_LOP VALUES ('86308882910', '12A2', '2324HK1');
INSERT INTO HOCSINH_LOP VALUES ('86308841669', '12A2', '2324HK1');
INSERT INTO HOCSINH_LOP VALUES ('86308892941', '12A2', '2324HK1');
INSERT INTO HOCSINH_LOP VALUES ('86308285182', '12A2', '2324HK1');
INSERT INTO HOCSINH_LOP VALUES ('86308761181', '12A2', '2324HK1');
INSERT INTO HOCSINH_LOP VALUES ('86308420067', '12A2', '2324HK1');
INSERT INTO HOCSINH_LOP VALUES ('86308125527', '12A2', '2324HK1');
INSERT INTO HOCSINH_LOP VALUES ('86308439091', '12A2', '2324HK1');
INSERT INTO HOCSINH_LOP VALUES ('86308027689', '12A2', '2324HK1');
INSERT INTO HOCSINH_LOP VALUES ('86308633597', '12A2', '2324HK1');
INSERT INTO HOCSINH_LOP VALUES ('86308336793', '12A2', '2324HK1');
INSERT INTO HOCSINH_LOP VALUES ('86308795923', '12A2', '2324HK1');
INSERT INTO HOCSINH_LOP VALUES ('86308020913', '12A2', '2324HK1');
INSERT INTO HOCSINH_LOP VALUES ('86308051473', '12A2', '2324HK1');
INSERT INTO HOCSINH_LOP VALUES ('86308256497', '12A2', '2324HK1');
INSERT INTO HOCSINH_LOP VALUES ('86308834663', '12A2', '2324HK1');
INSERT INTO HOCSINH_LOP VALUES ('86308512825', '12A2', '2324HK1');
INSERT INTO HOCSINH_LOP VALUES ('86308563965', '12A2', '2324HK1');
INSERT INTO DIEMMH VALUES ('86206450103', 'TOAN', '2324HK1', '9.5', '2.0', '5.75');
INSERT INTO DIEMMH VALUES ('86306232227', 'TOAN', '2324HK1', '6.5', '8.5', '7.5');
INSERT INTO DIEMMH VALUES ('86306963119', 'TOAN', '2324HK1', '10.0', '10.0', '10.0');
INSERT INTO DIEMMH VALUES ('86306498519', 'TOAN', '2324HK1', '8.5', '5.0', '6.75');
INSERT INTO DIEMMH VALUES ('86306213972', 'TOAN', '2324HK1', '1.5', '2.0', '1.75');
INSERT INTO DIEMMH VALUES ('86306691533', 'TOAN', '2324HK1', '1.5', '2.0', '1.75');
INSERT INTO DIEMMH VALUES ('86306272695', 'TOAN', '2324HK1', '6.5', '2.0', '4.25');
INSERT INTO DIEMMH VALUES ('86306851907', 'TOAN', '2324HK1', '2.0', '6.0', '4.0');
INSERT INTO DIEMMH VALUES ('86306522722', 'TOAN', '2324HK1', '6.0', '3.5', '4.75');
INSERT INTO DIEMMH VALUES ('86306156242', 'TOAN', '2324HK1', '2.5', '3.5', '3.0');
INSERT INTO DIEMMH VALUES ('86306011719', 'TOAN', '2324HK1', '9.0', '5.0', '7.0');
INSERT INTO DIEMMH VALUES ('86306719390', 'TOAN', '2324HK1', '8.0', '3.5', '5.75');
INSERT INTO DIEMMH VALUES ('86206777887', 'TOAN', '2324HK1', '8.5', '5.0', '6.75');
INSERT INTO DIEMMH VALUES ('86206713693', 'TOAN', '2324HK1', '4.0', '5.0', '4.5');
INSERT INTO DIEMMH VALUES ('86206080565', 'TOAN', '2324HK1', '4.0', '9.5', '6.75');
INSERT INTO DIEMMH VALUES ('86206278242', 'TOAN', '2324HK1', '9.0', '6.5', '7.75');
INSERT INTO DIEMMH VALUES ('86206652945', 'TOAN', '2324HK1', '4.5', '6.0', '5.25');
INSERT INTO DIEMMH VALUES ('86306904787', 'TOAN', '2324HK1', '2.0', '7.5', '4.75');
INSERT INTO DIEMMH VALUES ('86306611400', 'TOAN', '2324HK1', '8.0', '1.5', '4.75');
INSERT INTO DIEMMH VALUES ('86306243714', 'TOAN', '2324HK1', '3.0', '5.5', '4.25');
INSERT INTO DIEMMH VALUES ('86207714615', 'TOAN', '2324HK1', '8.5', '3.0', '5.75');
INSERT INTO DIEMMH VALUES ('86207808567', 'TOAN', '2324HK1', '6.5', '6.0', '6.25');
INSERT INTO DIEMMH VALUES ('86207798830', 'TOAN', '2324HK1', '4.0', '9.5', '6.75');
INSERT INTO DIEMMH VALUES ('86207469296', 'TOAN', '2324HK1', '10.0', '9.5', '9.75');
INSERT INTO DIEMMH VALUES ('86207549383', 'TOAN', '2324HK1', '1.5', '5.5', '3.5');
INSERT INTO DIEMMH VALUES ('86207262287', 'TOAN', '2324HK1', '4.0', '7.0', '5.5');
INSERT INTO DIEMMH VALUES ('86207744359', 'TOAN', '2324HK1', '2.0', '5.0', '3.5');
INSERT INTO DIEMMH VALUES ('86207842928', 'TOAN', '2324HK1', '9.5', '5.0', '7.25');
INSERT INTO DIEMMH VALUES ('86207986423', 'TOAN', '2324HK1', '3.5', '2.0', '2.75');
INSERT INTO DIEMMH VALUES ('86207460141', 'TOAN', '2324HK1', '10.0', '4.0', '7.0');
INSERT INTO DIEMMH VALUES ('86207710908', 'TOAN', '2324HK1', '5.0', '9.5', '7.25');
INSERT INTO DIEMMH VALUES ('86207667685', 'TOAN', '2324HK1', '5.0', '8.5', '6.75');
INSERT INTO DIEMMH VALUES ('86207888797', 'TOAN', '2324HK1', '6.5', '9.0', '7.75');
INSERT INTO DIEMMH VALUES ('86307189962', 'TOAN', '2324HK1', '7.5', '3.5', '5.5');
INSERT INTO DIEMMH VALUES ('86307055318', 'TOAN', '2324HK1', '2.0', '5.0', '3.5');
INSERT INTO DIEMMH VALUES ('86307175465', 'TOAN', '2324HK1', '10.0', '2.5', '6.25');
INSERT INTO DIEMMH VALUES ('86307943802', 'TOAN', '2324HK1', '5.5', '4.5', '5.0');
INSERT INTO DIEMMH VALUES ('86307327096', 'TOAN', '2324HK1', '4.5', '8.5', '6.5');
INSERT INTO DIEMMH VALUES ('86307458710', 'TOAN', '2324HK1', '4.5', '3.0', '3.75');
INSERT INTO DIEMMH VALUES ('86307315674', 'TOAN', '2324HK1', '1.5', '2.5', '2.0');
INSERT INTO DIEMMH VALUES ('86308154045', 'TOAN', '2324HK1', '4.0', '6.0', '5.0');
INSERT INTO DIEMMH VALUES ('86308694168', 'TOAN', '2324HK1', '2.5', '6.0', '4.25');
INSERT INTO DIEMMH VALUES ('86308882910', 'TOAN', '2324HK1', '8.5', '2.5', '5.5');
INSERT INTO DIEMMH VALUES ('86308841669', 'TOAN', '2324HK1', '5.0', '2.0', '3.5');
INSERT INTO DIEMMH VALUES ('86308892941', 'TOAN', '2324HK1', '6.5', '3.5', '5.0');
INSERT INTO DIEMMH VALUES ('86308285182', 'TOAN', '2324HK1', '9.0', '3.5', '6.25');
INSERT INTO DIEMMH VALUES ('86308761181', 'TOAN', '2324HK1', '6.5', '9.0', '7.75');
INSERT INTO DIEMMH VALUES ('86308420067', 'TOAN', '2324HK1', '10.0', '7.5', '8.75');
INSERT INTO DIEMMH VALUES ('86308125527', 'TOAN', '2324HK1', '7.0', '8.5', '7.75');
INSERT INTO DIEMMH VALUES ('86308439091', 'TOAN', '2324HK1', '7.0', '7.0', '7.0');
INSERT INTO DIEMMH VALUES ('86308027689', 'TOAN', '2324HK1', '9.0', '3.0', '6.0');
INSERT INTO DIEMMH VALUES ('86308633597', 'TOAN', '2324HK1', '6.0', '2.5', '4.25');
INSERT INTO DIEMMH VALUES ('86308336793', 'TOAN', '2324HK1', '10.0', '8.0', '9.0');
INSERT INTO DIEMMH VALUES ('86308795923', 'TOAN', '2324HK1', '6.0', '2.0', '4.0');
INSERT INTO DIEMMH VALUES ('86308020913', 'TOAN', '2324HK1', '2.0', '1.5', '1.75');
INSERT INTO DIEMMH VALUES ('86308051473', 'TOAN', '2324HK1', '2.5', '9.5', '6.0');
INSERT INTO DIEMMH VALUES ('86308256497', 'TOAN', '2324HK1', '6.5', '7.0', '6.75');
INSERT INTO DIEMMH VALUES ('86308834663', 'TOAN', '2324HK1', '7.0', '7.0', '7.0');
INSERT INTO DIEMMH VALUES ('86308512825', 'TOAN', '2324HK1', '5.0', '4.0', '4.5');
INSERT INTO DIEMMH VALUES ('86308563965', 'TOAN', '2324HK1', '3.0', '6.5', '4.75');
INSERT INTO GIAOVIEN VALUES ('GVHN01', N'Nguyễn Văn Chính', '1976-06-10', '1', 'Trung An', '334528334', 'chinhnv@c3hieunhon.com', '2003-05-06', 'THPTHN', 'DH', 'CMTN');
INSERT INTO GIAOVIEN VALUES ('GVHN02', N'Trần Thị Lan', '1985-05-15', '0', N'Hiếu Nhơn', '356123456', 'lanttl@c3hieunhon.com', '2006-08-23', 'THPTHN', 'DH', 'CMTN');
INSERT INTO GIAOVIEN VALUES ('GVHN03', N'Phạm Văn Đức', '1980-09-25', '1', N'Bình Minh', '389765432', 'ducpv@c3hieunhon.com', '2005-08-07', 'THPTHN', 'CD', 'CMXH');
INSERT INTO GIAOVIEN VALUES ('GVHN04', N'Lê Thị An', '1978-10-12', '0', N'Tân Bình', '398765432', 'anlt@c3hieunhon.com', '2003-08-04', 'THPTHN', 'DH', 'CMTN');
INSERT INTO GIAOVIEN VALUES ('GVHN05', N'Trần Văn Nam', '1982-03-20', '1', N'Trà Vinh', '334123456', 'namtvn@c3hieunhon.com', '2008-05-30', 'THPTHN', 'DH', 'CMXH');
INSERT INTO GIAOVIEN VALUES ('GVHN06', N'Hồ Thị Thanh', '1987-07-05', '0', N'Cần Thơ', '345789012', 'thanhht@c3hieunhon.com', '2010-12-03', 'THPTHN', 'DH', 'CMTN');
INSERT INTO GIAOVIEN VALUES ('GVHN07', N'Bùi Văn Tuấn', '1975-11-11', '1', N'Hồ Chí Minh', '367123456', 'tuantbv@c3hieunhon.com', '2007-07-09', 'THPTHN', 'CD', 'CMTN');
INSERT INTO GIAOVIEN VALUES ('GVHN08', N'Lê Văn Hải', '1984-02-14', '1', N'Đồng Tháp', '389567123', 'hailv@c3hieunhon.com', '2010-10-23', 'THPTHN', 'DH', 'CMXH');
INSERT INTO GIAOVIEN VALUES ('GVHN09', N'Nguyễn Thị Hương', '1989-08-30', '0', N'Bạc Liêu', '378654321', 'huongnt@c3hieunhon.com', '2005-06-14', 'THPTHN', 'DH', 'CMXH');
INSERT INTO GIAOVIEN VALUES ('GVHN10', N'Phạm Văn Hùng', '1983-04-07', '1', N'Vũng Liêm', '356789123', 'hungpv@c3hieunhon.com', '2004-04-07', 'THPTHN', 'DH', 'CMXH');
INSERT INTO GVCN VALUES ('GVHN01', '10A6', '2324HK1');
INSERT INTO GVCN VALUES ('GVHN02', '11A2', '2324HK1');
INSERT INTO GVCN VALUES ('GVHN03', '12A2', '2324HK1');
INSERT INTO PHANCONGGVBM VALUES ('10A6', 'TOAN', '2324HK1', 'GVHN04');
INSERT INTO PHANCONGGVBM VALUES ('11A2', 'TOAN', '2324HK1', 'GVHN06');
INSERT INTO PHANCONGGVBM VALUES ('12A5', 'TOAN', '2324HK1', 'GVHN07');
INSERT INTO HOCBA VALUES ('86206450103', '2324HK1', '5.75', N'Tốt', N'Trung bình');
INSERT INTO HOCBA VALUES ('86306232227', '2324HK1', '7.5', N'Tốt', N'Khá');
INSERT INTO HOCBA VALUES ('86306963119', '2324HK1', '10.0', N'Tốt', N'Giỏi');
INSERT INTO HOCBA VALUES ('86306498519', '2324HK1', '6.75', N'Tốt', N'Khá');
INSERT INTO HOCBA VALUES ('86306213972', '2324HK1', '1.75', N'Tốt', N'Yếu');
INSERT INTO HOCBA VALUES ('86306691533', '2324HK1', '1.75', N'Tốt', N'Yếu');
INSERT INTO HOCBA VALUES ('86306272695', '2324HK1', '4.25', N'Tốt', N'Yếu');
INSERT INTO HOCBA VALUES ('86306851907', '2324HK1', '4.0', N'Tốt', N'Yếu');
INSERT INTO HOCBA VALUES ('86306522722', '2324HK1', '4.75', N'Tốt', N'Yếu');
INSERT INTO HOCBA VALUES ('86306156242', '2324HK1', '3.0', N'Tốt', N'Yếu');
INSERT INTO HOCBA VALUES ('86306011719', '2324HK1', '7.0', N'Tốt', N'Khá');
INSERT INTO HOCBA VALUES ('86306719390', '2324HK1', '5.75', N'Tốt', N'Trung bình');
INSERT INTO HOCBA VALUES ('86206777887', '2324HK1', '6.75', N'Tốt', N'Khá');
INSERT INTO HOCBA VALUES ('86206713693', '2324HK1', '4.5', N'Tốt', N'Yếu');
INSERT INTO HOCBA VALUES ('86206080565', '2324HK1', '6.75', N'Tốt', N'Khá');
INSERT INTO HOCBA VALUES ('86206278242', '2324HK1', '7.75', N'Tốt', N'Khá');
INSERT INTO HOCBA VALUES ('86206652945', '2324HK1', '5.25', N'Tốt', N'Trung bình');
INSERT INTO HOCBA VALUES ('86306904787', '2324HK1', '4.75', N'Tốt', N'Yếu');
INSERT INTO HOCBA VALUES ('86306611400', '2324HK1', '4.75', N'Tốt', N'Yếu');
INSERT INTO HOCBA VALUES ('86306243714', '2324HK1', '4.25', N'Tốt', N'Yếu');
INSERT INTO HOCBA VALUES ('86207714615', '2324HK1', '5.75', N'Tốt', N'Trung bình');
INSERT INTO HOCBA VALUES ('86207808567', '2324HK1', '6.25', N'Tốt', N'Trung bình');
INSERT INTO HOCBA VALUES ('86207798830', '2324HK1', '6.75', N'Tốt', N'Khá');
INSERT INTO HOCBA VALUES ('86207469296', '2324HK1', '9.75', N'Tốt', N'Giỏi');
INSERT INTO HOCBA VALUES ('86207549383', '2324HK1', '3.5', N'Tốt', N'Yếu');
INSERT INTO HOCBA VALUES ('86207262287', '2324HK1', '5.5', N'Tốt', N'Trung bình');
INSERT INTO HOCBA VALUES ('86207744359', '2324HK1', '3.5', N'Tốt', N'Yếu');
INSERT INTO HOCBA VALUES ('86207842928', '2324HK1', '7.25', N'Tốt', N'Khá');
INSERT INTO HOCBA VALUES ('86207986423', '2324HK1', '2.75', N'Tốt', N'Yếu');
INSERT INTO HOCBA VALUES ('86207460141', '2324HK1', '7.0', N'Tốt', N'Khá');
INSERT INTO HOCBA VALUES ('86207710908', '2324HK1', '7.25', N'Tốt', N'Khá');
INSERT INTO HOCBA VALUES ('86207667685', '2324HK1', '6.75', N'Tốt', N'Khá');
INSERT INTO HOCBA VALUES ('86207888797', '2324HK1', '7.75', N'Tốt', N'Khá');
INSERT INTO HOCBA VALUES ('86307189962', '2324HK1', '5.5', N'Tốt', N'Trung bình');
INSERT INTO HOCBA VALUES ('86307055318', '2324HK1', '3.5', N'Tốt', N'Yếu');
INSERT INTO HOCBA VALUES ('86307175465', '2324HK1', '6.25', N'Tốt', N'Trung bình');
INSERT INTO HOCBA VALUES ('86307943802', '2324HK1', '5.0', N'Tốt', N'Trung bình');
INSERT INTO HOCBA VALUES ('86307327096', '2324HK1', '6.5', N'Tốt', N'Khá');
INSERT INTO HOCBA VALUES ('86307458710', '2324HK1', '3.75', N'Tốt', N'Yếu');
INSERT INTO HOCBA VALUES ('86307315674', '2324HK1', '2.0', N'Tốt', N'Yếu');
INSERT INTO HOCBA VALUES ('86308154045', '2324HK1', '5.0', N'Tốt', N'Trung bình');
INSERT INTO HOCBA VALUES ('86308694168', '2324HK1', '4.25', N'Tốt', N'Yếu');
INSERT INTO HOCBA VALUES ('86308882910', '2324HK1', '5.5', N'Tốt', N'Trung bình');
INSERT INTO HOCBA VALUES ('86308841669', '2324HK1', '3.5', N'Tốt', N'Yếu');
INSERT INTO HOCBA VALUES ('86308892941', '2324HK1', '5.0', N'Tốt', N'Trung bình');
INSERT INTO HOCBA VALUES ('86308285182', '2324HK1', '6.25', N'Tốt', N'Trung bình');
INSERT INTO HOCBA VALUES ('86308761181', '2324HK1', '7.75', N'Tốt', N'Khá');
INSERT INTO HOCBA VALUES ('86308420067', '2324HK1', '8.75', N'Tốt', N'Giỏi');
INSERT INTO HOCBA VALUES ('86308125527', '2324HK1', '7.75', N'Tốt', N'Khá');
INSERT INTO HOCBA VALUES ('86308439091', '2324HK1', '7.0', N'Tốt', N'Khá');
INSERT INTO HOCBA VALUES ('86308027689', '2324HK1', '6.0', N'Tốt', N'Trung bình');
INSERT INTO HOCBA VALUES ('86308633597', '2324HK1', '4.25', N'Tốt', N'Yếu');
INSERT INTO HOCBA VALUES ('86308336793', '2324HK1', '9.0', N'Tốt', N'Giỏi');
INSERT INTO HOCBA VALUES ('86308795923', '2324HK1', '4.0', N'Tốt', N'Yếu');
INSERT INTO HOCBA VALUES ('86308020913', '2324HK1', '1.75', N'Tốt', N'Yếu');
INSERT INTO HOCBA VALUES ('86308051473', '2324HK1', '6.0', N'Tốt', N'Trung bình');
INSERT INTO HOCBA VALUES ('86308256497', '2324HK1', '6.75', N'Tốt', N'Khá');
INSERT INTO HOCBA VALUES ('86308834663', '2324HK1', '7.0', N'Tốt', N'Khá');
INSERT INTO HOCBA VALUES ('86308512825', '2324HK1', '4.5', N'Tốt', N'Yếu');
INSERT INTO HOCBA VALUES ('86308563965', '2324HK1', '4.75', N'Tốt', N'Yếu');
INSERT INTO LOAIKHENTHUONG VALUES ('HSG', N'Học sinh giỏi');
INSERT INTO LOAIKHENTHUONG VALUES ('HSK', N'Học sinh tiên tiến');
INSERT INTO LOAIKHENTHUONG VALUES ('HST', N'Giải thưởng cấp tỉnh');
INSERT INTO LOAIKHENTHUONG VALUES ('HSH', N'Giải thưởn cấp huyện');
INSERT INTO HSKHENTHUONG VALUES ('HST', '86206450103', '2324HK1', N'Bằng khen');
INSERT INTO HSKHENTHUONG VALUES ('HST', '86306232227', '2324HK1', N'Bằng khen');
INSERT INTO HSKHENTHUONG VALUES ('HSH', '86308027689', '2324HK1', N'Bằng khen');
INSERT INTO HSKHENTHUONG VALUES ('HST', '86308633597', '2324HK1', N'Bằng khen');
INSERT INTO KQCN VALUES ('86206450103', '10A6', '2023', '5.75', N'Cần tiến bộ', NULL);
INSERT INTO KQCN VALUES ('86306232227', '10A6', '2023', '7.5', N'Cố tiến bộ', N'Bằng khen loại tiên tiến');
INSERT INTO KQCN VALUES ('86306963119', '10A6', '2023', '10.0', N'Cố gắng phát huy', N'Bằng khen loại giỏi');
INSERT INTO KQCN VALUES ('86306498519', '10A6', '2023', '6.75', N'Cố tiến bộ', N'Bằng khen loại tiên tiến');
INSERT INTO KQCN VALUES ('86306213972', '10A6', '2023', '1.75', N'Cần rèn luyện nhiều thêm', NULL);
INSERT INTO KQCN VALUES ('86306691533', '10A6', '2023', '1.75', N'Cần rèn luyện nhiều thêm', NULL);
INSERT INTO KQCN VALUES ('86306272695', '10A6', '2023', '4.25', N'Cần rèn luyện nhiều thêm', NULL);
INSERT INTO KQCN VALUES ('86306851907', '10A6', '2023', '4.0', N'Cần rèn luyện nhiều thêm', NULL);
INSERT INTO KQCN VALUES ('86306522722', '10A6', '2023', '4.75', N'Cần rèn luyện nhiều thêm', NULL);
INSERT INTO KQCN VALUES ('86306156242', '10A6', '2023', '3.0', N'Cần rèn luyện nhiều thêm', NULL);
INSERT INTO KQCN VALUES ('86306011719', '10A6', '2023', '7.0', N'Cố tiến bộ', N'Bằng khen loại tiên tiến');
INSERT INTO KQCN VALUES ('86306719390', '10A6', '2023', '5.75', N'Cần tiến bộ', NULL);
INSERT INTO KQCN VALUES ('86206777887', '10A6', '2023', '6.75', N'Cố tiến bộ', N'Bằng khen loại tiên tiến');
INSERT INTO KQCN VALUES ('86206713693', '10A6', '2023', '4.5', N'Cần rèn luyện nhiều thêm', NULL);
INSERT INTO KQCN VALUES ('86206080565', '10A6', '2023', '6.75', N'Cố tiến bộ', N'Bằng khen loại tiên tiến');
INSERT INTO KQCN VALUES ('86206278242', '10A6', '2023', '7.75', N'Cố tiến bộ', N'Bằng khen loại tiên tiến');
INSERT INTO KQCN VALUES ('86206652945', '10A6', '2023', '5.25', N'Cần tiến bộ', NULL);
INSERT INTO KQCN VALUES ('86306904787', '10A6', '2023', '4.75', N'Cần rèn luyện nhiều thêm', NULL);
INSERT INTO KQCN VALUES ('86306611400', '10A6', '2023', '4.75', N'Cần rèn luyện nhiều thêm', NULL);
INSERT INTO KQCN VALUES ('86306243714', '10A6', '2023', '4.25', N'Cần rèn luyện nhiều thêm', NULL);
INSERT INTO KQCN VALUES ('86207714615', '11A2', '2023', '5.75', N'Cần tiến bộ', NULL);
INSERT INTO KQCN VALUES ('86207808567', '11A2', '2023', '6.25', N'Cần tiến bộ', NULL);
INSERT INTO KQCN VALUES ('86207798830', '11A2', '2023', '6.75', N'Cố tiến bộ', N'Bằng khen loại tiên tiến');
INSERT INTO KQCN VALUES ('86207469296', '11A2', '2023', '9.75', N'Cố gắng phát huy', N'Bằng khen loại giỏi');
INSERT INTO KQCN VALUES ('86207549383', '11A2', '2023', '3.5', N'Cần rèn luyện nhiều thêm', NULL);
INSERT INTO KQCN VALUES ('86207262287', '11A2', '2023', '5.5', N'Cần tiến bộ', NULL);
INSERT INTO KQCN VALUES ('86207744359', '11A2', '2023', '3.5', N'Cần rèn luyện nhiều thêm', NULL);
INSERT INTO KQCN VALUES ('86207842928', '11A2', '2023', '7.25', N'Cố tiến bộ', N'Bằng khen loại tiên tiến');
INSERT INTO KQCN VALUES ('86207986423', '11A2', '2023', '2.75', N'Cần rèn luyện nhiều thêm', NULL);
INSERT INTO KQCN VALUES ('86207460141', '11A2', '2023', '7.0', N'Cố tiến bộ', N'Bằng khen loại tiên tiến');
INSERT INTO KQCN VALUES ('86207710908', '11A2', '2023', '7.25', N'Cố tiến bộ', N'Bằng khen loại tiên tiến');
INSERT INTO KQCN VALUES ('86207667685', '11A2', '2023', '6.75', N'Cố tiến bộ', N'Bằng khen loại tiên tiến');
INSERT INTO KQCN VALUES ('86207888797', '11A2', '2023', '7.75', N'Cố tiến bộ', N'Bằng khen loại tiên tiến');
INSERT INTO KQCN VALUES ('86307189962', '11A2', '2023', '5.5', N'Cần tiến bộ', NULL);
INSERT INTO KQCN VALUES ('86307055318', '11A2', '2023', '3.5', N'Cần rèn luyện nhiều thêm', NULL);
INSERT INTO KQCN VALUES ('86307175465', '11A2', '2023', '6.25', N'Cần tiến bộ', NULL);
INSERT INTO KQCN VALUES ('86307943802', '11A2', '2023', '5.0', N'Cần tiến bộ', NULL);
INSERT INTO KQCN VALUES ('86307327096', '11A2', '2023', '6.5', N'Cố tiến bộ', N'Bằng khen loại tiên tiến');
INSERT INTO KQCN VALUES ('86307458710', '11A2', '2023', '3.75', N'Cần rèn luyện nhiều thêm', NULL);
INSERT INTO KQCN VALUES ('86307315674', '11A2', '2023', '2.0', N'Cần rèn luyện nhiều thêm', NULL);
INSERT INTO KQCN VALUES ('86308154045', '12A2', '2023', '5.0', N'Cần tiến bộ', NULL);
INSERT INTO KQCN VALUES ('86308694168', '12A2', '2023', '4.25', N'Cần rèn luyện nhiều thêm', NULL);
INSERT INTO KQCN VALUES ('86308882910', '12A2', '2023', '5.5', N'Cần tiến bộ', NULL);
INSERT INTO KQCN VALUES ('86308841669', '12A2', '2023', '3.5', N'Cần rèn luyện nhiều thêm', NULL);
INSERT INTO KQCN VALUES ('86308892941', '12A2', '2023', '5.0', N'Cần tiến bộ', NULL);
INSERT INTO KQCN VALUES ('86308285182', '12A2', '2023', '6.25', N'Cần tiến bộ', NULL);
INSERT INTO KQCN VALUES ('86308761181', '12A2', '2023', '7.75', N'Cố tiến bộ', N'Bằng khen loại tiên tiến');
INSERT INTO KQCN VALUES ('86308420067', '12A2', '2023', '8.75', N'Cố gắng phát huy', N'Bằng khen loại giỏi');
INSERT INTO KQCN VALUES ('86308125527', '12A2', '2023', '7.75', N'Cố tiến bộ', N'Bằng khen loại tiên tiến');
INSERT INTO KQCN VALUES ('86308439091', '12A2', '2023', '7.0', N'Cố tiến bộ', N'Bằng khen loại tiên tiến');
INSERT INTO KQCN VALUES ('86308027689', '12A2', '2023', '6.0', N'Cần tiến bộ', NULL);
INSERT INTO KQCN VALUES ('86308633597', '12A2', '2023', '4.25', N'Cần rèn luyện nhiều thêm', NULL);
INSERT INTO KQCN VALUES ('86308336793', '12A2', '2023', '9.0', N'Cố gắng phát huy', N'Bằng khen loại giỏi');
INSERT INTO KQCN VALUES ('86308795923', '12A2', '2023', '4.0', N'Cần rèn luyện nhiều thêm', NULL);
INSERT INTO KQCN VALUES ('86308020913', '12A2', '2023', '1.75', N'Cần rèn luyện nhiều thêm', NULL);
INSERT INTO KQCN VALUES ('86308051473', '12A2', '2023', '6.0', N'Cần tiến bộ', NULL);
INSERT INTO KQCN VALUES ('86308256497', '12A2', '2023', '6.75', N'Cố tiến bộ', N'Bằng khen loại tiên tiến');
INSERT INTO KQCN VALUES ('86308834663', '12A2', '2023', '7.0', N'Cố tiến bộ', N'Bằng khen loại tiên tiến');
INSERT INTO KQCN VALUES ('86308512825', '12A2', '2023', '4.5', N'Cần rèn luyện nhiều thêm', NULL);
INSERT INTO KQCN VALUES ('86308563965', '12A2', '2023', '4.75', N'Cần rèn luyện nhiều thêm', NULL);
INSERT INTO KQHTMHHK VALUES ('86206450103', '10A6', '2324HK1', 'TOAN', '9.5', '2.0', '5.75', N'Cần tiến bộ', NULL);
INSERT INTO KQHTMHHK VALUES ('86306232227', '10A6', '2324HK1', 'TOAN', '6.5', '8.5', '7.5', N'Cố tiến bộ', N'Bằng khen loại tiên tiến');
INSERT INTO KQHTMHHK VALUES ('86306963119', '10A6', '2324HK1', 'TOAN', '10.0', '10.0', '10.0', N'Cố gắng phát huy', N'Bằng khen loại giỏi');
INSERT INTO KQHTMHHK VALUES ('86306498519', '10A6', '2324HK1', 'TOAN', '8.5', '5.0', '6.75', N'Cố tiến bộ', N'Bằng khen loại tiên tiến');
INSERT INTO KQHTMHHK VALUES ('86306213972', '10A6', '2324HK1', 'TOAN', '1.5', '2.0', '1.75', N'Cần rèn luyện nhiều thêm', NULL);
INSERT INTO KQHTMHHK VALUES ('86306691533', '10A6', '2324HK1', 'TOAN', '1.5', '2.0', '1.75', N'Cần rèn luyện nhiều thêm', NULL);
INSERT INTO KQHTMHHK VALUES ('86306272695', '10A6', '2324HK1', 'TOAN', '6.5', '2.0', '4.25', N'Cần rèn luyện nhiều thêm', NULL);
INSERT INTO KQHTMHHK VALUES ('86306851907', '10A6', '2324HK1', 'TOAN', '2.0', '6.0', '4.0', N'Cần rèn luyện nhiều thêm', NULL);
INSERT INTO KQHTMHHK VALUES ('86306522722', '10A6', '2324HK1', 'TOAN', '6.0', '3.5', '4.75', N'Cần rèn luyện nhiều thêm', NULL);
INSERT INTO KQHTMHHK VALUES ('86306156242', '10A6', '2324HK1', 'TOAN', '2.5', '3.5', '3.0', N'Cần rèn luyện nhiều thêm', NULL);
INSERT INTO KQHTMHHK VALUES ('86306011719', '10A6', '2324HK1', 'TOAN', '9.0', '5.0', '7.0', N'Cố tiến bộ', N'Bằng khen loại tiên tiến');
INSERT INTO KQHTMHHK VALUES ('86306719390', '10A6', '2324HK1', 'TOAN', '8.0', '3.5', '5.75', N'Cần tiến bộ', NULL);
INSERT INTO KQHTMHHK VALUES ('86206777887', '10A6', '2324HK1', 'TOAN', '8.5', '5.0', '6.75', N'Cố tiến bộ', N'Bằng khen loại tiên tiến');
INSERT INTO KQHTMHHK VALUES ('86206713693', '10A6', '2324HK1', 'TOAN', '4.0', '5.0', '4.5', N'Cần rèn luyện nhiều thêm', NULL);
INSERT INTO KQHTMHHK VALUES ('86206080565', '10A6', '2324HK1', 'TOAN', '4.0', '9.5', '6.75', N'Cố tiến bộ', N'Bằng khen loại tiên tiến');
INSERT INTO KQHTMHHK VALUES ('86206278242', '10A6', '2324HK1', 'TOAN', '9.0', '6.5', '7.75', N'Cố tiến bộ', N'Bằng khen loại tiên tiến');
INSERT INTO KQHTMHHK VALUES ('86206652945', '10A6', '2324HK1', 'TOAN', '4.5', '6.0', '5.25', N'Cần tiến bộ', NULL);
INSERT INTO KQHTMHHK VALUES ('86306904787', '10A6', '2324HK1', 'TOAN', '2.0', '7.5', '4.75', N'Cần rèn luyện nhiều thêm', NULL);
INSERT INTO KQHTMHHK VALUES ('86306611400', '10A6', '2324HK1', 'TOAN', '8.0', '1.5', '4.75', N'Cần rèn luyện nhiều thêm', NULL);
INSERT INTO KQHTMHHK VALUES ('86306243714', '10A6', '2324HK1', 'TOAN', '3.0', '5.5', '4.25', N'Cần rèn luyện nhiều thêm', NULL);
INSERT INTO KQHTMHHK VALUES ('86207714615', '11A2', '2324HK1', 'TOAN', '8.5', '3.0', '5.75', N'Cần tiến bộ', NULL);
INSERT INTO KQHTMHHK VALUES ('86207808567', '11A2', '2324HK1', 'TOAN', '6.5', '6.0', '6.25', N'Cần tiến bộ', NULL);
INSERT INTO KQHTMHHK VALUES ('86207798830', '11A2', '2324HK1', 'TOAN', '4.0', '9.5', '6.75', N'Cố tiến bộ', N'Bằng khen loại tiên tiến');
INSERT INTO KQHTMHHK VALUES ('86207469296', '11A2', '2324HK1', 'TOAN', '10.0', '9.5', '9.75', N'Cố gắng phát huy', N'Bằng khen loại giỏi');
INSERT INTO KQHTMHHK VALUES ('86207549383', '11A2', '2324HK1', 'TOAN', '1.5', '5.5', '3.5', N'Cần rèn luyện nhiều thêm', NULL);
INSERT INTO KQHTMHHK VALUES ('86207262287', '11A2', '2324HK1', 'TOAN', '4.0', '7.0', '5.5', N'Cần tiến bộ', NULL);
INSERT INTO KQHTMHHK VALUES ('86207744359', '11A2', '2324HK1', 'TOAN', '2.0', '5.0', '3.5', N'Cần rèn luyện nhiều thêm', NULL);
INSERT INTO KQHTMHHK VALUES ('86207842928', '11A2', '2324HK1', 'TOAN', '9.5', '5.0', '7.25', N'Cố tiến bộ', N'Bằng khen loại tiên tiến');
INSERT INTO KQHTMHHK VALUES ('86207986423', '11A2', '2324HK1', 'TOAN', '3.5', '2.0', '2.75', N'Cần rèn luyện nhiều thêm', NULL);
INSERT INTO KQHTMHHK VALUES ('86207460141', '11A2', '2324HK1', 'TOAN', '10.0', '4.0', '7.0', N'Cố tiến bộ', N'Bằng khen loại tiên tiến');
INSERT INTO KQHTMHHK VALUES ('86207710908', '11A2', '2324HK1', 'TOAN', '5.0', '9.5', '7.25', N'Cố tiến bộ', N'Bằng khen loại tiên tiến');
INSERT INTO KQHTMHHK VALUES ('86207667685', '11A2', '2324HK1', 'TOAN', '5.0', '8.5', '6.75', N'Cố tiến bộ', N'Bằng khen loại tiên tiến');
INSERT INTO KQHTMHHK VALUES ('86207888797', '11A2', '2324HK1', 'TOAN', '6.5', '9.0', '7.75', N'Cố tiến bộ', N'Bằng khen loại tiên tiến');
INSERT INTO KQHTMHHK VALUES ('86307189962', '11A2', '2324HK1', 'TOAN', '7.5', '3.5', '5.5', N'Cần tiến bộ', NULL);
INSERT INTO KQHTMHHK VALUES ('86307055318', '11A2', '2324HK1', 'TOAN', '2.0', '5.0', '3.5', N'Cần rèn luyện nhiều thêm', NULL);
INSERT INTO KQHTMHHK VALUES ('86307175465', '11A2', '2324HK1', 'TOAN', '10.0', '2.5', '6.25', N'Cần tiến bộ', NULL);
INSERT INTO KQHTMHHK VALUES ('86307943802', '11A2', '2324HK1', 'TOAN', '5.5', '4.5', '5.0', N'Cần tiến bộ', NULL);
INSERT INTO KQHTMHHK VALUES ('86307327096', '11A2', '2324HK1', 'TOAN', '4.5', '8.5', '6.5', N'Cố tiến bộ', N'Bằng khen loại tiên tiến');
INSERT INTO KQHTMHHK VALUES ('86307458710', '11A2', '2324HK1', 'TOAN', '4.5', '3.0', '3.75', N'Cần rèn luyện nhiều thêm', NULL);
INSERT INTO KQHTMHHK VALUES ('86307315674', '11A2', '2324HK1', 'TOAN', '1.5', '2.5', '2.0', N'Cần rèn luyện nhiều thêm', NULL);
INSERT INTO KQHTMHHK VALUES ('86308154045', '12A2', '2324HK1', 'TOAN', '4.0', '6.0', '5.0', N'Cần tiến bộ', NULL);
INSERT INTO KQHTMHHK VALUES ('86308694168', '12A2', '2324HK1', 'TOAN', '2.5', '6.0', '4.25', N'Cần rèn luyện nhiều thêm', NULL);
INSERT INTO KQHTMHHK VALUES ('86308882910', '12A2', '2324HK1', 'TOAN', '8.5', '2.5', '5.5', N'Cần tiến bộ', NULL);
INSERT INTO KQHTMHHK VALUES ('86308841669', '12A2', '2324HK1', 'TOAN', '5.0', '2.0', '3.5', N'Cần rèn luyện nhiều thêm', NULL);
INSERT INTO KQHTMHHK VALUES ('86308892941', '12A2', '2324HK1', 'TOAN', '6.5', '3.5', '5.0', N'Cần tiến bộ', NULL);
INSERT INTO KQHTMHHK VALUES ('86308285182', '12A2', '2324HK1', 'TOAN', '9.0', '3.5', '6.25', N'Cần tiến bộ', NULL);
INSERT INTO KQHTMHHK VALUES ('86308761181', '12A2', '2324HK1', 'TOAN', '6.5', '9.0', '7.75', N'Cố tiến bộ', N'Bằng khen loại tiên tiến');
INSERT INTO KQHTMHHK VALUES ('86308420067', '12A2', '2324HK1', 'TOAN', '10.0', '7.5', '8.75', N'Cố gắng phát huy', N'Bằng khen loại giỏi');
INSERT INTO KQHTMHHK VALUES ('86308125527', '12A2', '2324HK1', 'TOAN', '7.0', '8.5', '7.75', N'Cố tiến bộ', N'Bằng khen loại tiên tiến');
INSERT INTO KQHTMHHK VALUES ('86308439091', '12A2', '2324HK1', 'TOAN', '7.0', '7.0', '7.0', N'Cố tiến bộ', N'Bằng khen loại tiên tiến');
INSERT INTO KQHTMHHK VALUES ('86308027689', '12A2', '2324HK1', 'TOAN', '9.0', '3.0', '6.0', N'Cần tiến bộ', NULL);
INSERT INTO KQHTMHHK VALUES ('86308633597', '12A2', '2324HK1', 'TOAN', '6.0', '2.5', '4.25', N'Cần rèn luyện nhiều thêm', NULL);
INSERT INTO KQHTMHHK VALUES ('86308336793', '12A2', '2324HK1', 'TOAN', '10.0', '8.0', '9.0', N'Cố gắng phát huy', N'Bằng khen loại giỏi');
INSERT INTO KQHTMHHK VALUES ('86308795923', '12A2', '2324HK1', 'TOAN', '6.0', '2.0', '4.0', N'Cần rèn luyện nhiều thêm', NULL);
INSERT INTO KQHTMHHK VALUES ('86308020913', '12A2', '2324HK1', 'TOAN', '2.0', '1.5', '1.75', N'Cần rèn luyện nhiều thêm', NULL);
INSERT INTO KQHTMHHK VALUES ('86308051473', '12A2', '2324HK1', 'TOAN', '2.5', '9.5', '6.0', N'Cần tiến bộ', NULL);
INSERT INTO KQHTMHHK VALUES ('86308256497', '12A2', '2324HK1', 'TOAN', '6.5', '7.0', '6.75', N'Cố tiến bộ', N'Bằng khen loại tiên tiến');
INSERT INTO KQHTMHHK VALUES ('86308834663', '12A2', '2324HK1', 'TOAN', '7.0', '7.0', '7.0', N'Cố tiến bộ', N'Bằng khen loại tiên tiến');
INSERT INTO KQHTMHHK VALUES ('86308512825', '12A2', '2324HK1', 'TOAN', '5.0', '4.0', '4.5', N'Cần rèn luyện nhiều thêm', NULL);
INSERT INTO KQHTMHHK VALUES ('86308563965', '12A2', '2324HK1', 'TOAN', '3.0', '6.5', '4.75', N'Cần rèn luyện nhiều thêm', NULL);
 


